;TPLName;Familia;Alpine;Seed.mass;Dormancy;Species;Genus;Family
1;Acaena pinnatifida;Rosaceae;Generalist;8.9;PD;;;0.90
2;Achillea atrata;Compositae;Strict;NA;PD;;1.00;1.00
3;Achillea clavennae;Compositae;Strict;0.449;NA;;1.00;1.00
4;Achillea erba-rotta;Compositae;Strict;0.274;NA;;1.00;1.00
5;Achillea nana;Compositae;Strict;NA;NA;;1.00;1.00
6;Aciphylla glacialis;Apiaceae;Strict;5.899;NA;0.05;0.05;0.06
7;Aciphylla simplicifolia;Apiaceae;Generalist;5.006;NA;0.04;0.05;0.06
8;Aconitum brunneum;Ranunculaceae;Strict;NA;MPD;;0.05;0.04
9;Aconitum bucovinense;Ranunculaceae;NA;NA;NA;;0.05;0.04
10;Aconitum firmum;Ranunculaceae;NA;NA;NA;;0.05;0.04
11;Aconitum lasiocarpum;Ranunculaceae;NA;NA;NA;;0.05;0.04
12;Aconitum lycoctonum;Ranunculaceae;NA;NA;MPD;;0.05;0.04
13;Aconitum nasutum;Ranunculaceae;NA;NA;NA;;0.05;0.04
14;Aconitum talassicum;Ranunculaceae;NA;NA;NA;;0.05;0.04
15;Aconitum tanguticum;Ranunculaceae;Strict;NA;MPD;;0.05;0.04
16;Acronema chinense;Apiaceae;Strict;NA;MPD;;;0.06
17;Adenophora himalayana;Campanulaceae;Generalist;NA;NA;;;0.22
18;Adenophora liliifolia;Campanulaceae;NA;NA;NA;;;0.22
19;Adenophora liliifolioides;Campanulaceae;Generalist;NA;PD;;;0.22
20;Adenostyles alliariae;Compositae;NA;NA;NA;;;1.00
21;Adesmia emarginata;Leguminosae;Generalist;NA;NA;;1.00;0.97
22;Adesmia longipes;Leguminosae;Strict;NA;NA;;1.00;0.97
23;Adesmia radicifolia;Leguminosae;Generalist;NA;NA;;1.00;0.97
24;Agropyron velutinum;Poaceae;Generalist;NA;NA;;;0.20
25;Agrostis alpina;Poaceae;Strict;NA;NA;;;0.20
26;Ajania fruticulosa;Compositae;Generalist;NA;NA;;;1.00
27;Ajania salicifolia;Compositae;Generalist;NA;ND;;;1.00
28;Ajania tenuifolia;Compositae;Generalist;NA;PD;;;1.00
29;Alchemilla acutiloba;Rosaceae;NA;NA;NA;;;0.90
30;Alchemilla alpina;Rosaceae;NA;NA;PD;;;0.90
31;Aletris glandulifera;Nartheciaceae;Strict;NA;NA;;;0.08
32;Allium chrysanthum;Amaryllidaceae;Generalist;NA;PD;;0.35;0.30
33;Allium chrysocephalum;Amaryllidaceae;Strict;NA;PD;;0.35;0.30
34;Allium cyaneum;Amaryllidaceae;Generalist;NA;PD;;0.35;0.30
35;Allium cyathophorum;Amaryllidaceae;Generalist;2.2608;NA;;0.35;0.30
36;Allium prattii;Amaryllidaceae;Generalist;NA;NA;;0.35;0.30
37;Allium przewalskianum;Amaryllidaceae;Generalist;NA;PD;;0.35;0.30
38;Allium rude;Amaryllidaceae;Generalist;NA;PD;;0.35;0.30
39;Allium sikkimense;Amaryllidaceae;Generalist;NA;PD;;0.35;0.30
40;Allium victorialis;Amaryllidaceae;Strict;3.9942;MPD;;0.35;0.30
41;Alopecurus vaginatus;Poaceae;NA;NA;NA;;0.10;0.20
42;Alstroemeria pallida;Alstroemeriaceae;Generalist;18.3;NA;;0.14;0.14
43;Alyssoides utriculata;Brassicaceae;NA;NA;NA;;;1.00
44;Amberboa glauca;Compositae;NA;NA;NA;;;1.00
45;Anaphalis flavescens;Compositae;Generalist;0.0444;PD;;;1.00
46;Anaphalis latialata;Compositae;Strict;NA;ND;;;1.00
47;Anaphalis nepalensis;Compositae;Generalist;NA;NA;;;1.00
48;Anarthrophyllum cumingii;Leguminosae;Generalist;NA;NA;;;0.97
49;Anarthrophyllum gayanum;Leguminosae;Strict;3.4;NA;;;0.97
50;Androsace chamaejasme;Primulaceae;Strict;0.5964;NA;;0.21;0.30
51;Androsace gmelinii;Primulaceae;Generalist;NA;NA;;0.21;0.30
52;Androsace obtusifolia;Primulaceae;Strict;0.4268;NA;;0.21;0.30
53;Androsace villosa;Primulaceae;Generalist;1.0782;NA;;0.21;0.30
54;Anemone alpina;Ranunculaceae;Strict;4.4944;MPD;;0.04;0.04
55;Anemone narcissiflora;Ranunculaceae;NA;NA;NA;;0.04;0.04
56;Anemone rivularis;Ranunculaceae;Generalist;8.3141;MPD;;0.04;0.04
57;Anemone vernalis;Ranunculaceae;Strict;1.8966;NA;;0.04;0.04
58;Anisodus tanguticus;Solanaceae;Generalist;NA;PD;;;0.47
59;Antennaria dioica;Compositae;Generalist;0.06;NA;;1.00;1.00
60;Anthoxanthum odoratum;Poaceae;Generalist;0.55;PD;0.05;0.05;0.20
61;Anthriscus sylvestris;Apiaceae;Generalist;3.81;MPD;0.02;0.07;0.06
62;Anthyllis vulneraria;Leguminosae;Generalist;3.48434;PY;0.98;0.98;0.97
63;Aquilegia atrata;Ranunculaceae;NA;NA;MPD;0.02;0.02;0.04
64;Arabis alpina;Brassicaceae;Generalist;0.4;NA;;1.00;1.00
65;Arabis caerulea;Brassicaceae;Strict;NA;NA;;1.00;1.00
66;Arenaria biflora;Caryophyllaceae;Strict;0.0872;NA;;0.61;0.66
67;Arenaria edgeworthiana;Caryophyllaceae;Strict;NA;NA;;0.61;0.66
68;Arenaria erinacea;Caryophyllaceae;Generalist;NA;NA;;0.61;0.66
69;Arenaria grandiflora;Caryophyllaceae;Generalist;0.5456;NA;;0.61;0.66
70;Arenaria kansuensis;Caryophyllaceae;Strict;NA;PD;;0.61;0.66
71;Arenaria norvegica;Caryophyllaceae;NA;NA;NA;;0.61;0.66
72;Arenaria purpurascens;Caryophyllaceae;Strict;NA;NA;;0.61;0.66
73;Aristida triseta;Poaceae;Generalist;NA;PD;;0.34;0.20
74;Armeria alpina;Plumbaginaceae;Strict;1.9264;NA;;;0.95
75;Armeria cantabrica;Plumbaginaceae;Strict;1.7292;NA;;;0.95
76;Arnica montana;Compositae;Generalist;1.28825;NA;;1.00;1.00
77;Artemisia desertorum;Compositae;Strict;NA;PD;;1.00;1.00
78;Artemisia genipi;Compositae;Strict;0.22;NA;;1.00;1.00
79;Artemisia glacialis;Compositae;Strict;NA;NA;;1.00;1.00
80;Artemisia gmelinii;Compositae;Generalist;0.064;ND;;1.00;1.00
81;Artemisia hedinii;Compositae;Generalist;NA;ND;;1.00;1.00
82;Artemisia umbelliformis;Compositae;Strict;0.2899;NA;;1.00;1.00
83;Aruncus dioicus;Rosaceae;NA;NA;PD;0.85;0.85;0.90
84;Asperugo procumbens;Boraginaceae;Generalist;NA;PD;;1.00;0.89
85;Astelia alpina;Asteliaceae;Strict;1.1258;NA;;0.11;0.11
86;Astelia psychrocharis;Asteliaceae;Strict;NA;NA;;0.11;0.11
87;Aster alpinus;Compositae;Generalist;0.9288;NA;;1.00;1.00
88;Aster amellus;Compositae;NA;NA;PD;;1.00;1.00
89;Aster diplostephioides;Compositae;Generalist;NA;ND;;1.00;1.00
90;Aster souliei;Compositae;Generalist;NA;PD;;1.00;1.00
91;Aster yunnanensis;Compositae;Generalist;NA;ND;;1.00;1.00
92;Astragalus australis;Leguminosae;NA;NA;NA;;0.98;0.97
93;Astragalus cyri;Leguminosae;NA;NA;NA;;0.98;0.97
94;Astragalus floridulus;Leguminosae;Generalist;NA;NA;;0.98;0.97
95;Astragalus mahoschanicus;Leguminosae;Generalist;NA;PY;;0.98;0.97
96;Astragalus penduliflorus;Leguminosae;NA;NA;NA;;0.98;0.97
97;Astragalus polycladus;Leguminosae;Generalist;NA;PY;;0.98;0.97
98;Astragalus przewalskii;Leguminosae;Strict;NA;NA;;0.98;0.97
99;Astragalus tongolensis;Leguminosae;Strict;NA;PY;;0.98;0.97
100;Aubrieta thessala;Brassicaceae;NA;NA;NA;;;1.00
101;Avena fatua;Poaceae;Generalist;NA;PD;;0.09;0.20
102;Azorella madreporica;Apiaceae;Generalist;1.3;NA;;0.04;0.06
103;Baeckea gunniana;Myrtaceae;Generalist;0.746;NA;;;1.00
104;Baeckea utilis;Myrtaceae;Generalist;0.062;NA;;;1.00
105;Bartsia alpina;Orobanchaceae;Generalist;0.28;PD;;;0.38
106;Batrachium bungei;Ranunculaceae;Generalist;NA;MPD;;;0.04
107;Berberis montana;Berberidaceae;Generalist;NA;NA;;0.34;0.08
108;Betula nana;Betulaceae;NA;NA;PD;;0.99;0.98
109;Biebersteinia orphanidis;Biebersteiniaceae;NA;NA;NA;;;
110;Biscutella laevigata;Brassicaceae;Generalist;4.167;NA;;;1.00
111;Blysmus sinocompressus;Cyperaceae;Generalist;NA;PD;;;0.11
112;Brachyscome barkerae;Compositae;NA;NA;NA;;;1.00
113;Brachyscome obovata;Compositae;Generalist;NA;NA;;;1.00
114;Brachyscome rigidula;Compositae;Generalist;0.304;NA;;;1.00
115;Brachyscome spathulata;Compositae;Generalist;0.4188;NA;;;1.00
116;Brachyscome stolonifera;Compositae;Strict;NA;NA;;;1.00
117;Braya rosea;Brassicaceae;Generalist;NA;NA;;;1.00
118;Bromus sinensis;Poaceae;Strict;NA;ND;;0.10;0.20
119;Bupleurum commelynoideum;Apiaceae;Generalist;NA;MD;;0.04;0.06
120;Bupleurum marschallianum;Apiaceae;NA;NA;NA;;0.04;0.06
121;Calamagrostis purpurea;Poaceae;NA;NA;NA;;0.09;0.20
122;Calandrinia caespitosa;Portulacaceae;Strict;NA;NA;;0.77;0.79
123;Calceolaria filicaulis;Calceolariaceae;Strict;NA;NA;;;
124;Calceolaria purpurea;Calceolariaceae;Generalist;NA;NA;;;
125;Callistemon pityoides;Myrtaceae;Generalist;0.25;PD;;;1.00
126;Callitriche palustris;Plantaginaceae;Generalist;0.082;NA;;0.67;0.48
127;Campanula alliariifolia;Campanulaceae;NA;NA;NA;;0.19;0.22
128;Campanula alpina;Campanulaceae;Strict;0.2758;NA;;0.19;0.22
129;Campanula aristata;Campanulaceae;Strict;NA;PD;;0.19;0.22
130;Campanula barbata;Campanulaceae;Strict;0.1055;PD;;0.19;0.22
131;Campanula cenisia;Campanulaceae;Strict;NA;NA;;0.19;0.22
132;Campanula cochleariifolia;Campanulaceae;Generalist;NA;PD;;0.19;0.22
133;Campanula collina;Campanulaceae;Strict;0.1254;NA;;0.19;0.22
134;Campanula jacquinii;Campanulaceae;NA;NA;NA;;0.19;0.22
135;Campanula latifolia;Campanulaceae;NA;NA;MPD;;0.19;0.22
136;Campanula macrorhiza;Campanulaceae;Generalist;NA;NA;;0.19;0.22
137;Campanula olympica;Campanulaceae;NA;NA;NA;;0.19;0.22
138;Campanula sarmatica;Campanulaceae;NA;NA;NA;;0.19;0.22
139;Campanula scheuchzeri;Campanulaceae;Strict;0.0572;PD;;0.19;0.22
140;Campanula serrata;Campanulaceae;NA;NA;NA;;0.19;0.22
141;Campanula thyrsoides;Campanulaceae;Generalist;0.0844;PD;;0.19;0.22
142;Caragana erinacea;Leguminosae;Generalist;NA;PY;;1.00;0.97
143;Caragana jubata;Leguminosae;Generalist;NA;PY;;1.00;0.97
144;Cardamine cordata;Brassicaceae;Generalist;NA;NA;;1.00;1.00
145;Cardamine robusta;Brassicaceae;Strict;NA;NA;;1.00;1.00
146;Cardamine tangutorum;Brassicaceae;Generalist;NA;NA;;1.00;1.00
147;Carex aphylla;Cyperaceae;Generalist;NA;NA;;0.06;0.11
148;Carex asturica;Cyperaceae;Generalist;4.4069;NA;;0.06;0.11
149;Carex atrata;Cyperaceae;Strict;0.6236;PD;;0.06;0.11
150;Carex banksii;Cyperaceae;Generalist;NA;NA;;0.06;0.11
151;Carex bicolor;Cyperaceae;Strict;0.558;NA;;0.06;0.11
152;Carex blakei;Cyperaceae;Strict;1.921;NA;;0.06;0.11
153;Carex buxbaumii;Cyperaceae;NA;NA;PD;;0.06;0.11
154;Carex capillacea;Cyperaceae;Generalist;0.528;NA;;0.06;0.11
155;Carex capillaris;Cyperaceae;NA;NA;PD;;0.06;0.11
156;Carex cephalotes;Cyperaceae;Generalist;0.5508;NA;;0.06;0.11
157;Carex curvula;Cyperaceae;Strict;2;NA;;0.06;0.11
158;Carex echinata;Cyperaceae;Generalist;0.83;PD;;0.06;0.11
159;Carex enervis;Cyperaceae;Generalist;NA;PD;;0.06;0.11
160;Carex firma;Cyperaceae;Strict;1.11;PD;;0.06;0.11
161;Carex foetida;Cyperaceae;Strict;0.408;NA;;0.06;0.11
162;Carex gaudichaudiana;Cyperaceae;Generalist;0.951;NA;;0.06;0.11
163;Carex hebes;Cyperaceae;Strict;1.3278;NA;;0.06;0.11
164;Carex hypandra;Cyperaceae;Strict;0.5362;NA;;0.06;0.11
165;Carex kansuensis;Cyperaceae;Strict;NA;PD;;0.06;0.11
166;Carex lachenalii;Cyperaceae;NA;NA;NA;;0.06;0.11
167;Carex microglochin;Cyperaceae;NA;NA;NA;;0.06;0.11
168;Carex przewalskii;Cyperaceae;Generalist;NA;PD;;0.06;0.11
169;Carex pulicaris;Cyperaceae;NA;NA;PD;;0.06;0.11
170;Carex rariflora;Cyperaceae;NA;NA;NA;;0.06;0.11
171;Carex rostrata;Cyperaceae;NA;NA;PD;;0.06;0.11
172;Carex saxatilis;Cyperaceae;NA;NA;NA;;0.06;0.11
173;Carex scabrirostris;Cyperaceae;Strict;NA;NA;;0.06;0.11
174;Carex sempervirens;Cyperaceae;Generalist;1.08;PD;;0.06;0.11
175;Carlina biebersteinii;Compositae;NA;NA;NA;;;1.00
176;Carpha nivicola;Cyperaceae;Generalist;2.22;NA;;;0.11
177;Carum carvi;Apiaceae;Generalist;2.3;MPD;0.08;0.07;0.06
178;Catolobus pendulus;Brassicaceae;Generalist;NA;PD;;;1.00
179;Celmisia costiniana;Compositae;Strict;2.977;NA;;;1.00
180;Celmisia pugioniformis;Compositae;Generalist;2.478;NA;;;1.00
181;Centaurea nervosa;Compositae;Strict;3.4184;NA;;1.00;1.00
182;Centaurea reflexa;Compositae;NA;NA;NA;;1.00;1.00
183;Cerastium alpinum;Caryophyllaceae;NA;NA;NA;;0.74;0.66
184;Cerastium arcticum;Caryophyllaceae;NA;NA;NA;;0.74;0.66
185;Cerastium argenteum;Caryophyllaceae;NA;NA;NA;;0.74;0.66
186;Cerastium arvense;Caryophyllaceae;Generalist;0.188;PD;;0.74;0.66
187;Cerastium cerastoides;Caryophyllaceae;NA;NA;NA;;0.74;0.66
188;Cerastium latifolium;Caryophyllaceae;Strict;0.35;NA;;0.74;0.66
189;Cerastium pedunculatum;Caryophyllaceae;Strict;NA;NA;;0.74;0.66
190;Cerastium uniflorum;Caryophyllaceae;Strict;0.2556;NA;;0.74;0.66
191;Chaerophyllum australianum;Apiaceae;Generalist;1.93;NA;0.02;0.04;0.06
192;Chaerophyllum eriopodum;Apiaceae;Generalist;2.45;NA;0.04;0.04;0.06
193;Chaetanthera euphrasioides;Compositae;Generalist;1.4546;NA;;;1.00
194;Chaetanthera microphylla;Compositae;Generalist;0.688;NA;;;1.00
195;Chamaesium paradoxum;Apiaceae;Strict;NA;MPD;;;0.06
196;Chrysosplenium uniflorum;Saxifragaceae;Generalist;NA;NA;;0.10;0.20
197;Circaeaster agrestis;Circaeasteraceae;Generalist;NA;NA;;;
198;Cirsium arvense;Compositae;Generalist;1.2844;PD;;1.00;1.00
199;Cirsium lanatum;Compositae;Generalist;NA;PD;;1.00;1.00
200;Cirsium souliei;Compositae;Generalist;NA;NA;;1.00;1.00
201;Cirsium spinosissimum;Compositae;Strict;2.8964;NA;;1.00;1.00
202;Clematis tangutica;Ranunculaceae;Generalist;1.9596;MPD;;0.04;0.04
203;Cochlearia tatrae;Brassicaceae;NA;NA;NA;;;1.00
204;Codonopsis foetens;Campanulaceae;Strict;NA;NA;;;0.22
205;Colobanthus affinis;Caryophyllaceae;Strict;0.1256;NA;;;0.66
206;Coluria longifolia;Rosaceae;Generalist;NA;PD;;;0.90
207;Comarum palustre;Rosaceae;NA;NA;PD;;;0.90
208;Comastoma falcatum;Gentianaceae;Generalist;NA;PD;;;0.21
209;Comastoma pedunculatum;Gentianaceae;Strict;NA;PD;;;0.21
210;Comastoma pulmonarium;Gentianaceae;Strict;NA;NA;;;0.21
211;Comastoma tenellum;Gentianaceae;Strict;NA;NA;;;0.21
212;Convolvulus arvensis;Convolvulaceae;Generalist;15.1;PY;;0.87;
213;Cortaderia pilosa;Poaceae;Generalist;0.2604;NA;;;0.20
214;Corydalis melanochlora;Papaveraceae;Strict;NA;NA;;0.06;0.06
215;Craspedia alba;Compositae;Strict;NA;NA;;;1.00
216;Craspedia costiniana;Compositae;Strict;NA;NA;;;1.00
217;Craspedia jamesii;Compositae;Generalist;0.4458;NA;;;1.00
218;Craspedia lamicola;Compositae;Strict;0.9644;NA;;;1.00
219;Craspedia leucantha;Compositae;Strict;0.156;NA;;;1.00
220;Cremanthodium brunneopilosum;Compositae;Strict;NA;PD;;;1.00
221;Cremanthodium discoideum;Compositae;Strict;NA;NA;;;1.00
222;Cremanthodium lineare;Compositae;Generalist;NA;ND;;;1.00
223;Crepis sibirica;Compositae;NA;NA;NA;;1.00;1.00
224;Cyananthus hookeri;Campanulaceae;Generalist;NA;PD;;;0.22
225;Delphinium albocoeruleum;Ranunculaceae;Generalist;NA;NA;;0.07;0.04
226;Delphinium cyphoplectrum;Ranunculaceae;NA;NA;NA;;0.07;0.04
227;Delphinium elatum;Ranunculaceae;NA;NA;MPD;;0.07;0.04
228;Delphinium pylzowii;Ranunculaceae;Strict;NA;MD;;0.07;0.04
229;Delphinium souliei;Ranunculaceae;Strict;NA;NA;;0.07;0.04
230;Deschampsia cespitosa;Poaceae;Generalist;0.303;PD;0.11;0.11;0.20
231;Deyeuxia flavens;Poaceae;Generalist;NA;PD;;;0.20
232;Dianthus barbatus;Caryophyllaceae;NA;NA;NA;;0.41;0.66
233;Dianthus furcatus;Caryophyllaceae;NA;NA;NA;;0.41;0.66
234;Dianthus glacialis;Caryophyllaceae;Strict;0.2891;NA;;0.41;0.66
235;Dianthus orientalis;Caryophyllaceae;NA;NA;NA;;0.41;0.66
236;Dianthus plumarius;Caryophyllaceae;NA;NA;NA;;0.41;0.66
237;Dichosciadium ranunculaceum;Apiaceae;Strict;NA;NA;;;0.06
238;Dicranostigma lactucoides;Papaveraceae;Strict;NA;NA;;;0.06
239;Diplaspis nivis;Apiaceae;Strict;1.0392;NA;;;0.06
240;Doronicum austriacum;Compositae;NA;NA;NA;;;1.00
241;Draba eriopoda;Brassicaceae;Generalist;NA;PD;;1.00;1.00
242;Draba gilliesii;Brassicaceae;Generalist;NA;NA;;1.00;1.00
243;Draba hoppeana;Brassicaceae;Strict;NA;NA;;1.00;1.00
244;Draba ladyginii;Brassicaceae;Generalist;NA;NA;;1.00;1.00
245;Draba lanceolata;Brassicaceae;Generalist;NA;PD;;1.00;1.00
246;Draba nemorosa;Brassicaceae;Generalist;0.04;NA;;1.00;1.00
247;Draba norvegica;Brassicaceae;NA;NA;NA;;1.00;1.00
248;Draba oreades;Brassicaceae;Generalist;NA;NA;;1.00;1.00
249;Draba stylaris;Brassicaceae;Strict;NA;NA;;1.00;1.00
250;Dracocephalum heterophyllum;Lamiaceae;Generalist;NA;PD;;1.00;0.93
251;Dracocephalum tanguticum;Lamiaceae;Strict;NA;PD;;1.00;0.93
252;Drosera arcturi;Droseraceae;Strict;0.0564;NA;;0.19;0.19
253;Dryas octopetala;Rosaceae;Strict;0.5526;PD;0.65;0.65;0.90
254;Duthiea brachypodium;Poaceae;Strict;NA;PD;;;0.20
255;Eleocharis quinqueflora;Cyperaceae;NA;NA;PD;;0.17;0.11
256;Elymus angulatus;Poaceae;NA;NA;NA;;0.14;0.20
257;Elymus burchan-buddae;Poaceae;Strict;NA;NA;;0.14;0.20
258;Elymus caninus;Poaceae;NA;NA;PD;;0.14;0.20
259;Elymus sibiricus;Poaceae;Generalist;2.6572;PD;;0.14;0.20
260;Epacris celata;Ericaceae;Generalist;NA;NA;;;0.27
261;Epacris glacialis;Ericaceae;Strict;0.0356;NA;;;0.27
262;Epacris microphylla;Ericaceae;Generalist;0.0552;NA;;;0.27
263;Epacris paludosa;Ericaceae;Generalist;0.0316;NA;;;0.27
264;Epacris petrophila;Ericaceae;Generalist;0.0292;NA;;;0.27
265;Epilobium alsinifolium;Onagraceae;NA;NA;NA;;1.00;1.00
266;Epilobium angustifolium;Onagraceae;Generalist;0.238333333;PD;;1.00;1.00
267;Epilobium gunnianum;Onagraceae;Generalist;0.0638;NA;;1.00;1.00
268;Epilobium palustre;Onagraceae;Generalist;0.08;PD;;1.00;1.00
269;Eremogone lychnidea;Caryophyllaceae;Strict;NA;NA;;;0.66
270;Erigeron bellidioides;Compositae;Generalist;0.6972;NA;;1.00;1.00
271;Erigeron cinereus;Compositae;Generalist;NA;NA;;1.00;1.00
272;Erigeron paludicola;Compositae;Strict;0.3408;NA;;1.00;1.00
273;Erigeron pulchellus;Compositae;Strict;0.158;NA;;1.00;1.00
274;Erigeron setosus;Compositae;Generalist;NA;NA;;1.00;1.00
275;Eriophorum angustifolium;Cyperaceae;Generalist;0.41;NA;;0.12;0.11
276;Eriophorum latifolium;Cyperaceae;NA;NA;PD;;0.12;0.11
277;Eriophorum scheuchzeri;Cyperaceae;Strict;0.4276;NA;;0.12;0.11
278;Erysimum hungaricum;Brassicaceae;NA;NA;NA;;1.00;1.00
279;Escallonia alpina;Escalloniaceae;Generalist;NA;NA;;;
280;Euphorbia tibetica;Euphorbiaceae;Generalist;NA;NA;;0.48;0.55
281;Euphrasia collina;Orobanchaceae;Strict;0.132233333;NA;;0.42;0.38
282;Festuca alpina;Poaceae;Strict;NA;NA;;;0.20
283;Festuca altissima;Poaceae;NA;NA;NA;;;0.20
284;Festuca eskia;Poaceae;Strict;NA;NA;;;0.20
285;Festuca halleri;Poaceae;Strict;1.2496;NA;;;0.20
286;Festuca nitidula;Poaceae;Generalist;NA;PD;;;0.20
287;Festuca norica;Poaceae;Strict;NA;NA;;;0.20
288;Festuca ovina;Poaceae;Generalist;0.6;PD;;;0.20
289;Festuca paniculata;Poaceae;Strict;5.192;PD;;;0.20
290;Festuca quadriflora;Poaceae;Strict;NA;NA;;;0.20
291;Festuca rubra;Poaceae;Generalist;1.042;PD;;;0.20
292;Festuca scabriculmis;Poaceae;Strict;NA;NA;;;0.20
293;Festuca sinensis;Poaceae;Generalist;NA;PD;;;0.20
294;Festuca varia;Poaceae;Generalist;1.6468;NA;;;0.20
295;Festuca violacea;Poaceae;Strict;1.4784;NA;;;0.20
296;Fritillaria legionensis;Liliaceae;Strict;NA;NA;;;0.06
297;Fritillaria unibracteata;Liliaceae;Strict;NA;MPD;;;0.06
298;Galium boreale;Rubiaceae;Generalist;0.601;PD;;0.16;0.23
299;Galium montis-arerae;Rubiaceae;Strict;0.6704;NA;;0.16;0.23
300;Galium rubioides;Rubiaceae;NA;NA;NA;;0.16;0.23
301;Gaultheria poeppigii;Ericaceae;Generalist;NA;NA;;0.17;0.27
302;Gaultheria pumila;Ericaceae;Generalist;0.1204;NA;;0.17;0.27
303;Gentiana acaulis;Gentianaceae;Strict;0.306;MPD;;0.07;0.21
304;Gentiana aquatica;Gentianaceae;Generalist;0.0612;NA;;0.07;0.21
305;Gentiana aristata;Gentianaceae;Generalist;NA;PD;;0.07;0.21
306;Gentiana brachyphylla;Gentianaceae;Strict;NA;MPD;;0.07;0.21
307;Gentiana burseri;Gentianaceae;NA;NA;NA;;0.07;0.21
308;Gentiana choanantha;Gentianaceae;Generalist;NA;NA;;0.07;0.21
309;Gentiana clusii;Gentianaceae;Strict;0.44;MPD;;0.07;0.21
310;Gentiana crassuloides;Gentianaceae;Generalist;NA;PD;;0.07;0.21
311;Gentiana dahurica;Gentianaceae;Generalist;NA;MPD;;0.07;0.21
312;Gentiana depressa;Gentianaceae;NA;NA;NA;;0.07;0.21
313;Gentiana grandiflora;Gentianaceae;NA;NA;NA;;0.07;0.21
314;Gentiana haynaldii;Gentianaceae;NA;NA;NA;;0.07;0.21
315;Gentiana leucomelaena;Gentianaceae;Generalist;NA;PD;;0.07;0.21
316;Gentiana nivalis;Gentianaceae;Strict;0.027;MPD;;0.07;0.21
317;Gentiana nubigena;Gentianaceae;Strict;NA;MPD;;0.07;0.21
318;Gentiana prostrata;Gentianaceae;Generalist;0.0583;NA;;0.07;0.21
319;Gentiana punctata;Gentianaceae;Strict;0.6989;MPD;;0.07;0.21
320;Gentiana septemfida;Gentianaceae;NA;NA;MPD;;0.07;0.21
321;Gentiana sino-ornata;Gentianaceae;Generalist;NA;NA;;0.07;0.21
322;Gentiana siphonantha;Gentianaceae;Generalist;NA;NA;;0.07;0.21
323;Gentiana straminea;Gentianaceae;Generalist;NA;MPD;;0.07;0.21
324;Gentiana szechenyii;Gentianaceae;Strict;NA;PD;;0.07;0.21
325;Gentiana verna;Gentianaceae;Generalist;0.088266667;MPD;;0.07;0.21
326;Gentiana waltonii;Gentianaceae;NA;NA;NA;;0.07;0.21
327;Gentianella amarella;Gentianaceae;NA;NA;MPD;;;0.21
328;Gentianella anisodonta;Gentianaceae;Strict;NA;NA;;;0.21
329;Gentianella muelleriana;Gentianaceae;Strict;0.4126;NA;;;0.21
330;Gentianopsis barbata;Gentianaceae;Generalist;NA;PD;;0.05;0.21
331;Gentianopsis paludosa;Gentianaceae;Generalist;NA;PD;;0.05;0.21
332;Geranium pylzowianum;Geraniaceae;Generalist;NA;NA;;1.00;1.00
333;Geum montanum;Rosaceae;Strict;1.044;PD;;1.00;0.90
334;Geum pyrenaicum;Rosaceae;NA;NA;NA;;1.00;0.90
335;Geum rivale;Rosaceae;NA;NA;PD;;1.00;0.90
336;Gingidia algens;Apiaceae;Strict;NA;NA;;;0.06
337;Glyceria notata;Poaceae;NA;NA;NA;;0.09;0.20
338;Gnaphalium supinum;Compositae;Strict;0.0852;NA;;1.00;1.00
339;Gypsophila elegans;Caryophyllaceae;NA;NA;PD;;0.68;0.66
340;Hedysarum caucasicum;Leguminosae;Generalist;6.686;NA;;0.98;0.97
341;Hedysarum sikkimense;Leguminosae;Strict;NA;NA;;0.98;0.97
342;Helictochloa versicolor;Poaceae;Strict;NA;NA;;;0.20
343;Helictotrichon marginatum;Poaceae;Generalist;NA;NA;;;0.20
344;Helictotrichon tibeticum;Poaceae;Generalist;NA;PD;;;0.20
345;Helictotrichon versicolor;Poaceae;Strict;1.7768;NA;;;0.20
346;Heliotropium ellipticum;Boraginaceae;NA;NA;PD;;0.47;0.89
347;Heracleum millefolium;Apiaceae;Generalist;NA;MPD;;0.06;0.06
348;Heracleum yungningense;Apiaceae;Generalist;NA;MPD;;0.06;0.06
349;Herminium monorchis;Orchidaceae;NA;NA;NA;;;1.00
350;Heteropappus gouldii;Compositae;Generalist;NA;PD;;;1.00
351;Hieracium attenuatifolium;Compositae;NA;NA;NA;;1.00;1.00
352;Hieracium backhousei;Compositae;NA;NA;NA;;1.00;1.00
353;Hieracium calenduliflorum;Compositae;NA;NA;NA;;1.00;1.00
354;Hieracium calvum;Compositae;NA;NA;NA;;1.00;1.00
355;Hieracium completum;Compositae;NA;NA;NA;;1.00;1.00
356;Hieracium eximium;Compositae;NA;NA;NA;;1.00;1.00
357;Hieracium globosiflorum;Compositae;NA;NA;NA;;1.00;1.00
358;Hieracium graniticola;Compositae;NA;NA;NA;;1.00;1.00
359;Hieracium hanburyi;Compositae;NA;NA;NA;;1.00;1.00
360;Hieracium larigense;Compositae;NA;NA;NA;;1.00;1.00
361;Hieracium leptodon;Compositae;NA;NA;NA;;1.00;1.00
362;Hieracium macrocarpum;Compositae;NA;NA;NA;;1.00;1.00
363;Hieracium milesii;Compositae;NA;NA;NA;;1.00;1.00
364;Hieracium pensum;Compositae;NA;NA;NA;;1.00;1.00
365;Hieracium perscitum;Compositae;NA;NA;NA;;1.00;1.00
366;Hieracium snowdoniense;Compositae;NA;NA;NA;;1.00;1.00
367;Hieracium stewartii;Compositae;NA;NA;NA;;1.00;1.00
368;Hieracium zygophorum;Compositae;NA;NA;NA;;1.00;1.00
369;Hippuris vulgaris;Plantaginaceae;Generalist;0.967;PD;0.75;0.75;0.48
370;Holosteum marginatum;Caryophyllaceae;NA;NA;NA;;;0.66
371;Homogyne alpina;Compositae;Generalist;1.168;PD;;;1.00
372;Hypochaeris tenuifolia;Compositae;Strict;4.4772;NA;;1.00;1.00
373;Hyssopus officinalis;Lamiaceae;NA;NA;PD;;1.00;0.93
374;Isolepis crassiuscula;Cyperaceae;Generalist;0.2728;NA;;;0.11
375;Isolepis setacea;Cyperaceae;Generalist;0.05975;PD;;;0.11
376;Jacobaea incana;Compositae;Strict;1.2195;NA;;;1.00
377;Jacobaea uniflora;Compositae;NA;NA;NA;;;1.00
378;Jasione cavanillesii;Campanulaceae;Strict;0.096;NA;;;0.22
379;Juncus allioides;Juncaceae;Generalist;NA;PD;;0.15;0.13
380;Juncus amplifolius;Juncaceae;Generalist;NA;PD;;0.15;0.13
381;Juncus balticus;Juncaceae;NA;NA;ND;;0.15;0.13
382;Juncus biglumis;Juncaceae;NA;NA;NA;;0.15;0.13
383;Juncus castaneus;Juncaceae;NA;NA;NA;;0.15;0.13
384;Juncus falcatus;Juncaceae;Generalist;0.0287;NA;;0.15;0.13
385;Juncus filiformis;Juncaceae;NA;NA;PD;;0.15;0.13
386;Juncus himalensis;Juncaceae;Generalist;NA;PD;;0.15;0.13
387;Juncus monanthos;Juncaceae;Strict;0.1588;NA;;0.15;0.13
388;Juncus sphacelatus;Juncaceae;Strict;NA;NA;;0.15;0.13
389;Juncus thomsonii;Juncaceae;Generalist;NA;PD;;0.15;0.13
390;Juncus trifidus;Juncaceae;Strict;0.1525;NA;;0.15;0.13
391;Juncus triglumis;Juncaceae;NA;NA;NA;;0.15;0.13
392;Jurinea blanda;Compositae;NA;NA;NA;;;1.00
393;Jurinea humilis;Compositae;Generalist;5.5759;NA;;;1.00
394;Kelleria dieffenbachii;Thymelaeaceae;Strict;0.155;NA;;;0.99
395;Kobresia capillifolia;Cyperaceae;Generalist;NA;PD;;0.08;0.11
396;Kobresia humilis;Cyperaceae;Generalist;NA;NA;;0.08;0.11
397;Kobresia kansuensis;Cyperaceae;Strict;NA;PD;;0.08;0.11
398;Kobresia macrantha;Cyperaceae;Generalist;NA;NA;;0.08;0.11
399;Kobresia myosuroides;Cyperaceae;Strict;NA;PD;0.08;0.08;0.11
400;Kobresia pygmaea;Cyperaceae;Strict;NA;NA;;0.08;0.11
401;Kobresia setschwanensis;Cyperaceae;Generalist;NA;NA;;0.08;0.11
402;Kobresia simpliciuscula;Cyperaceae;NA;NA;NA;;0.08;0.11
403;Kobresia tibetica;Cyperaceae;Generalist;NA;NA;;0.08;0.11
404;Koeleria litvinowii;Poaceae;Strict;NA;PD;;0.06;0.20
405;Kunzea muelleri;Myrtaceae;Strict;0.17065;NA;;;1.00
406;Lagotis brachystachya;Plantaginaceae;Strict;NA;NA;;;0.48
407;Lancea tibetica;Phrymaceae;Generalist;NA;PD;;;0.86
408;Laretia acaulis;Apiaceae;Strict;8.9281;NA;0.04;0.04;0.06
409;Laserpitium hispidum;Apiaceae;NA;NA;NA;0.06;0.05;0.06
410;Leibnitzia nepalensis;Compositae;Strict;NA;NA;;;1.00
411;Leontodon hispidus;Compositae;Generalist;1.2;ND;;1.00;1.00
412;Leontopodium nanum;Compositae;Generalist;NA;NA;;;1.00
413;Leontopodium nivale;Compositae;Strict;0.1366;NA;;;1.00
414;Leontopodium ochroleucum;Compositae;Generalist;NA;NA;;;1.00
415;Leontopodium souliei;Compositae;Generalist;NA;PD;;;1.00
416;Lepidium apetalum;Brassicaceae;Generalist;0.2148;PD;;1.00;1.00
417;Lepidium capitatum;Brassicaceae;Generalist;NA;NA;;1.00;1.00
418;Lepidium latifolium;Brassicaceae;Generalist;0.1;NA;;1.00;1.00
419;Leucanthemopsis alpina;Compositae;Strict;0.3801;NA;;;1.00
420;Leucochrysum alpinum;Compositae;Generalist;NA;NA;;;1.00
421;Ligularia macrodonta;Compositae;Generalist;NA;PD;;;1.00
422;Ligularia virgaurea;Compositae;Generalist;NA;PD;;;1.00
423;Ligusticum scoticum;Apiaceae;NA;NA;MPD;0.03;0.12;0.06
424;Lilium martagon;Liliaceae;NA;NA;MPD;;0.12;0.06
425;Linaria alpina;Plantaginaceae;Strict;NA;NA;;;0.48
426;Linaria tonzigii;Plantaginaceae;Strict;0.4333;NA;;;0.48
427;Linnaea borealis;Caprifoliaceae;NA;NA;MPD;;;0.34
428;Lloydia oxycarpa;Liliaceae;Generalist;NA;MPD;;;0.06
429;Loasa caespitosa;Loasaceae;Strict;NA;NA;;;0.66
430;Loiseleuria procumbens;Ericaceae;NA;NA;MPD;;;0.27
431;Lomatogonium carinthiacum;Gentianaceae;Generalist;NA;PD;;0.14;0.21
432;Lomatogonium gamosepalum;Gentianaceae;Generalist;NA;NA;;0.14;0.21
433;Lomatogonium macranthum;Gentianaceae;Generalist;NA;PD;;0.14;0.21
434;Lonicera pyrenaica;Caprifoliaceae;NA;NA;NA;;0.05;0.34
435;Luzula acutifolia;Juncaceae;Strict;0.546;NA;;0.10;0.13
436;Luzula alpinopilosa;Juncaceae;Strict;0.2526;NA;;0.10;0.13
437;Luzula brachyphylla;Juncaceae;Generalist;NA;NA;;0.10;0.13
438;Luzula lutea;Juncaceae;NA;NA;NA;;0.10;0.13
439;Luzula modesta;Juncaceae;Generalist;0.5592;NA;;0.10;0.13
440;Luzula nivea;Juncaceae;NA;NA;NA;;0.10;0.13
441;Luzula spicata;Juncaceae;Strict;0.263;PD;;0.10;0.13
442;Madia sativa;Compositae;Generalist;3.1;PD;;0.99;1.00
443;Matricaria breviradiata;Compositae;Strict;0.4236;NA;;1.00;1.00
444;Meconopsis horridula;Papaveraceae;Strict;0.19;MPD;;;0.06
445;Meconopsis integrifolia;Papaveraceae;Generalist;NA;MPD;;;0.06
446;Meconopsis punicea;Papaveraceae;Generalist;NA;MPD;;;0.06
447;Meconopsis quintuplinervia;Papaveraceae;Generalist;NA;MPD;;;0.06
448;Megacarpaea delavayi;Brassicaceae;Strict;NA;PD;;;1.00
449;Microgynoecium tibeticum;Amaranthaceae;Strict;NA;NA;;;0.67
450;Microseris lanceolata;Compositae;Generalist;2.08;PD;;1.00;1.00
451;Microsteris gracilis;Polemoniaceae;Generalist;1.148;PD;0.75;0.75;0.55
452;Microula sikkimensis;Boraginaceae;Generalist;NA;NA;;;0.89
453;Microula tangutica;Boraginaceae;Strict;NA;NA;;;0.89
454;Minuartia inamoena;Caryophyllaceae;NA;NA;NA;;;0.66
455;Minuartia laricifolia;Caryophyllaceae;NA;NA;NA;;;0.66
456;Minuartia montana;Caryophyllaceae;NA;NA;NA;;;0.66
457;Minuartia rubella;Caryophyllaceae;NA;NA;NA;;;0.66
458;Minuartia sedoides;Caryophyllaceae;NA;NA;NA;;;0.66
459;Minuartia stricta;Caryophyllaceae;NA;NA;NA;;;0.66
460;Minuartia verna;Caryophyllaceae;Generalist;0.18;NA;;;0.66
461;Mniarum biflorum;Caryophyllaceae;Generalist;0.44;NA;;;0.66
462;Montiopsis gayana;Montiaceae;Generalist;NA;NA;;;0.77
463;Mutisia sinuata;Compositae;Generalist;NA;NA;;;1.00
464;Myosotis alpestris;Boraginaceae;Strict;0.85;NA;;1.00;0.89
465;Myosotis alpina;Boraginaceae;Strict;NA;NA;;1.00;0.89
466;Nardostachys jatamansi;Caprifoliaceae;Generalist;NA;PD;;;0.34
467;Nardus stricta;Poaceae;Generalist;0.4;PD;;;0.20
468;Nassauvia lagascae;Compositae;Generalist;NA;NA;;;1.00
469;Nassauvia pinnigera;Compositae;Strict;1.1;NA;;;1.00
470;Nassauvia revoluta;Compositae;Generalist;NA;NA;;;1.00
471;Nastanthus scapigerus;Calyceraceae;Generalist;NA;NA;;;
472;Neopaxia australasica;Portulacaceae;Generalist;NA;NA;;;0.79
473;Nepeta coerulescens;Lamiaceae;Strict;0.9984;NA;;1.00;0.93
474;Nepeta prattii;Lamiaceae;Generalist;NA;PD;;1.00;0.93
475;Nicotiana corymbosa;Solanaceae;Generalist;0.138;NA;;0.48;0.47
476;Nothoscordum andinum;Amaryllidaceae;Generalist;NA;NA;;0.16;0.30
477;Notopterygium franchetii;Apiaceae;Generalist;NA;MPD;;;0.06
478;Notopterygium incisum;Apiaceae;Generalist;NA;MPD;;;0.06
479;Oberna lacera;Caryophyllaceae;NA;NA;NA;;;0.66
480;Olearia algida;Compositae;Generalist;0.419;NA;;;1.00
481;Olearia phlogopappa;Compositae;Generalist;0.6016;NA;;;1.00
482;Olsynium junceum;Iridaceae;Generalist;0.705;NA;;;0.09
483;Olsynium philippii;Iridaceae;Strict;5.425;NA;;;0.09
484;Onobrychis montana;Leguminosae;NA;NA;NA;;1.00;0.97
485;Oreobolus distichus;Cyperaceae;Strict;NA;NA;;;0.11
486;Oxylobium ellipticum;Leguminosae;Generalist;3.87;NA;;;0.97
487;Oxyria digyna;Polygonaceae;Strict;0.75;NA;0.39;0.39;0.56
488;Oxytropis campestris;Leguminosae;NA;NA;PY;0.97;0.98;0.97
489;Oxytropis falcata;Leguminosae;Generalist;NA;PY;;0.98;0.97
490;Oxytropis lapponica;Leguminosae;NA;NA;NA;;0.98;0.97
491;Oxytropis ochrocephala;Leguminosae;Generalist;NA;PY;;0.98;0.97
492;Ozothamnus alpinus;Compositae;Strict;0.2876;NA;;;1.00
493;Ozothamnus cupressoides;Compositae;Generalist;0.1714;NA;;;1.00
494;Ozothamnus hookeri;Compositae;Generalist;0.112;NA;;;1.00
495;Papaver alpinum;Papaveraceae;Strict;0.1774;MPD;;0.17;0.06
496;Papaver cambricum;Papaveraceae;NA;NA;MPD;;0.17;0.06
497;Paraquilegia microphylla;Ranunculaceae;Generalist;NA;MPD;;;0.04
498;Parnassia brevistyla;Celastraceae;Generalist;NA;PD;;;0.64
499;Parnassia trinervis;Celastraceae;Strict;NA;PD;;0.76;0.64
500;Pedicularis alaschanica;Orobanchaceae;Strict;NA;PD;;0.32;0.38
501;Pedicularis cheilanthifolia;Orobanchaceae;Generalist;NA;PD;;0.32;0.38
502;Pedicularis kansuensis;Orobanchaceae;Generalist;NA;PD;;0.32;0.38
503;Pedicularis lachnoglossa;Orobanchaceae;Generalist;NA;PD;;0.32;0.38
504;Pedicularis lasiophrys;Orobanchaceae;Generalist;NA;PD;;0.32;0.38
505;Pedicularis longiflora;Orobanchaceae;Generalist;NA;PD;;0.32;0.38
506;Pedicularis pseudoingens;Orobanchaceae;Strict;NA;NA;;0.32;0.38
507;Pedicularis rhinanthoides;Orobanchaceae;Generalist;NA;PD;;0.32;0.38
508;Pedicularis szetschuanica;Orobanchaceae;Strict;NA;NA;;0.32;0.38
509;Pedicularis ternata;Orobanchaceae;Strict;NA;PD;;0.32;0.38
510;Pedicularis tuberosa;Orobanchaceae;Strict;0.5448;NA;;0.32;0.38
511;Pelargonium helmsii;Geraniaceae;Strict;1.05;NA;;1.00;1.00
512;Pennisetum centrasiaticum;Poaceae;Generalist;NA;PD;;0.41;0.20
513;Pentachondra pumila;Ericaceae;Strict;0.9;NA;;;0.27
514;Perezia pedicularidifolia;Compositae;Generalist;NA;NA;;1.00;1.00
515;Persicaria vivipara;Polygonaceae;Strict;2.25;NA;0.68;0.53;0.56
516;Phleum alpinum;Poaceae;Strict;0.38;NA;;0.19;0.20
517;Phleum subulatum;Poaceae;NA;NA;NA;;0.19;0.20
518;Phlomoides rotata;Lamiaceae;Generalist;NA;NA;;;0.93
519;Physospermum cornubiense;Apiaceae;NA;NA;NA;0.03;0.03;0.06
520;Phyteuma hedraianthifolium;Campanulaceae;NA;NA;NA;;;0.22
521;Phyteuma hemisphaericum;Campanulaceae;Strict;NA;NA;;;0.22
522;Phyteuma sieberi;Campanulaceae;Strict;NA;PD;;;0.22
523;Pilosella officinarum;Compositae;Generalist;0.19785;NA;;;1.00
524;Pilosella peleteriana;Compositae;NA;NA;NA;;;1.00
525;Pimelea axiflora;Thymelaeaceae;Generalist;2.5132;NA;;;0.99
526;Pimelea ligustrina;Thymelaeaceae;Generalist;3.2015;NA;;;0.99
527;Pinguicula leptoceras;Lentibulariaceae;Generalist;NA;NA;;;
528;Piptatherum munroi;Poaceae;Generalist;NA;PD;;;0.20
529;Plantago alpina;Plantaginaceae;Strict;0.6;NA;;0.72;0.48
530;Plantago atrata;Plantaginaceae;Strict;3.0744;NA;;0.72;0.48
531;Plantago depressa;Plantaginaceae;Generalist;NA;PD;;0.72;0.48
532;Plantago glacialis;Compositae;Strict;NA;NA;;0.72;1.00
533;Plantago muelleri;Plantaginaceae;Strict;NA;NA;;0.72;0.48
534;Plantago nivalis;Plantaginaceae;NA;NA;NA;;0.72;0.48
535;Pleurospermum hookeri;Apiaceae;Generalist;NA;MPD;;0.06;0.06
536;Pleurospermum wilsonii;Apiaceae;Strict;NA;MPD;;0.06;0.06
537;Pleurospermum wrightianum;Apiaceae;Strict;NA;NA;;0.06;0.06
538;Poa alpina;Poaceae;Strict;0.3592;PD;;0.12;0.20
539;Poa annua;Poaceae;Generalist;NA;PD;;0.12;0.20
540;Poa attenuata;Poaceae;Strict;NA;PD;;0.12;0.20
541;Poa costiniana;Poaceae;Generalist;0.412;NA;;0.12;0.20
542;Poa glauca;Poaceae;NA;NA;NA;;0.12;0.20
543;Poa hiemata;Poaceae;Generalist;0.356;NA;;0.12;0.20
544;Poa phillipsiana;Poaceae;Generalist;0.4161;NA;;0.12;0.20
545;Poa pratensis;Poaceae;Generalist;NA;PD;;0.12;0.20
546;Poa remota;Poaceae;NA;NA;NA;;0.12;0.20
547;Poa sikkimensis;Poaceae;Strict;NA;PD;;0.12;0.20
548;Poa szechuensis;Poaceae;Generalist;NA;PD;;0.12;0.20
549;Podolepis robusta;Compositae;Generalist;0.628;NA;;;1.00
550;Podospermum canum;Compositae;Generalist;3.2798;NA;;;1.00
551;Polygala alpina;Polygalaceae;Strict;NA;NA;;0.83;0.83
552;Polygonum fertile;Polygonaceae;Generalist;NA;ND;;0.47;0.56
553;Polygonum macrophyllum;Polygonaceae;Generalist;NA;NA;;0.47;0.56
554;Polygonum sibiricum;Polygonaceae;Generalist;NA;PD;;0.47;0.56
555;Polygonum sparsipilosum;Polygonaceae;Generalist;NA;PD;;0.47;0.56
556;Pomatosace filicula;Primulaceae;Generalist;NA;PD;;;0.30
557;Potamogeton alpinus;Potamogetonaceae;NA;NA;NA;;;
558;Potentilla aurea;Rosaceae;Strict;NA;PD;;0.88;0.90
559;Potentilla chrysantha;Rosaceae;NA;NA;NA;;0.88;0.90
560;Potentilla crantzii;Rosaceae;NA;NA;NA;;0.88;0.90
561;Potentilla grandiflora;Rosaceae;Generalist;NA;NA;;0.88;0.90
562;Potentilla multifida;Rosaceae;Generalist;NA;PD;;0.88;0.90
563;Potentilla pamiroalaica;Rosaceae;Strict;0.5152;NA;;0.88;0.90
564;Potentilla potaninii;Rosaceae;Generalist;NA;PD;;0.88;0.90
565;Potentilla saundersiana;Rosaceae;Generalist;NA;PD;;0.88;0.90
566;Primula agleniana;Primulaceae;Strict;NA;NA;;0.46;0.30
567;Primula algida;Primulaceae;NA;NA;NA;;0.46;0.30
568;Primula auricula;Primulaceae;Strict;0.24925;PD;;0.46;0.30
569;Primula auriculata;Primulaceae;NA;NA;NA;;0.46;0.30
570;Primula daonensis;Primulaceae;NA;NA;PD;;0.46;0.30
571;Primula farinosa;Primulaceae;Generalist;0.07;PD;;0.46;0.30
572;Primula gemmifera;Primulaceae;Generalist;NA;PD;;0.46;0.30
573;Primula glaucescens;Primulaceae;Generalist;0.28;PD;;0.46;0.30
574;Primula integrifolia;Primulaceae;Strict;NA;PD;;0.46;0.30
575;Primula minima;Primulaceae;Strict;0.1484;PD;;0.46;0.30
576;Primula orbicularis;Primulaceae;Strict;NA;PD;;0.46;0.30
577;Primula secundiflora;Primulaceae;Strict;NA;NA;;0.46;0.30
578;Primula stenocalyx;Primulaceae;Generalist;NA;PD;;0.46;0.30
579;Primula tangutica;Primulaceae;Strict;NA;PD;;0.46;0.30
580;Prostanthera cuneata;Lamiaceae;Generalist;1.4016;NA;;;0.93
581;Psychrophila introloba;Ranunculaceae;Strict;0.8792;NA;;;0.04
582;Pterocephalus hookeri;Caprifoliaceae;Generalist;NA;NA;;;0.34
583;Ptilagrostis dichotoma;Poaceae;Strict;NA;ND;;;0.20
584;Pulsatilla violacea;Ranunculaceae;NA;NA;NA;;0.08;0.04
585;Pyrethrum tatsienense;Compositae;Strict;NA;ND;;;1.00
586;Ranunculus acrophilus;Ranunculaceae;Strict;NA;NA;;0.04;0.04
587;Ranunculus anemoneus;Ranunculaceae;Strict;2.9575;NA;;0.04;0.04
588;Ranunculus brotherusii;Ranunculaceae;Generalist;NA;MPD;;0.04;0.04
589;Ranunculus clivicola;Ranunculaceae;Strict;NA;NA;;0.04;0.04
590;Ranunculus dissectifolius;Ranunculaceae;Strict;NA;NA;;0.04;0.04
591;Ranunculus graniticola;Ranunculaceae;Generalist;1.7748;NA;;0.04;0.04
592;Ranunculus gunnianus;Ranunculaceae;Strict;2.1368;NA;;0.04;0.04
593;Ranunculus kamchaticus;Ranunculaceae;Generalist;NA;NA;;0.04;0.04
594;Ranunculus lappaceus;Ranunculaceae;Generalist;2.7941;NA;;0.04;0.04
595;Ranunculus montanus;Ranunculaceae;Generalist;NA;NA;;0.04;0.04
596;Ranunculus muelleri;Ranunculaceae;Strict;1.4172;NA;;0.04;0.04
597;Ranunculus niphophilus;Ranunculaceae;Strict;NA;NA;;0.04;0.04
598;Ranunculus pimpinellifolius;Ranunculaceae;Generalist;NA;NA;;0.04;0.04
599;Reynoutria multiflora;Polygonaceae;NA;NA;NA;;;0.56
600;Rheum palmatum;Polygonaceae;Generalist;NA;NA;;0.63;0.56
601;Rhinanthus alectorolophus;Orobanchaceae;NA;NA;PD;;0.21;0.38
602;Rhinanthus glacialis;Orobanchaceae;Generalist;NA;NA;;0.21;0.38
603;Rhinanthus serotinus;Orobanchaceae;NA;NA;PD;;0.21;0.38
604;Rhodiola kirilowii;Crassulaceae;Generalist;0.1269;PD;;;1.00
605;Rhodiola macrocarpa;Crassulaceae;Generalist;NA;PD;;;1.00
606;Rhodiola tangutica;Crassulaceae;Generalist;NA;NA;;;1.00
607;Rhododendron ferrugineum;Ericaceae;Strict;0.028;PD;;0.25;0.27
608;Rhodophiala andicola;Amaryllidaceae;Generalist;NA;NA;;;0.30
609;Ribes petraeum;Grossulariaceae;NA;NA;PD;;0.02;0.03
610;Richea continentis;Ericaceae;Strict;0.0648;NA;;;0.27
611;Roegneria breviglumis;Poaceae;Strict;NA;PD;;;0.20
612;Rorippa elata;Brassicaceae;Generalist;NA;NA;;;1.00
613;Rumex alpestris;Polygonaceae;Strict;1.2168;NA;;0.50;0.56
614;Rumex nepalensis;Polygonaceae;Generalist;2.6744;ND;;0.50;0.56
615;Rumex suffruticosus;Polygonaceae;Strict;1.1488;NA;;0.50;0.56
616;Rytidosperma alpicola;Poaceae;Strict;NA;NA;;;0.20
617;Rytidosperma nudiflorum;Poaceae;Generalist;1.275;NA;;;0.20
618;Rytidosperma pictum;Poaceae;Generalist;NA;NA;;;0.20
619;Rytidosperma pumilum;Poaceae;Generalist;NA;NA;;;0.20
620;Sagina nivalis;Caryophyllaceae;NA;NA;NA;;0.74;0.66
621;Sagina saginoides;Caryophyllaceae;NA;NA;NA;0.74;0.74;0.66
622;Salix myrsinifolia;Salicaceae;NA;NA;ND;;1.00;0.91
623;Sanguisorba filiformis;Rosaceae;Generalist;NA;NA;;1.00;0.90
624;Sanicula graveolens;Apiaceae;Generalist;2.655;NA;0.04;0.03;0.06
625;Saponaria lutea;Caryophyllaceae;Strict;0.678;NA;;0.56;0.66
626;Saussurea globosa;Compositae;Strict;NA;PD;;1.00;1.00
627;Saussurea graminea;Compositae;Strict;NA;PD;;1.00;1.00
628;Saussurea hieracioides;Compositae;Strict;NA;PD;;1.00;1.00
629;Saussurea kansuensis;Compositae;Strict;NA;PD;;1.00;1.00
630;Saussurea pachyneura;Compositae;Strict;NA;NA;;1.00;1.00
631;Saussurea przewalskii;Compositae;Strict;NA;PD;;1.00;1.00
632;Saussurea stella;Compositae;Generalist;NA;PD;;1.00;1.00
633;Saussurea sylvatica;Compositae;Generalist;NA;PD;;1.00;1.00
634;Saxifraga aizoides;Saxifragaceae;Generalist;0.05;MPD;;0.33;0.20
635;Saxifraga bryoides;Saxifragaceae;Strict;0.0302;MPD;;0.33;0.20
636;Saxifraga caesia;Saxifragaceae;Strict;NA;MPD;;0.33;0.20
637;Saxifraga cespitosa;Saxifragaceae;NA;NA;NA;;0.33;0.20
638;Saxifraga egregia;Saxifragaceae;Generalist;NA;PD;;0.33;0.20
639;Saxifraga exarata;Saxifragaceae;Strict;0.089;NA;;0.33;0.20
640;Saxifraga heleonastes;Saxifragaceae;Strict;NA;NA;;0.33;0.20
641;Saxifraga hirculus;Saxifragaceae;NA;NA;ND;;0.33;0.20
642;Saxifraga hostii;Saxifragaceae;Generalist;0.26;NA;;0.33;0.20
643;Saxifraga melanocentra;Saxifragaceae;Strict;NA;NA;;0.33;0.20
644;Saxifraga montana;Saxifragaceae;Generalist;NA;PD;;0.33;0.20
645;Saxifraga nivalis;Saxifragaceae;NA;NA;PD;;0.33;0.20
646;Saxifraga oppositifolia;Saxifragaceae;Strict;0.11;MPD;;0.33;0.20
647;Saxifraga paniculata;Saxifragaceae;Generalist;0.0625;MPD;;0.33;0.20
648;Saxifraga rivularis;Saxifragaceae;NA;NA;NA;;0.33;0.20
649;Saxifraga sinomontana;Saxifragaceae;Generalist;NA;NA;;0.33;0.20
650;Saxifraga stellaris;Saxifragaceae;Strict;0.0352;MPD;;0.33;0.20
651;Saxifraga tangutica;Saxifragaceae;Generalist;NA;NA;;0.33;0.20
652;Scandix iberica;Apiaceae;NA;NA;NA;0.12;0.14;0.06
653;Schizanthus grahamii;Solanaceae;Generalist;1.2261;NA;;;0.47
654;Schizanthus hookeri;Solanaceae;Generalist;1.5;NA;;;0.47
655;Scleranthus singuliflorus;Caryophyllaceae;Strict;NA;NA;;0.72;0.66
656;Scorzoneroides cantabrica;Compositae;Strict;NA;NA;;;1.00
657;Scorzoneroides helvetica;Compositae;Strict;1.71;NA;;;1.00
658;Sedum ulricae;Crassulaceae;Strict;NA;PD;;1.00;1.00
659;Sedum villosum;Crassulaceae;NA;NA;PD;;1.00;1.00
660;Sempervivum caucasicum;Crassulaceae;NA;NA;NA;;;1.00
661;Senecio bipontinii;Compositae;Generalist;NA;NA;;1.00;1.00
662;Senecio chionophilus;Compositae;Strict;NA;NA;;1.00;1.00
663;Senecio doronicum;Compositae;Strict;0.28;NA;;1.00;1.00
664;Senecio dubitabilis;Compositae;Generalist;NA;PD;;1.00;1.00
665;Senecio eruciformis;Compositae;Generalist;0.6128;NA;;1.00;1.00
666;Senecio gunnii;Compositae;Generalist;0.253;NA;;1.00;1.00
667;Senecio squalidus;Compositae;Generalist;0.287166667;NA;;1.00;1.00
668;Senecio thianschanicus;Compositae;Generalist;NA;NA;;1.00;1.00
669;Sesleria albicans;Poaceae;Generalist;0.32;NA;;0.09;0.20
670;Sesleria caerulea;Poaceae;Generalist;1.3264;NA;;0.09;0.20
671;Sesleria sphaerocephala;Poaceae;Strict;NA;NA;;0.09;0.20
672;Sibbaldia procumbens;Rosaceae;Strict;0.45;NA;;1.00;0.90
673;Silene acaulis;Caryophyllaceae;Strict;0.3596;PD;;0.61;0.66
674;Silene andicola;Caryophyllaceae;Strict;NA;NA;;0.61;0.66
675;Silene ciliata;Caryophyllaceae;Generalist;NA;NA;;0.61;0.66
676;Silene frivaldskyana;Caryophyllaceae;NA;NA;NA;;0.61;0.66
677;Silene himalayensis;Caryophyllaceae;Generalist;NA;ND;;0.61;0.66
678;Silene linearifolia;Caryophyllaceae;NA;NA;NA;;0.61;0.66
679;Silene pygmaea;Caryophyllaceae;NA;NA;NA;;0.61;0.66
680;Silene rupestris;Caryophyllaceae;Generalist;0.0696;PD;;0.61;0.66
681;Silene suecica;Caryophyllaceae;Strict;0.0695;NA;;0.61;0.66
682;Silene uniflora;Caryophyllaceae;NA;NA;NA;;0.61;0.66
683;Silene vallesia;Caryophyllaceae;Generalist;0.6768;NA;;0.61;0.66
684;Silene viscariopsis;Caryophyllaceae;NA;NA;NA;;0.61;0.66
685;Silene vulgaris;Caryophyllaceae;Generalist;0.912;NA;;0.61;0.66
686;Sinochasea trigyna;Poaceae;Strict;NA;PD;;;0.20
687;Sinopodophyllum hexandrum;Berberidaceae;Generalist;NA;MPD;;;0.08
688;Sisymbrium heteromallum;Brassicaceae;Generalist;NA;PD;;1.00;1.00
689;Sisyrinchium arenarium;Iridaceae;Generalist;3.09;NA;;0.11;0.09
690;Sisyrinchium pearcei;Iridaceae;Generalist;NA;NA;;0.11;0.09
691;Smelowskia tibetica;Brassicaceae;Strict;NA;NA;;;1.00
692;Solanum nigrum;Solanaceae;NA;NA;NA;;0.39;0.47
693;Soldanella alpina;Primulaceae;Strict;0.21;ND;;;0.30
694;Solidago virgaurea;Compositae;Generalist;0.468583333;PD;;1.00;1.00
695;Spiraea mongolica;Rosaceae;Generalist;NA;NA;;0.73;0.90
696;Stachys alpina;Lamiaceae;NA;NA;PD;;0.77;0.93
697;Stachys balansae;Lamiaceae;NA;NA;NA;;0.77;0.93
698;Stachys grandidentata;Lamiaceae;Generalist;2.1696;NA;;0.77;0.93
699;Stackhousia monogyna;Celastraceae;Generalist;2.6304;PD;;;0.64
700;Stackhousia pulvinaris;Celastraceae;Strict;1.778;NA;;;0.64
701;Stellaria decumbens;Caryophyllaceae;Strict;NA;NA;;0.69;0.66
702;Stellaria uda;Caryophyllaceae;Generalist;NA;ND;;0.69;0.66
703;Stephanachne nigrescens;Poaceae;Strict;NA;PD;;;0.20
704;Stipa aliena;Poaceae;Generalist;NA;PD;;0.12;0.20
705;Stipa breviflora;Poaceae;Generalist;NA;NA;;0.12;0.20
706;Stipa capillacea;Poaceae;Generalist;NA;PD;;0.12;0.20
707;Stipa concinna;Poaceae;Strict;NA;PD;;0.12;0.20
708;Stipa pappiformis;Poaceae;Strict;NA;NA;;0.12;0.20
709;Stipa regeliana;Poaceae;Generalist;NA;PD;;0.12;0.20
710;Stipa splendens;Poaceae;Generalist;NA;PD;;0.12;0.20
711;Stylidium graminifolium;Stylidiaceae;Generalist;0.182;PD;;;
712;Swertia bifolia;Gentianaceae;Generalist;NA;PD;;;0.21
713;Swertia erythrosticta;Gentianaceae;Generalist;NA;PD;;;0.21
714;Swertia wolfgangiana;Gentianaceae;Generalist;NA;PD;;;0.21
715;Taraxacum alpinum;Compositae;Strict;0.58;NA;;1.00;1.00
716;Taraxacum confusum;Compositae;Strict;NA;NA;;1.00;1.00
717;Taraxacum pieninicum;Compositae;NA;NA;NA;;1.00;1.00
718;Taraxacum stevenii;Compositae;Strict;NA;NA;;1.00;1.00
719;Tasmannia xerophila;Winteraceae;Generalist;28.85;NA;;;
720;Teesdaliopsis conferta;Brassicaceae;Strict;NA;NA;;;1.00
721;Teucrium chamaedrys;Lamiaceae;NA;NA;PD;;;0.93
722;Thalictrum alpinum;Ranunculaceae;Generalist;0.688;MPD;;0.04;0.04
723;Thalictrum rutifolium;Ranunculaceae;Generalist;NA;MPD;;0.04;0.04
724;Thlaspi alpestre;Brassicaceae;NA;NA;NA;;;1.00
725;Thlaspi caerulescens;Brassicaceae;NA;NA;NA;;;1.00
726;Thlaspi orbiculatum;Brassicaceae;NA;NA;NA;;;1.00
727;Tibetia himalaica;Leguminosae;Strict;NA;PY;;;0.97
728;Tofieldia pusilla;Tofieldiaceae;NA;NA;NA;;;0.27
729;Tongoloa elata;Apiaceae;Generalist;NA;MPD;;;0.06
730;Tongoloa gracilis;Apiaceae;Generalist;NA;NA;;;0.06
731;Trichophorum cespitosum;Cyperaceae;NA;NA;NA;;;0.11
732;Trichophorum distigmaticum;Cyperaceae;Generalist;NA;PD;;;0.11
733;Trichophorum pumilum;Cyperaceae;Generalist;0.65;NA;;;0.11
734;Trifolium alpinum;Leguminosae;NA;NA;PY;;0.99;0.97
735;Trifolium badium;Leguminosae;Strict;0.75;NA;;0.99;0.97
736;Trifolium pallescens;Leguminosae;Strict;0.62;NA;;0.99;0.97
737;Trifolium polyphyllum;Leguminosae;Strict;NA;NA;;0.99;0.97
738;Trifolium pratense;Leguminosae;Generalist;1.414;PY;;0.99;0.97
739;Trifolium thalii;Leguminosae;Strict;1.2688;NA;;0.99;0.97
740;Triglochin maritima;Juncaginaceae;Generalist;0.7232;PD;;1.00;1.00
741;Triglochin palustris;Juncaginaceae;Generalist;1.761;PD;;1.00;1.00
742;Trisetum clarkei;Poaceae;Generalist;NA;PD;;;0.20
743;Trisetum spicatum;Poaceae;Generalist;0.417;NA;0.04;0.04;0.20
744;Tristagma bivalve;Amaryllidaceae;Generalist;NA;NA;;;0.30
745;Trollius altissimus;Ranunculaceae;NA;NA;NA;;0.07;0.04
746;Trollius europaeus;Ranunculaceae;Generalist;0.9868;MPD;;0.07;0.04
747;Trollius farreri;Ranunculaceae;Strict;NA;MPD;;0.07;0.04
748;Urtica hyperborea;Urticaceae;Strict;NA;NA;;0.76;0.79
749;Verbascum orientale;Scrophulariaceae;NA;NA;NA;;0.42;0.47
750;Veronica allionii;Plantaginaceae;Strict;NA;NA;;0.34;0.48
751;Veronica alpina;Plantaginaceae;Strict;0.049;PD;;0.34;0.48
752;Veronica aphylla;Plantaginaceae;Strict;NA;PD;;0.34;0.48
753;Veronica bellidioides;Plantaginaceae;Strict;0.11;PD;;0.34;0.48
754;Veronica ciliata;Plantaginaceae;Generalist;NA;PD;;0.34;0.48
755;Veronica eriogyne;Plantaginaceae;Generalist;NA;PD;;0.34;0.48
756;Veronica fruticans;Plantaginaceae;Strict;0.603;PD;;0.34;0.48
757;Veronica gentianoides;Plantaginaceae;NA;NA;NA;;0.34;0.48
758;Veronica perfoliata;Plantaginaceae;Generalist;0.3;NA;;0.34;0.48
759;Veronica szechuanica;Plantaginaceae;Generalist;NA;PD;;0.34;0.48
760;Veronica vandellioides;Plantaginaceae;Generalist;NA;NA;;0.34;0.48
761;Vicia cusnae;Leguminosae;NA;NA;NA;;0.97;0.97
762;Vicia multicaulis;Leguminosae;Generalist;NA;NA;;0.97;0.97
763;Vicia orobus;Leguminosae;NA;NA;NA;;0.97;0.97
764;Viola betonicifolia;Violaceae;Generalist;1.37;NA;;0.61;0.55
765;Viola comollia;Violaceae;Strict;0.59;NA;;0.61;0.55
766;Viola lutea;Violaceae;NA;NA;PD;;0.61;0.55
767;Wahlenbergia ceracea;Campanulaceae;Generalist;0.025;NA;;;0.22
768;Wahlenbergia gloriosa;Campanulaceae;Generalist;0.046;NA;;;0.22
769;Xerochrysum subundulatum;Compositae;Generalist;0.5958;NA;;;1.00
770;Zygophyllum fabago;Zygophyllaceae;NA;NA;PD;;;0.73
