Species,Region,Source,Population,Latitude,Longitude,Min.elevation,Max.elevation,Treeline,Alpine,Scarification,GA3,Stratification,Light,Alternating,Tmean,Temperature,Germinated,Germinable
Achillea_moschata,,,PAV_SO231,Italy,,,,,,N,N,N,Y,Y,7.5,7.5,4,29
Achillea_moschata,,,PAV_SO231,Italy,,,,,,N,N,N,Y,Y,7.5,7.5,4,29
Achillea_moschata,,,PAV_SO231,Italy,,,,,,N,N,N,Y,Y,7.5,7.5,4,29
Achillea_moschata,,,K_203568,Italy,,,,,,N,N,N,Y,N,10,10,2,20
Achillea_moschata,,,K_206879,Italy,,,,,,N,N,N,Y,N,10,10,1,19
Achillea_moschata,,,K_206880,Italy,,,,,,N,N,N,Y,N,10,10,2,20
Achillea_moschata,,,K_203568,Italy,,,,,,N,N,N,Y,N,15,15,7,20
Achillea_moschata,,,K_206879,Italy,,,,,,N,N,N,Y,N,15,15,7,15
Achillea_moschata,,,K_206880,Italy,,,,,,N,N,N,Y,N,15,15,12,19
Achillea_moschata,,,K_207153,Italy,,,,,,N,N,N,Y,N,15,15,6,46
Achillea_moschata,,,PAV_SO231,Italy,,,,,,N,N,N,Y,N,15,15,7,28
Achillea_moschata,,,PAV_SO231,Italy,,,,,,N,N,N,Y,N,15,15,7,28
Achillea_moschata,,,PAV_SO231,Italy,,,,,,N,N,N,Y,N,15,15,7,28
Achillea_moschata,,,PAV_SO231,Italy,,,,,,N,N,N,Y,Y,15,15,9,28
Achillea_moschata,,,PAV_SO231,Italy,,,,,,N,N,N,Y,Y,15,15,9,28
Achillea_moschata,,,PAV_SO231,Italy,,,,,,N,N,N,Y,Y,15,15,9,28
Achillea_moschata,,,PAV_SO288,Italy,,,,,,N,Y,N,Y,Y,15,15,12,23
Achillea_moschata,,,PAV_SO327,Italy,,,,,,N,Y,N,Y,Y,15,15,19,25
Achillea_moschata,,,K_206879,Italy,,,,,,N,N,N,Y,N,20,20,15,20
Achillea_moschata,,,PAV_SO066,Italy,,,,,,N,N,Y,Y,N,20,20,29,29
Achillea_moschata,,,PAV_SO231,Italy,,,,,,N,N,N,Y,N,20,20,18,28
Achillea_moschata,,,PAV_SO231,Italy,,,,,,N,N,N,Y,N,20,20,18,28
Achillea_moschata,,,PAV_SO231,Italy,,,,,,N,N,N,Y,N,20,20,18,28
Achillea_moschata,,,PAV_SO231,Italy,,,,,,N,N,N,Y,Y,20,20,20,26
Achillea_moschata,,,PAV_SO231,Italy,,,,,,N,N,N,Y,Y,20,20,20,26
Achillea_moschata,,,PAV_SO231,Italy,,,,,,N,N,N,Y,Y,20,20,20,26
Achillea_moschata,,,PAV_SO231,Italy,,,,,,N,N,Y,Y,N,20,20,28,30
Achillea_moschata,,,PAV_SO286,Italy,,,,,,N,Y,N,Y,Y,20,20,22,22
Achillea_moschata,,,PAV_BS285,Italy,,,,,,N,N,Y,Y,N,20,20,30,30
Achillea_moschata,,,K_203568,Italy,,,,,,N,N,N,Y,N,25,25,15,17
Achillea_moschata,,,K_206879,Italy,,,,,,N,N,N,Y,N,25,25,18,18
Achillea_moschata,,,K_206880,Italy,,,,,,N,N,N,Y,N,25,25,18,20
Achillea_moschata,,,K_207153,Italy,,,,,,N,N,N,Y,N,25,25,29,46
Achillea_moschata,,,K_207153,Italy,,,,,,N,N,Y,Y,N,25,25,42,47
Aconitum_bucovinense,,,WARS_050/03,Poland,,,,,,N,Y,N,Y,Y,21.66666667,21.66666667,130,500
Aconitum_bucovinense,,,WARS_051/03,Poland,,,,,,N,Y,N,Y,Y,21.66666667,21.66666667,190,500
Aconitum_bucovinense,,,WARS_052/03,Poland,,,,,,N,Y,N,Y,Y,21.66666667,21.66666667,100,500
Aconitum_bucovinense,,,WARS_079/04,Poland,,,,,,N,Y,N,Y,Y,21.66666667,21.66666667,225,500
Aconitum_firmum,,,WARS_001/00,Poland,,,,,,N,Y,N,Y,Y,21.66666667,21.66666667,245,500
Aconitum_firmum,,,WARS_001/01,Poland,,,,,,N,Y,N,Y,Y,21.66666667,21.66666667,205,500
Aconitum_firmum,,,WARS_001/04,Poland,,,,,,N,Y,N,Y,Y,21.66666667,21.66666667,350,500
Aconitum_firmum,,,WARS_002/00,Poland,,,,,,N,Y,N,Y,Y,21.66666667,21.66666667,305,500
Aconitum_firmum,,,WARS_002/01,Poland,,,,,,N,Y,N,Y,Y,21.66666667,21.66666667,145,500
Aconitum_firmum,,,WARS_003/00,Poland,,,,,,N,Y,N,Y,Y,21.66666667,21.66666667,310,500
Aconitum_firmum,,,WARS_003/01,Poland,,,,,,N,Y,N,Y,Y,21.66666667,21.66666667,255,500
Aconitum_firmum,,,WARS_004/00,Poland,,,,,,N,Y,N,Y,Y,21.66666667,21.66666667,0,500
Aconitum_firmum,,,WARS_022/02,Poland,,,,,,N,Y,N,Y,Y,21.66666667,21.66666667,375,500
Aconitum_firmum,,,WARS_023/02,Poland,,,,,,N,Y,N,Y,Y,21.66666667,21.66666667,385,500
Aconitum_firmum,,,WARS_024/02,Poland,,,,,,Y,Y,N,Y,Y,21.66666667,21.66666667,330,500
Aconitum_firmum,,,WARS_025/02,Poland,,,,,,N,Y,N,Y,Y,21.66666667,21.66666667,290,500
Aconitum_firmum,,,WARS_025/03,Poland,,,,,,N,Y,N,Y,Y,21.66666667,21.66666667,215,500
Aconitum_firmum,,,WARS_026/02,Poland,,,,,,N,Y,N,Y,Y,21.66666667,21.66666667,305,500
Aconitum_firmum,,,WARS_027/02,Poland,,,,,,N,Y,N,Y,Y,21.66666667,21.66666667,350,500
Aconitum_firmum,,,WARS_028/02,Poland,,,,,,N,Y,N,Y,Y,21.66666667,21.66666667,330,500
Aconitum_firmum,,,WARS_029/02,Poland,,,,,,N,Y,N,Y,Y,21.66666667,21.66666667,250,500
Aconitum_lasiocarpum,,,WARS_053/03,Poland,,,,,,N,Y,N,Y,Y,21.66666667,21.66666667,250,500
Aconitum_lasiocarpum,,,WARS_080/04,Poland,,,,,,N,Y,N,Y,Y,21.66666667,21.66666667,210,500
Aconitum_lasiocarpum,,,WARS_081/04,Poland,,,,,,N,Y,N,Y,Y,21.66666667,21.66666667,150,500
Aconitum_lycoctonum,,,K_16841,Norway,,,,,,N,N,N,Y,N,5,5,2,20
Aconitum_lycoctonum,,,K_16841,Norway,,,,,,N,Y,N,Y,Y,13.33333333,13.33333333,20,20
Aconitum_lycoctonum,,,K_16841,Norway,,,,,,N,Y,N,Y,Y,15,15,12,20
Aconitum_lycoctonum,,,K_16841,Norway,,,,,,N,Y,N,Y,Y,16,16,17,20
Aconitum_lycoctonum,,,K_16841,Norway,,,,,,N,Y,N,Y,Y,16,16,43,50
Aconitum_lycoctonum,,,B_AT-3005501,Austria,,,,,,N,N,N,Y,N,22,22,0,20
Aconitum_lycoctonum,,,B_FR-2587202,France,,,,,,N,N,N,Y,N,22,22,0,20
Aconitum_nasutum,,,K_343783,Georgia,,,,,,N,Y,Y,Y,N,20,20,5,5
Aconitum_talassicum,,,K_16368,Russia,,,,,,N,N,N,Y,N,6,6,0,20
Aconitum_talassicum,,,K_16368,Russia,,,,,,Y,N,Y,Y,N,10,10,9,20
Aconitum_talassicum,,,K_16368,Russia,,,,,,N,N,Y,Y,N,10,10,10,19
Aconitum_talassicum,,,K_16368,Russia,,,,,,N,N,N,Y,N,11,11,0,20
Aconitum_talassicum,,,K_16368,Russia,,,,,,N,N,Y,Y,N,11,11,14,20
Aconitum_talassicum,,,K_16368,Russia,,,,,,Y,N,Y,Y,N,11,11,15,20
Aconitum_talassicum,,,K_16368,Russia,,,,,,N,N,Y,Y,N,15,15,17,19
Aconitum_talassicum,,,K_16368,Russia,,,,,,N,N,N,Y,Y,16,16,0,20
Aconitum_talassicum,,,K_16368,Russia,,,,,,N,N,N,Y,N,16,16,0,20
Aconitum_talassicum,,,K_16368,Russia,,,,,,N,N,N,Y,N,21,21,0,20
Aconitum_talassicum,,,K_16368,Russia,,,,,,N,N,Y,Y,N,21,21,2,20
Aconitum_talassicum,,,K_16368,Russia,,,,,,N,N,N,Y,Y,26,26,0,20
Aconitum_talassicum,,,K_16368,Russia,,,,,,N,N,N,Y,N,26,26,0,20
Adenophora_liliifolia,,,K_203580,Italy,,,,,,N,Y,N,Y,N,15,15,19,19
Adenophora_liliifolia,,,K_203580,Italy,,,,,,N,Y,N,Y,N,20,20,19,20
Adenostyles_alliariae,,,K_430898,Slovakia,,,,,,N,N,N,Y,N,15,15,6,13
Adenostyles_alliariae,,,K_430898,Slovakia,,,,,,N,N,N,Y,Y,15,15,10,18
Adenostyles_alliariae,,,K_430898,Slovakia,,,,,,N,N,N,Y,N,20,20,9,17
Alchemilla_acutiloba,,,K_109350,United-Kingdom,,,,,,N,N,Y,Y,N,25,25,5,7
Alchemilla_alpina,,,K_130291,United-Kingdom,,,,,,Y,N,Y,Y,N,15,15,15,37
Alchemilla_alpina,,,K_130291,United-Kingdom,,,,,,N,N,N,Y,N,15,15,0,37
Alchemilla_glabra,,,K_122685,United-Kingdom,,,,,,N,N,Y,Y,N,26,26,17,18
Alopecurus_vaginatus,,,K_368425,Georgia,,,,,,Y,N,N,Y,N,10,10,4,20
Alopecurus_vaginatus,,,K_368425,Georgia,,,,,,Y,N,N,Y,Y,13.33333333,13.33333333,6,20
Alopecurus_vaginatus,,,K_368425,Georgia,,,,,,Y,N,N,Y,N,15,15,13,20
Alopecurus_vaginatus,,,K_368425,Georgia,,,,,,Y,N,N,Y,N,20,20,7,20
Alyssoides_utriculata,,,B_IT-3009199,Italy,,,,,,N,N,N,Y,N,22,22,0,20
Alyssoides_utriculata,,,B_GR-2293181,Greece,,,,,,N,N,N,Y,N,22,22,0,20
Alyssoides_utriculata,,,B_GR-2293181,Greece,,,,,,N,N,N,Y,N,22,22,17,20
Alyssoides_utriculata,,,BBGK_06_3413,Greece,,,,,,N,N,N,N,N,21,21,80,100
Amberboa_glauca,,,K_340276,Georgia,,,,,,N,N,N,Y,N,15,15,14,19
Amberboa_glauca,,,K_340276,Georgia,,,,,,N,N,N,Y,Y,15,15,17,19
Amberboa_glauca,,,K_340276,Georgia,,,,,,N,N,N,Y,N,20,20,11,19
Androsace_barbulata,,,K_343808,Georgia,,,,,,N,Y,N,Y,N,20,20,9,9
Androsace_barbulata,,,K_343808,Georgia,,,,,,N,Y,Y,Y,N,20,20,9,10
Anemone_narcissifolia,,,K_185316,Italy,,,,,,N,N,N,Y,N,5,5,0,20
Anemone_narcissifolia,,,K_185316,Italy,,,,,,N,N,N,Y,N,10,10,0,20
Anemone_narcissifolia,,,K_185316,Italy,,,,,,N,N,N,Y,N,15,15,0,20
Anemone_narcissifolia,,,K_185316,Italy,,,,,,N,N,N,Y,Y,15,15,0,20
Anemone_narcissifolia,,,K_185316,Italy,,,,,,N,Y,N,Y,Y,15,15,11,20
Anemone_narcissifolia,,,K_185316,Italy,,,,,,N,N,N,Y,N,20,20,0,20
Anemone_narcissifolia,,,K_185316,Italy,,,,,,N,N,N,Y,Y,20,20,12,20
Anemone_narcissifolia,,,K_185316,Italy,,,,,,N,N,N,Y,N,20,20,16,20
Anemone_narcissifolia,,,WARS_002/04,Poland,,,,,,N,Y,N,Y,Y,21.66666667,21.66666667,355,500
Anemone_narcissifolia,,,WARS_004/01,Poland,,,,,,N,Y,N,Y,Y,21.66666667,21.66666667,70,500
Anemone_narcissifolia,,,B_FR-2606802,France,,,,,,N,N,N,Y,N,22,22,0,20
Anthemis_cretica,,,K_156550,Greece,,,,,,N,N,N,Y,N,20,20,7,7
Aquilegia_atrata,,,PAV_LC153,Italy,,,,,,N,Y,N,Y,N,10,10,6,25
Aquilegia_atrata,,,B_FR-2606302,France,,,,,,N,N,N,Y,N,22,22,16,20
Aquilegia_einseleana,,,K_203719,Italy,,,,,,N,N,N,Y,N,5,5,0,20
Aquilegia_einseleana,,,K_203719,Italy,,,,,,N,N,N,Y,N,10,10,0,20
Aquilegia_einseleana,,,K_203719,Italy,,,,,,N,N,N,Y,N,15,15,0,18
Aquilegia_einseleana,,,K_203719,Italy,,,,,,N,Y,N,Y,Y,15,15,18,20
Aquilegia_einseleana,,,K_16737,Austria,,,,,,N,Y,Y,Y,Y,15,15,32,47
Aquilegia_einseleana,,,PAV_BG338,Italy,,,,,,N,Y,N,Y,Y,15,15,45,50
Aquilegia_einseleana,,,K_16737,Austria,,,,,,N,Y,Y,Y,Y,16,16,34,50
Aquilegia_einseleana,,,K_16737,Austria,,,,,,N,N,Y,Y,Y,16,16,37,50
Aquilegia_einseleana,,,K_203719,Italy,,,,,,N,N,N,Y,N,20,20,0,20
Arenaria_norvegica,,,K_115906,United-Kingdom,,,,,,N,Y,Y,Y,Y,15,15,9,9
Arenaria_norvegica,,,K_109464,United-Kingdom,,,,,,N,Y,Y,Y,Y,15,15,2,10
Arenaria_norvegica,,,K_109464,United-Kingdom,,,,,,N,Y,N,Y,Y,15,15,5,10
Arenaria_norvegica,,,K_109475,United-Kingdom,,,,,,N,N,Y,Y,Y,15,15,19,20
Arenaria_norvegica,,,K_115906,United-Kingdom,,,,,,N,Y,Y,Y,Y,16,16,8,10
Arenaria_norvegica,,,K_109475,United-Kingdom,,,,,,N,Y,Y,Y,Y,16,16,20,20
Arenaria_norvegica,,,K_109464,United-Kingdom,,,,,,N,Y,N,Y,N,20,20,10,10
Arenaria_norvegica&anglica,,,K_100357,United-Kingdom,,,,,,N,Y,Y,Y,Y,15,15,7,20
Arenaria_norvegica&anglica,,,K_100357,United-Kingdom,,,,,,N,Y,Y,Y,Y,15,15,15,20
Arenaria_norvegica&anglica,,,K_100357,United-Kingdom,,,,,,N,Y,Y,Y,Y,16,16,20,20
Arenaria_norvegica&anglica,,,K_109486,United-Kingdom,,,,,,N,N,N,Y,N,20,20,19,20
Arenaria_norvegica&anglica,,,K_109486,United-Kingdom,,,,,,N,N,N,Y,N,21,21,20,20
Artemisia_eriantha,,,WARS_056/03,Poland,,,,,,N,N,N,Y,Y,21.66666667,21.66666667,460,500
Aruncus_dioicus,,,WARS_005/03,Poland,,,,,,N,Y,N,Y,Y,21.66666667,21.66666667,0,500
Aruncus_dioicus,,,WARS_010/03,Poland,,,,,,N,Y,N,Y,Y,21.66666667,21.66666667,410,500
Aruncus_dioicus,,,WARS_011/03,Poland,,,,,,N,Y,N,Y,Y,21.66666667,21.66666667,420,500
Aruncus_dioicus,,,WARS_012/03,Poland,,,,,,N,Y,N,Y,Y,21.66666667,21.66666667,445,500
Aruncus_dioicus,,,WARS_036/04,Poland,,,,,,N,Y,N,Y,Y,21.66666667,21.66666667,395,500
Aruncus_dioicus,,,WARS_037/04,Poland,,,,,,N,Y,N,Y,Y,21.66666667,21.66666667,290,500
Aruncus_dioicus,,,WARS_038/04,Poland,,,,,,N,Y,N,Y,Y,21.66666667,21.66666667,465,500
Aster_ibericus,,,K_368986,Georgia,,,,,,N,N,N,Y,N,15,15,9,16
Aster_ibericus,,,K_368986,Georgia,,,,,,N,N,N,Y,Y,15,15,16,16
Aster_ibericus,,,K_368986,Georgia,,,,,,N,N,N,Y,N,20,20,6,16
Astragalus_australis,,,WARS_001/02,Poland,,,,,,N,Y,N,Y,Y,21.66666667,21.66666667,225,500
Astragalus_australis,,,WARS_043/02,Poland,,,,,,N,Y,N,Y,Y,21.66666667,21.66666667,315,500
Astragalus_australis,,,WARS_044/02,Poland,,,,,,N,Y,N,Y,Y,21.66666667,21.66666667,365,500
Astragalus_cyri,,,K_340597,Georgia,,,,,,Y,N,N,Y,N,15,15,10,10
Astragalus_cyri,,,K_340597,Georgia,,,,,,Y,N,N,Y,N,20,20,10,10
Astragalus_penduliflorus,,,WARS_005/01,Poland,,,,,,N,Y,N,Y,Y,21.66666667,21.66666667,390,500
Astragalus_penduliflorus,,,WARS_007/00,Poland,,,,,,N,Y,N,Y,Y,21.66666667,21.66666667,425,500
Aubrieta_thessala,,,BBGK_98_254,Greece,,,,,,N,N,N,Y,N,21,21,60,100
Aubrieta_thessala,,,BBGK_98_254,Greece,,,,,,N,N,N,N,N,21,21,80,100
Betula_nana,,,K_130947,United-Kingdom,,,,,,N,N,N,Y,N,31,31,38,41
Biebersteinia_orphanidis,,,NKUA_GR1-7,Greece,,,,,,N,N,N,N,N,5,5,0,20
Biebersteinia_orphanidis,,,NKUA_GR1-7,Greece,,,,,,N,N,N,N,N,5,5,2,100
Biebersteinia_orphanidis,,,NKUA_GR1-7,Greece,,,,,,Y,N,N,N,N,5,5,74,100
Biebersteinia_orphanidis,,,NKUA_GR1-7,Greece,,,,,,Y,N,N,N,N,5,5,82,100
Biebersteinia_orphanidis,,,NKUA_GR1-7,Greece,,,,,,N,N,N,N,N,10,10,2,100
Biebersteinia_orphanidis,,,NKUA_GR1-7,Greece,,,,,,Y,N,N,N,N,10,10,61,100
Biebersteinia_orphanidis,,,NKUA_GR1-7,Greece,,,,,,Y,N,Y,N,N,15,15,14,40
Biebersteinia_orphanidis,,,NKUA_GR1-7,Greece,,,,,,N,N,Y,N,N,15,15,0,40
Biebersteinia_orphanidis,,,NKUA_GR1-7,Greece,,,,,,Y,N,Y,N,N,25,25,22,100
Bupleurum_marschallianum,,,K_369237,Georgia,,,,,,N,N,N,Y,N,5,5,0,20
Bupleurum_marschallianum,,,K_369237,Georgia,,,,,,N,N,N,Y,Y,15,15,0,18
Bupleurum_marschallianum,,,K_369237,Georgia,,,,,,N,Y,N,Y,Y,15,15,9,20
Bupleurum_marschallianum,,,K_369237,Georgia,,,,,,N,Y,Y,Y,Y,15,15,12,13
Calamagrostis_arundinacea,,,K_62859,Italy,,,,,,Y,Y,N,Y,Y,16,16,17,20
Calamagrostis_arundinacea,,,K_62859,Italy,,,,,,Y,Y,N,Y,Y,16,16,20,20
Calamagrostis_arundinacea,,,K_62859,Italy,,,,,,Y,Y,N,Y,Y,21.66666667,21.66666667,15,20
Calamagrostis_purpurea,,,K_129547,United-Kingdom,,,,,,N,N,Y,Y,Y,16,16,20,25
Calamagrostis_purpurea,,,K_129558,United-Kingdom,,,,,,N,N,Y,Y,Y,16,16,8,9
Campanula_alliariifolia,,,K_369606,Georgia,,,,,,N,Y,N,Y,Y,15,15,13,20
Campanula_alliariifolia,,,K_369606,Georgia,,,,,,N,Y,N,Y,N,15,15,15,20
Campanula_alliariifolia,,,K_369606,Georgia,,,,,,N,Y,N,Y,N,20,20,3,20
Campanula_hemschinica,,,K_413071,Georgia,,,,,,N,N,N,Y,N,15,15,19,20
Campanula_hemschinica,,,K_413071,Georgia,,,,,,N,N,N,Y,Y,15,15,20,20
Campanula_hemschinica,,,K_413071,Georgia,,,,,,N,N,N,Y,N,20,20,18,20
Campanula_jacquinii,,,CHAN_0240,Greece,,,,,,N,N,N,Y,N,10,10,22,77
Campanula_jacquinii,,,CHAN_0240,Greece,,,,,,N,N,N,N,N,15,15,45,85
Campanula_jacquinii,,,CHAN_0240,Greece,,,,,,N,N,N,Y,N,15,15,55,76
Campanula_jacquinii,,,K_157616,Greece,,,,,,N,N,N,Y,N,15,15,1,10
Campanula_jacquinii,,,CHAN_0240,Greece,,,,,,N,N,N,Y,N,20,20,65,83
Campanula_jacquinii,,,K_157616,Greece,,,,,,N,N,N,Y,N,20,20,9,10
Campanula_latifolia,,,K_28477,Austria,,,,,,N,Y,Y,Y,Y,15,15,13,20
Campanula_latifolia,,,K_28477,Austria,,,,,,N,Y,N,Y,Y,15,15,16,20
Campanula_latifolia,,,K_92472,United-Kingdom,,,,,,N,N,N,Y,N,16,16,0,50
Campanula_latifolia,,,K_92472,United-Kingdom,,,,,,N,N,N,Y,Y,16,16,0,45
Campanula_latifolia,,,K_28477,Austria,,,,,,N,N,N,Y,Y,18.5,18.5,100,100
Campanula_latifolia,,,K_53235,United-Kingdom,,,,,,N,Y,Y,Y,N,20,20,8,17
Campanula_latifolia,,,K_53235,United-Kingdom,,,,,,N,Y,Y,Y,N,20,20,17,19
Campanula_latifolia,,,K_92472,United-Kingdom,,,,,,N,Y,Y,Y,N,20,20,48,50
Campanula_latifolia,,,K_53235,United-Kingdom,,,,,,N,Y,Y,Y,N,21,21,16,18
Campanula_latifolia,,,K_92472,United-Kingdom,,,,,,N,N,N,Y,N,21,21,0,50
Campanula_latifolia,,,K_92472,United-Kingdom,,,,,,N,N,N,Y,Y,21,21,0,50
Campanula_latifolia,,,K_92472,United-Kingdom,,,,,,N,N,Y,Y,N,21,21,0,50
Campanula_latifolia,,,K_92472,United-Kingdom,,,,,,N,Y,Y,Y,N,21,21,50,50
Campanula_latifolia,,,K_28477,Austria,,,,,,N,Y,N,Y,Y,25,25,13,17
Campanula_latifolia,,,K_28477,Austria,,,,,,N,Y,N,Y,Y,25,25,26,38
Campanula_latifolia,,,K_28477,Austria,,,,,,N,Y,N,Y,Y,26,26,16,16
Campanula_latifolia,,,K_92472,United-Kingdom,,,,,,N,N,N,Y,Y,26,26,0,44
Campanula_raineri,,,K_203524,Italy,,,,,,N,Y,N,Y,N,5,5,18,20
Campanula_raineri,,,K_203524,Italy,,,,,,N,N,N,Y,N,15,15,0,50
Campanula_raineri,,,K_203524,Italy,,,,,,N,Y,N,Y,N,15,15,18,20
Campanula_raineri,,,K_203672,Italy,,,,,,N,N,N,Y,N,15,15,0,50
Campanula_raineri,,,K_203672,Italy,,,,,,N,Y,N,Y,Y,15,15,15,19
Campanula_raineri,,,PAV_CO146,Italy,,,,,,N,Y,N,Y,Y,15,15,11,11
Campanula_raineri,,,PAV_CO363,Italy,,,,,,N,Y,N,Y,Y,15,15,47,48
Campanula_raineri,,,PAV_LC305,Italy,,,,,,N,Y,N,Y,Y,15,15,28,28
Campanula_raineri,,,K_203524,Italy,,,,,,N,N,N,Y,N,20,20,0,47
Campanula_raineri,,,K_203524,Italy,,,,,,N,Y,N,Y,N,20,20,18,19
Campanula_raineri,,,K_203672,Italy,,,,,,N,N,N,Y,N,20,20,0,50
Campanula_raineri,,,K_203672,Italy,,,,,,N,Y,N,Y,N,20,20,17,19
Campanula_raineri,,,PAV_CO372,Italy,,,,,,N,Y,N,Y,N,20,20,14,14
Campanula_sarmatica,,,K_343462,Georgia,,,,,,N,N,N,Y,Y,15,15,1,10
Campanula_sarmatica,,,K_343462,Georgia,,,,,,N,Y,N,Y,N,15,15,10,10
Campanula_sarmatica,,,K_343462,Georgia,,,,,,N,N,N,Y,N,20,20,0,10
Campanula_serrata,,,WARS_047/03,Poland,,,,,,N,Y,N,Y,Y,21.66666667,21.66666667,270,500
Campanula_serrata,,,WARS_082/04,Poland,,,,,,N,Y,N,Y,Y,21.66666667,21.66666667,360,500
Campanula_serrata,,,WARS_083/04,Poland,,,,,,N,Y,N,Y,Y,21.66666667,21.66666667,340,500
Campanula_serrata,,,WARS_084/04,Poland,,,,,,N,Y,N,Y,Y,21.66666667,21.66666667,340,500
Campanula_serrata,,,WARS_085/04,Poland,,,,,,N,Y,N,Y,Y,21.66666667,21.66666667,265,500
Carduus_argemone,,,K_345525,United-Kingdom,,,,,,N,N,N,Y,N,15,15,11,18
Carduus_argemone,,,K_345525,United-Kingdom,,,,,,N,N,N,Y,N,20,20,17,18
Carduus_argemone,,,K_345525,United-Kingdom,,,,,,N,N,N,Y,N,25,25,18,18
Carex_buxbaumii,,,K_115973,United-Kingdom,,,,,,N,N,N,Y,Y,26,26,6,8
Carex_capillaris,,,K_128849,United-Kingdom,,,,,,N,Y,Y,Y,Y,15,15,12,12
Carex_capillaris,,,K_128849,United-Kingdom,,,,,,N,N,Y,Y,Y,15,15,13,13
Carex_capillaris,,,K_128849,United-Kingdom,,,,,,N,N,Y,Y,Y,25,25,1,6
Carex_capillaris,,,K_128849,United-Kingdom,,,,,,N,N,Y,Y,Y,25,25,3,15
Carex_capillaris,,,K_128849,United-Kingdom,,,,,,N,Y,Y,Y,Y,25,25,9,11
Carex_capillaris,,,K_128849,United-Kingdom,,,,,,N,N,N,Y,Y,26,26,0,10
Carex_capillaris,,,K_128849,United-Kingdom,,,,,,N,N,Y,Y,Y,26,26,0,8
Carex_capillaris,,,K_128849,United-Kingdom,,,,,,N,Y,N,Y,Y,26,26,0,7
Carex_capillaris,,,K_128849,United-Kingdom,,,,,,N,Y,N,Y,Y,26,26,0,7
Carex_capillaris,,,K_128849,United-Kingdom,,,,,,N,Y,N,Y,Y,26,26,3,10
Carex_lachenalii,,,K_137119,United-Kingdom,,,,,,N,N,Y,Y,Y,26,26,8,10
Carex_microglochin,,,K_121541,United-Kingdom,,,,,,Y,N,Y,Y,Y,26,26,7,9
Carex_pulicaris,,,K_91844,United-Kingdom,,,,,,Y,N,N,Y,Y,25,25,47,51
Carex_pulicaris,,,K_91844,United-Kingdom,,,,,,Y,N,N,Y,Y,26,26,13,17
Carex_rariflora,,,K_122445,United-Kingdom,,,,,,N,N,N,Y,N,21,21,0,10
Carex_rariflora,,,K_122445,United-Kingdom,,,,,,N,N,N,Y,N,26,26,0,10
Carex_rariflora,,,K_122445,United-Kingdom,,,,,,N,N,N,Y,Y,26,26,0,8
Carex_rariflora,,,K_122445,United-Kingdom,,,,,,Y,N,N,Y,Y,26,26,1,10
Carex_rariflora,,,K_122445,United-Kingdom,,,,,,Y,Y,Y,Y,Y,26,26,3,9
Carex_rariflora,,,K_122445,United-Kingdom,,,,,,Y,N,N,Y,Y,26,26,3,10
Carex_rariflora,,,K_122445,United-Kingdom,,,,,,Y,N,Y,Y,Y,26,26,4,10
Carex_rariflora,,,K_122445,United-Kingdom,,,,,,Y,N,Y,Y,Y,26,26,5,10
Carex_rariflora,,,K_122445,United-Kingdom,,,,,,Y,N,Y,Y,Y,26,26,8,10
Carex_rariflora,,,K_122445,United-Kingdom,,,,,,N,N,N,Y,N,31,31,0,10
Carex_rostrata,,,K_138080,United-Kingdom,,,,,,N,N,N,Y,Y,26,26,14,16
Carex_saxatilis,,,K_121530,United-Kingdom,,,,,,N,N,N,Y,N,21,21,0,20
Carex_saxatilis,,,K_121530,United-Kingdom,,,,,,N,N,N,Y,N,26,26,0,19
Carex_saxatilis,,,K_121530,United-Kingdom,,,,,,Y,N,N,Y,Y,26,26,0,16
Carex_saxatilis,,,K_121530,United-Kingdom,,,,,,N,Y,N,Y,Y,26,26,2,20
Carex_saxatilis,,,K_121530,United-Kingdom,,,,,,N,N,Y,Y,Y,26,26,2,8
Carex_saxatilis,,,K_121530,United-Kingdom,,,,,,N,Y,Y,Y,Y,26,26,6,18
Carex_saxatilis,,,K_121530,United-Kingdom,,,,,,N,N,Y,Y,Y,26,26,6,20
Carex_saxatilis,,,K_121530,United-Kingdom,,,,,,N,N,N,Y,Y,26,26,7,19
Carex_saxatilis,,,K_122423,United-Kingdom,,,,,,Y,Y,Y,Y,Y,26,26,7,9
Carex_saxatilis,,,K_121530,United-Kingdom,,,,,,N,N,N,Y,N,31,31,0,20
Carlina_biebersteinii,,,K_361725,Hungary,,,,,,N,N,N,Y,N,10,10,20,20
Carlina_biebersteinii,,,K_361725,Hungary,,,,,,N,N,N,Y,N,15,15,19,19
Carlina_biebersteinii,,,K_361725,Hungary,,,,,,N,N,N,Y,N,25,25,19,20
Centaurea_reflexa,,,K_340302,Georgia,,,,,,N,N,N,Y,N,15,15,8,9
Cerastium_alpinum,,,K_121301,United-Kingdom,,,,,,N,N,N,Y,N,11,11,20,20
Cerastium_alpinum,,,K_170217,United-Kingdom,,,,,,N,N,N,Y,N,15,15,20,20
Cerastium_alpinum,,,K_170217,United-Kingdom,,,,,,N,N,N,Y,N,20,20,19,19
Cerastium_alpinum,,,WARS_100/04,Poland,,,,,,N,Y,N,Y,Y,21.66666667,21.66666667,300,500
Cerastium_arcticum,,,K_122629,United-Kingdom,,,,,,N,N,N,Y,Y,15,15,18,20
Cerastium_arcticum,,,K_122629,United-Kingdom,,,,,,N,N,N,Y,Y,16,16,25,25
Cerastium_argenteum,,,K_340472,Georgia,,,,,,N,N,N,Y,N,10,10,20,20
Cerastium_argenteum,,,K_340472,Georgia,,,,,,N,N,N,Y,N,15,15,20,20
Cerastium_argenteum,,,K_340472,Georgia,,,,,,N,N,N,Y,Y,15,15,20,20
Cerastium_cerastoides,,,K_122641,United-Kingdom,,,,,,N,N,N,Y,N,10,10,7,20
Cerastium_cerastoides,,,K_122641,United-Kingdom,,,,,,N,N,N,Y,Y,13.33333333,13.33333333,13,18
Cerastium_cerastoides,,,K_122641,United-Kingdom,,,,,,N,Y,N,Y,Y,13.33333333,13.33333333,17,20
Cerastium_cerastoides,,,K_122412,United-Kingdom,,,,,,N,N,N,Y,Y,15,15,7,10
Cerastium_cerastoides,,,K_122412,United-Kingdom,,,,,,Y,Y,N,Y,Y,15,15,9,9
Cerastium_cerastoides,,,K_122652,United-Kingdom,,,,,,N,N,N,Y,Y,15,15,11,13
Cerastium_cerastoides,,,K_163815,Italy,,,,,,N,N,N,Y,N,15,15,9,10
Cerastium_cerastoides,,,K_122412,United-Kingdom,,,,,,N,N,N,Y,Y,16,16,20,23
Cerastium_cerastoides,,,K_122641,United-Kingdom,,,,,,N,N,N,Y,Y,16,16,17,22
Cerastium_cerastoides,,,K_122652,United-Kingdom,,,,,,N,N,N,Y,Y,16,16,25,25
Cerastium_cerastoides,,,K_163815,Italy,,,,,,N,N,N,Y,N,20,20,10,10
Cochlearia_tatrae,,,WARS_008/00,Poland,,,,,,N,Y,N,Y,Y,21.66666667,21.66666667,460,500
Cochlearia_tatrae,,,WARS_009/00,Poland,,,,,,N,Y,N,Y,Y,21.66666667,21.66666667,490,500
Cochlearia_tatrae,,,WARS_010/00,Poland,,,,,,N,Y,N,Y,Y,21.66666667,21.66666667,480,500
Comarum_palustre,,,K_174972,Belgium,,,,,,N,N,Y,Y,Y,13.33333333,13.33333333,17,22
Comarum_palustre,,,K_135403,United-Kingdom,,,,,,N,N,Y,Y,Y,13.33333333,13.33333333,6,7
Comarum_palustre,,,K_135621,United-Kingdom,,,,,,N,N,Y,Y,Y,13.33333333,13.33333333,16,20
Comarum_palustre,,,K_141820,United-Kingdom,,,,,,N,N,Y,Y,Y,13.33333333,13.33333333,45,47
Comarum_palustre,,,K_174972,Belgium,,,,,,N,N,N,Y,N,15,15,0,13
Comarum_palustre,,,K_141820,United-Kingdom,,,,,,Y,N,N,Y,Y,15,15,37,49
Comarum_palustre,,,K_135252,United-Kingdom,,,,,,N,N,Y,Y,Y,16,16,11,20
Comarum_palustre,,,K_135919,United-Kingdom,,,,,,N,N,Y,Y,Y,16,16,19,20
Comarum_palustre,,,K_141820,United-Kingdom,,,,,,N,N,N,Y,N,16,16,0,47
Comarum_palustre,,,K_174972,Belgium,,,,,,N,N,N,Y,N,20,20,0,13
Comarum_palustre,,,K_135252,United-Kingdom,,,,,,N,N,Y,Y,N,20,20,5,16
Comarum_palustre,,,K_135252,United-Kingdom,,,,,,N,N,Y,Y,N,21,21,15,19
Comarum_palustre,,,K_141820,United-Kingdom,,,,,,N,N,N,Y,N,21,21,0,49
Comarum_palustre,,,B_SE-1963406,Sweden,,,,,,N,N,N,Y,N,22,22,0,20
Comarum_palustre,,,K_174972,Belgium,,,,,,N,N,N,Y,N,25,25,0,17
Comarum_palustre,,,K_135252,United-Kingdom,,,,,,N,N,Y,Y,N,26,26,14,20
Comarum_palustre,,,K_141820,United-Kingdom,,,,,,N,N,N,Y,N,26,26,0,49
Cortusa_matthioli,,,K_20921,Austria,,,,,,N,N,N,Y,N,20,20,4,49
Cortusa_matthioli,,,K_20921,Austria,,,,,,N,N,Y,Y,N,20,20,38,45
Cortusa_matthioli,,,K_20921,Austria,,,,,,N,Y,N,Y,N,20,20,40,47
Cortusa_matthioli,,,K_20921,Austria,,,,,,N,Y,N,Y,N,20,20,41,45
Cortusa_matthioli,,,WARS_002/99,Poland,,,,,,N,Y,N,Y,Y,21.66666667,21.66666667,485,500
Cortusa_matthioli,,,WARS_003/04,Poland,,,,,,N,N,N,Y,Y,21.66666667,21.66666667,315,500
Cortusa_matthioli,,,WARS_011/00,Poland,,,,,,N,Y,N,Y,Y,21.66666667,21.66666667,450,500
Cortusa_matthioli,,,K_20921,Austria,,,,,,N,N,N,Y,N,31,31,46,50
Cortusa_matthioli,,,K_20921,Austria,,,,,,N,N,N,Y,N,31,31,92,100
Crepis_sibirica,,,K_32476,Russia,,,,,,N,N,N,Y,N,26,26,15,20
Crepis_sibirica,,,K_32476,Russia,,,,,,N,N,N,Y,Y,26,26,46,49
Crepis_sibirica,,,K_32476,Russia,,,,,,N,N,N,Y,Y,26,26,50,50
Delphinium_cyphoplectrum,,,K_341712,Georgia,,,,,,N,Y,N,Y,Y,15,15,6,7
Delphinium_elatum,,,K_16416,Russia,,,,,,Y,Y,N,Y,Y,15,15,31,50
Delphinium_elatum,,,K_16416,Russia,,,,,,Y,Y,N,Y,Y,16,16,15,23
Dianthus_barbatus,,,WARS_006/01,Poland,,,,,,N,Y,N,Y,Y,21.66666667,21.66666667,410,500
Dianthus_barbatus,,,WARS_013/03,Poland,,,,,,N,Y,N,Y,Y,21.66666667,21.66666667,415,500
Dianthus_barbatus,,,WARS_014/03,Poland,,,,,,N,Y,N,Y,Y,21.66666667,21.66666667,400,500
Dianthus_barbatus,,,B_HR-0602779,Croatia,,,,,,N,N,N,Y,N,22,22,10,20
Dianthus_furcatus,,,K_27045,Spain,,,,,,N,N,N,Y,N,20,20,19,20
Dianthus_furcatus,,,K_27045,Spain,,,,,,N,N,N,Y,N,21,21,18,19
Dianthus_furcatus,,,K_27045,Spain,,,,,,N,N,N,Y,N,21,21,18,20
Dianthus_furcatus,,,K_27045,Spain,,,,,,N,N,N,Y,N,21,21,91,100
Dianthus_orientalis,,,K_340483,Georgia,,,,,,N,N,N,Y,N,20,20,7,8
Dianthus_plumarius,,,WARS_002/02,Poland,,,,,,N,N,N,Y,Y,21.66666667,21.66666667,430,500
Dianthus_plumarius,,,WARS_003/02,Poland,,,,,,N,N,N,Y,Y,21.66666667,21.66666667,410,500
Dianthus_plumarius,,,WARS_007/01,Poland,,,,,,N,N,N,Y,Y,21.66666667,21.66666667,480,500
Dianthus_plumarius,,,WARS_012/00,Poland,,,,,,N,N,N,Y,Y,21.66666667,21.66666667,460,500
Dianthus_plumarius,,,WARS_024/04,Poland,,,,,,N,N,N,Y,Y,21.66666667,21.66666667,420,500
Dianthus_plumarius,,,WARS_035/03,Poland,,,,,,N,N,N,Y,Y,21.66666667,21.66666667,440,500
Doronicum_austriacum,,,WARS_015/00,Poland,,,,,,N,N,N,Y,Y,21.66666667,21.66666667,0,500
Doronicum_austriacum,,,WARS_026/03,Poland,,,,,,N,Y,N,Y,Y,21.66666667,21.66666667,435,500
Doronicum_austriacum,,,WARS_089/04,Poland,,,,,,N,Y,N,Y,Y,21.66666667,21.66666667,330,500
Draba_aizoides,,,K_135986,United-Kingdom,,,,,,N,N,N,Y,N,16,16,20,20
Draba_norvegica,,,K_122766,United-Kingdom,,,,,,N,Y,N,Y,N,21,21,10,10
Eleocharis_quinqueflora,,,K_143813,United-Kingdom,,,,,,Y,N,Y,Y,Y,16,16,6,8
Elymus_caninus,,,K_12500,Italy,,,,,,N,N,N,Y,Y,13.33333333,13.33333333,16,20
Elymus_caninus,,,K_43762,Italy,,,,,,N,N,N,Y,Y,13.33333333,13.33333333,10,10
Elymus_caninus,,,K_18720,United-Kingdom,,,,,,N,N,N,Y,Y,15,15,18,18
Elymus_caninus,,,K_12500,Italy,,,,,,N,N,N,Y,Y,16,16,19,20
Elymus_caninus,,,K_12500,Italy,,,,,,N,N,N,Y,Y,16,16,84,100
Elymus_caninus,,,K_43762,Italy,,,,,,N,N,N,Y,Y,16,16,10,10
Elymus_caninus,,,K_43762,Italy,,,,,,N,N,N,Y,Y,16,16,93,100
Elymus_caninus,,,K_18720,United-Kingdom,,,,,,N,N,N,Y,Y,16,16,19,19
Elymus_caninus,,,K_18720,United-Kingdom,,,,,,N,N,N,Y,Y,16,16,50,50
Elymus_caninus,,,K_6334,Italy,,,,,,N,N,N,Y,N,20,20,19,19
Elymus_caninus,,,K_163745,United-Kingdom,,,,,,N,N,N,Y,N,20,20,10,10
Elymus_caninus,,,K_6334,Italy,,,,,,N,N,N,Y,N,21,21,20,20
Elymus_caninus,,,K_6334,Italy,,,,,,N,N,N,Y,N,21,21,44,50
Epilobium_alpestre,,,K_430706,Slovakia,,,,,,N,N,N,Y,N,15,15,9,18
Epilobium_alpestre,,,K_430706,Slovakia,,,,,,N,N,N,Y,N,20,20,20,20
Epilobium_alpestre,,,K_430706,Slovakia,,,,,,N,N,N,Y,N,25,25,19,19
Epilobium_alsinifolium,,,K_154408,United-Kingdom,,,,,,N,N,N,Y,N,20,20,10,10
Eriophorum_latifolium,,,BR_1996124196,Belgium,,,,,,N,N,N,Y,Y,25,25,31,48
Erysimum_pieninicum,,,WARS_007/02,Poland,,,,,,N,N,N,Y,Y,21.66666667,21.66666667,225,500
Erysimum_pieninicum,,,WARS_008/02,Poland,,,,,,N,N,N,Y,Y,21.66666667,21.66666667,435,500
Festuca_altissima,,,K_128584,United-Kingdom,,,,,,N,N,N,Y,Y,16,16,39,41
Festuca_altissima,,,K_12522,Italy,,,,,,N,N,N,Y,N,20,20,48,49
Festuca_altissima,,,K_12522,Italy,,,,,,N,N,N,Y,N,21,21,45,50
Festuca_altissima,,,K_12522,Italy,,,,,,N,N,N,Y,N,21,21,85,100
Festuca_melanopsis,,,K_186597,Italy,,,,,,N,N,N,Y,Y,13.33333333,13.33333333,16,16
Festuca_melanopsis,,,K_186597,Italy,,,,,,Y,N,N,Y,N,15,15,18,20
Festuca_nigrescens,,,K_6286,Italy,,,,,,N,N,N,Y,N,20,20,20,20
Festuca_nigrescens,,,K_163859,Germany,,,,,,N,N,N,Y,N,20,20,7,9
Festuca_nigrescens,,,K_6286,Italy,,,,,,N,N,N,Y,N,21,21,18,18
Festuca_nigrescens,,,K_6286,Italy,,,,,,N,N,N,Y,N,21,21,91,100
Galium_articulatum,,,K_371003,Georgia,,,,,,N,N,N,Y,N,20,20,5,7
Gentiana_burseri,,,K_52663,Belgium,,,,,,N,N,N,Y,N,25,25,49,50
Gentiana_burseri,,,K_52663,Belgium,,,,,,N,N,N,Y,N,26,26,50,50
Gentiana_decumbens,,,K_52685,Switzerland,,,,,,N,N,N,Y,N,5,5,48,50
Gentiana_decumbens,,,K_52685,Switzerland,,,,,,N,Y,N,Y,N,15,15,42,48
Gentiana_decumbens,,,K_52685,Switzerland,,,,,,N,N,N,Y,N,15,15,22,50
Gentiana_decumbens,,,K_52685,Switzerland,,,,,,N,N,N,Y,N,16,16,50,50
Gentiana_decumbens,,,K_52685,Switzerland,,,,,,N,N,Y,Y,N,20,20,47,48
Gentiana_depressa,,,K_52630,Russia,,,,,,N,N,N,Y,N,15,15,48,50
Gentiana_depressa,,,K_52630,Russia,,,,,,N,N,N,Y,N,16,16,45,45
Gentiana_depressa,,,K_56487,Hungary,,,,,,N,N,N,Y,N,20,20,46,48
Gentiana_depressa,,,K_56487,Hungary,,,,,,N,N,N,Y,N,21,21,46,47
Gentiana_grandiflora,,,K_52629,Germany,,,,,,N,N,N,Y,N,15,15,43,50
Gentiana_grandiflora,,,K_52629,Germany,,,,,,N,N,N,Y,N,16,16,48,50
Gentiana_rockhillii,,,K_52618,Germany,,,,,,N,N,N,Y,N,25,25,43,50
Gentiana_rockhillii,,,K_52618,Germany,,,,,,N,N,N,Y,N,26,26,48,48
Gentiana_septemfida,,,K_424378,Georgia,,,,,,N,N,Y,Y,Y,15,15,17,18
Gentiana_septemfida,,,K_424378,Georgia,,,,,,N,N,N,Y,Y,15,15,3,19
Gentiana_wattenii,,,K_52674,Austria,,,,,,N,N,N,Y,N,15,15,49,50
Gentiana_wattenii,,,K_52674,Austria,,,,,,N,N,N,Y,N,16,16,50,50
Gentiana_wattenii,,,K_34540,Austria,,,,,,N,N,Y,Y,N,21,21,99,100
Gentiana_wattenii,,,K_34540,Austria,,,,,,N,N,Y,Y,N,21,21,46,50
Gentiana_wattenii,,,K_34540,Austria,,,,,,N,N,Y,Y,N,21,21,45,50
Gentianella_amarella,,,K_52571,United-Kingdom,,,,,,N,Y,Y,Y,Y,15,15,43,50
Gentianella_amarella,,,K_52571,United-Kingdom,,,,,,N,Y,N,Y,Y,15,15,37,49
Gentianella_amarella,,,K_402855,United-Kingdom,,,,,,N,Y,Y,Y,Y,15,15,10,20
Gentianella_amarella,,,K_52571,United-Kingdom,,,,,,N,Y,N,Y,Y,16,16,20,20
Gentianella_amarella,,,K_18546,United-Kingdom,,,,,,Y,Y,Y,Y,N,20,20,20,20
Gentianella_amarella,,,K_402855,United-Kingdom,,,,,,Y,Y,Y,Y,N,20,20,20,20
Gentianella_amarella,,,K_402855,United-Kingdom,,,,,,N,N,N,Y,N,20,20,0,20
Gentianella_amarella,,,K_18546,United-Kingdom,,,,,,Y,Y,Y,Y,N,21,21,48,49
Gentianella_amarella,,,K_131379,United-Kingdom,,,,,,N,N,N,Y,N,21,21,17,20
Gentianella_amarella,,,B_GB-2070906,United-Kingdom,,,,,,N,N,N,Y,N,22,22,0,20
Geum_pyrenaicum,,,K_80112,Spain,,,,,,N,N,N,Y,Y,16,16,19,20
Geum_pyrenaicum,,,K_80112,Spain,,,,,,N,N,N,Y,Y,16,16,20,20
Geum_rivale,,,K_139984,United-Kingdom,,,,,,N,N,N,Y,N,15,15,1,3
Geum_rivale,,,K_139984,United-Kingdom,,,,,,N,N,N,Y,Y,18.33333333,18.33333333,3,3
Geum_rivale,,,BR_1991108488,Belgium,,,,,,N,N,N,Y,N,20,20,12,50
Geum_rivale,,,K_139984,United-Kingdom,,,,,,N,N,N,Y,N,21,21,1,10
Glyceria_notata,,,K_127314,United-Kingdom,,,,,,N,KNO3,N,Y,Y,16,16,20,20
Glyceria_notata,,,B_DE-1953206,Germany,,,,,,N,N,N,Y,N,22,22,0,20
Gypsophila_elegans,,,K_340494,Georgia,,,,,,N,N,N,Y,N,15,15,7,10
Gypsophila_elegans,,,K_340494,Georgia,,,,,,Y,Y,N,Y,N,15,15,10,10
Gypsophila_elegans,,,K_340494,Georgia,,,,,,N,N,N,Y,N,20,20,4,10
Heliotropium_ellipticum,,,K_371070,Georgia,,,,,,N,N,N,Y,Y,15,15,19,19
Heliotropium_ellipticum,,,K_371070,Georgia,,,,,,N,N,N,Y,Y,25,25,15,17
Heliotropium_ellipticum,,,K_371070,Georgia,,,,,,N,N,N,Y,N,25,25,14,19
Herminium_monorchis,,,K_130785,United-Kingdom,,,,,,N,N,N,Y,N,21,21,200,200
Hieracium_attenuatifolium,,,K_132158,United-Kingdom,,,,,,N,N,N,Y,Y,16,16,8,10
Hieracium_attenuatifolium,,,K_140270,United-Kingdom,,,,,,N,N,N,Y,Y,16,16,7,7
Hieracium_backhousei,,,K_117368,United-Kingdom,,,,,,N,N,N,Y,Y,15,15,6,6
Hieracium_backhousei,,,K_117380,United-Kingdom,,,,,,N,N,N,Y,Y,15,15,10,10
Hieracium_calenduliflorum,,,K_116947,United-Kingdom,,,,,,N,N,N,Y,Y,15,15,20,20
Hieracium_calenduliflorum,,,K_116947,United-Kingdom,,,,,,N,N,N,Y,Y,16,16,10,10
Hieracium_calvum,,,K_107976,United-Kingdom,,,,,,N,N,N,Y,Y,15,15,9,10
Hieracium_calvum,,,K_117254,United-Kingdom,,,,,,N,N,N,Y,Y,15,15,9,9
Hieracium_calvum,,,K_117265,United-Kingdom,,,,,,N,N,N,Y,Y,15,15,9,9
Hieracium_calvum,,,K_117287,United-Kingdom,,,,,,N,N,N,Y,Y,15,15,19,19
Hieracium_calvum,,,K_117298,United-Kingdom,,,,,,N,N,N,Y,Y,15,15,8,10
Hieracium_calvum,,,K_117438,United-Kingdom,,,,,,N,N,N,Y,Y,15,15,19,19
Hieracium_calvum,,,K_117450,United-Kingdom,,,,,,N,N,N,Y,Y,15,15,19,20
Hieracium_calvum,,,K_107976,United-Kingdom,,,,,,N,N,N,Y,Y,16,16,9,10
Hieracium_calvum,,,K_117276,United-Kingdom,,,,,,N,N,Y,Y,Y,16,16,9,10
Hieracium_calvum,,,K_117287,United-Kingdom,,,,,,N,N,N,Y,Y,16,16,9,10
Hieracium_calvum,,,K_117438,United-Kingdom,,,,,,N,N,N,Y,Y,16,16,10,10
Hieracium_calvum,,,K_117450,United-Kingdom,,,,,,N,N,N,Y,Y,16,16,7,9
Hieracium_completum,,,K_117195,United-Kingdom,,,,,,N,N,N,Y,Y,15,15,10,10
Hieracium_eximium,,,K_333265,United-Kingdom,,,,,,Y,N,N,Y,Y,15,15,7,7
Hieracium_eximium,,,K_108641,United-Kingdom,,,,,,N,N,Y,Y,Y,15,15,6,9
Hieracium_eximium,,,K_108641,United-Kingdom,,,,,,N,N,Y,Y,Y,16,16,7,7
Hieracium_globosiflorum,,,K_333254,United-Kingdom,,,,,,N,N,N,Y,Y,15,15,7,8
Hieracium_graniticola,,,K_107909,United-Kingdom,,,,,,N,N,N,Y,Y,15,15,6,9
Hieracium_graniticola,,,K_107910,United-Kingdom,,,,,,Y,N,N,Y,N,15,15,9,10
Hieracium_graniticola,,,K_117508,United-Kingdom,,,,,,N,N,N,Y,Y,15,15,18,19
Hieracium_graniticola,,,K_107909,United-Kingdom,,,,,,N,N,N,Y,Y,16,16,7,8
Hieracium_graniticola,,,K_107910,United-Kingdom,,,,,,Y,N,N,Y,N,16,16,16,19
Hieracium_graniticola,,,K_117508,United-Kingdom,,,,,,N,N,N,Y,Y,16,16,6,7
Hieracium_hanburyi,,,K_117519,United-Kingdom,,,,,,N,N,N,Y,Y,15,15,5,6
Hieracium_hanburyi,,,K_108113,United-Kingdom,,,,,,Y,N,N,Y,N,16,16,5,10
Hieracium_larigense,,,K_108227,United-Kingdom,,,,,,Y,N,N,Y,Y,16,16,8,9
Hieracium_leptodon,,,K_108087,United-Kingdom,,,,,,N,N,N,Y,Y,15,15,8,9
Hieracium_leptodon,,,K_108098,United-Kingdom,,,,,,N,N,N,Y,Y,15,15,7,8
Hieracium_leptodon,,,K_116785,United-Kingdom,,,,,,N,N,N,Y,Y,15,15,18,18
Hieracium_leptodon,,,K_116800,United-Kingdom,,,,,,N,N,N,Y,Y,15,15,18,18
Hieracium_leptodon,,,K_108087,United-Kingdom,,,,,,N,N,N,Y,Y,16,16,7,7
Hieracium_leptodon,,,K_108098,United-Kingdom,,,,,,N,N,N,Y,Y,16,16,6,6
Hieracium_leptodon,,,K_116785,United-Kingdom,,,,,,N,N,N,Y,Y,16,16,9,9
Hieracium_macrocarpum,,,K_117047,United-Kingdom,,,,,,N,N,N,Y,Y,15,15,15,20
Hieracium_macrocarpum,,,K_117047,United-Kingdom,,,,,,N,N,N,Y,Y,16,16,5,5
Hieracium_milesii,,,K_108191,United-Kingdom,,,,,,N,N,N,Y,Y,15,15,9,10
Hieracium_milesii,,,K_108191,United-Kingdom,,,,,,N,N,N,Y,Y,16,16,9,10
Hieracium_pensum,,,K_108526,United-Kingdom,,,,,,N,N,N,Y,Y,15,15,6,6
Hieracium_pensum,,,K_108537,United-Kingdom,,,,,,N,N,N,Y,Y,15,15,8,9
Hieracium_pensum,,,K_108548,United-Kingdom,,,,,,N,N,N,Y,Y,15,15,6,8
Hieracium_pensum,,,K_108526,United-Kingdom,,,,,,N,N,N,Y,Y,16,16,7,7
Hieracium_pensum,,,K_108537,United-Kingdom,,,,,,N,N,N,Y,Y,16,16,7,7
Hieracium_pensum,,,K_108548,United-Kingdom,,,,,,N,N,N,Y,Y,16,16,7,8
Hieracium_perscitum,,,K_117151,United-Kingdom,,,,,,N,N,N,Y,Y,15,15,10,10
Hieracium_perscitum,,,K_117184,United-Kingdom,,,,,,N,N,N,Y,Y,15,15,10,10
Hieracium_snowdoniense,,,K_227281,United-Kingdom,,,,,,N,N,N,Y,Y,15,15,9,10
Hieracium_snowdoniense,,,K_261456,United-Kingdom,,,,,,N,N,N,Y,Y,15,15,8,8
Hieracium_stewartii,,,K_331825,Ireland,,,,,,N,N,N,Y,Y,15,15,15,15
Hieracium_zygophorum,,,K_238902,United-Kingdom,,,,,,N,Y,N,Y,Y,15,15,15,17
Hieracium_zygophorum,,,K_238902,United-Kingdom,,,,,,N,N,N,Y,Y,15,15,23,34
Holosteum_marginatum,,,K_340531,Georgia,,,,,,N,N,N,Y,N,10,10,15,20
Holosteum_marginatum,,,K_340531,Georgia,,,,,,N,N,N,Y,N,15,15,16,20
Horminum_pyrenaicum,,,K_27023,France,,,,,,N,Y,N,Y,N,15,15,4,10
Horminum_pyrenaicum,,,K_27023,France,,,,,,N,N,N,Y,Y,15,15,3,9
Horminum_pyrenaicum,,,K_27023,France,,,,,,N,N,N,Y,Y,16,16,8,20
Horminum_pyrenaicum,,,K_27023,France,,,,,,N,Y,N,Y,Y,16,16,2,10
Horminum_pyrenaicum,,,K_27023,France,,,,,,N,Y,N,Y,N,20,20,9,10
Horminum_pyrenaicum,,,K_27023,France,,,,,,N,N,N,Y,N,21,21,18,20
Horminum_pyrenaicum,,,K_27023,France,,,,,,N,N,N,Y,N,21,21,18,20
Horminum_pyrenaicum,,,K_27023,France,,,,,,N,N,N,Y,N,21,21,6,20
Hyssopus_angustifolius,,,K_371092,Georgia,,,,,,N,N,N,Y,N,15,15,16,16
Hyssopus_angustifolius,,,K_371092,Georgia,,,,,,N,Y,N,Y,N,15,15,18,18
Hyssopus_angustifolius,,,K_371092,Georgia,,,,,,N,Y,N,Y,N,20,20,20,20
Hyssopus_angustifolius,,,K_371092,Georgia,,,,,,N,N,N,Y,N,20,20,15,18
Juncus_balticus,,,K_122881,United-Kingdom,,,,,,N,N,N,Y,N,15,15,11,20
Juncus_balticus,,,K_122881,United-Kingdom,,,,,,N,N,N,Y,N,20,20,17,20
Juncus_balticus,,,K_122881,United-Kingdom,,,,,,N,N,N,Y,N,25,25,20,20
Juncus_balticus,,,K_123143,United-Kingdom,,,,,,N,N,N,Y,N,26,26,20,20
Juncus_biglumis,,,K_121471,United-Kingdom,,,,,,Y,N,N,Y,Y,16,16,4,5
Juncus_biglumis,,,K_121471,United-Kingdom,,,,,,Y,N,N,Y,Y,16,16,4,5
Juncus_biglumis,,,K_121471,United-Kingdom,,,,,,Y,N,N,Y,N,21,21,3,5
Juncus_castaneus,,,K_122401,United-Kingdom,,,,,,N,N,N,Y,Y,15,15,2,10
Juncus_castaneus,,,K_122401,United-Kingdom,,,,,,N,N,N,Y,N,15,15,10,10
Juncus_castaneus,,,K_122777,United-Kingdom,,,,,,N,N,N,Y,N,15,15,10,10
Juncus_castaneus,,,K_147785,United-Kingdom,,,,,,N,N,N,Y,N,15,15,9,10
Juncus_castaneus,,,K_164649,United-Kingdom,,,,,,N,N,N,Y,N,15,15,5,9
Juncus_castaneus,,,K_164649,United-Kingdom,,,,,,N,N,Y,Y,N,15,15,9,9
Juncus_castaneus,,,K_122777,United-Kingdom,,,,,,N,N,N,Y,N,20,20,7,10
Juncus_castaneus,,,K_147785,United-Kingdom,,,,,,N,N,N,Y,N,20,20,10,10
Juncus_castaneus,,,K_164649,United-Kingdom,,,,,,N,N,N,Y,N,20,20,5,9
Juncus_castaneus,,,K_122401,United-Kingdom,,,,,,N,N,N,Y,N,21,21,12,24
Juncus_castaneus,,,K_122777,United-Kingdom,,,,,,Y,N,N,Y,N,21,21,46,50
Juncus_castaneus,,,K_122401,United-Kingdom,,,,,,N,N,N,Y,N,25,25,2,10
Juncus_castaneus,,,K_122401,United-Kingdom,,,,,,N,N,N,Y,Y,25,25,3,10
Juncus_castaneus,,,K_122777,United-Kingdom,,,,,,N,N,N,Y,N,25,25,6,10
Juncus_castaneus,,,K_147785,United-Kingdom,,,,,,N,N,N,Y,N,25,25,7,8
Juncus_castaneus,,,K_164649,United-Kingdom,,,,,,N,N,N,Y,N,25,25,3,5
Juncus_filiformis,,,K_109969,United-Kingdom,,,,,,Y,N,N,Y,Y,16,16,15,20
Juncus_filiformis,,,K_132011,United-Kingdom,,,,,,N,N,N,Y,Y,16,16,50,50
Juncus_triglumis,,,K_21814,United-Kingdom,,,,,,N,N,N,Y,N,20,20,20,20
Juncus_triglumis,,,K_21814,United-Kingdom,,,,,,N,N,N,Y,N,21,21,15,20
Juncus_triglumis,,,K_21814,United-Kingdom,,,,,,N,N,N,Y,N,21,21,19,20
Juncus_triglumis,,,K_21814,United-Kingdom,,,,,,N,N,N,Y,N,21,21,100,100
Jurinea_blanda,,,K_340313,Georgia,,,,,,N,N,N,Y,Y,15,15,10,12
Kobresia_simpliciuscula,,,K_121574,United-Kingdom,,,,,,N,N,N,Y,N,20,20,4,9
Kobresia_simpliciuscula,,,K_121574,United-Kingdom,,,,,,N,N,N,Y,N,25,25,10,10
Kobresia_simpliciuscula,,,K_121574,United-Kingdom,,,,,,N,N,N,Y,N,30,30,8,10
Kobresia_simpliciuscula,,,K_130202,United-Kingdom,,,,,,N,N,N,Y,N,31,31,10,10
Krascheninnikovia_ceratoides,,,K_369411,Georgia,,,,,,N,N,N,Y,Y,15,15,10,10
Laserpitium_hispidum,,,K_28824,Russia,,,,,,N,N,Y,Y,Y,18.33333333,18.33333333,13,13
Laserpitium_hispidum,,,K_28824,Russia,,,,,,N,N,N,Y,Y,18.5,18.5,97,100
Laserpitium_hispidum,,,K_28824,Russia,,,,,,N,N,Y,Y,Y,21,21,13,20
Leontopodium_alpinum,,,K_204004,Italy,,,,,,N,N,N,Y,N,10,10,1,20
Leontopodium_alpinum,,,K_204026,Italy,,,,,,N,N,N,Y,N,10,10,9,16
Leontopodium_alpinum,,,K_204004,Italy,,,,,,N,N,N,Y,N,15,15,10,20
Leontopodium_alpinum,,,K_204026,Italy,,,,,,N,N,N,Y,N,15,15,13,20
Leontopodium_alpinum,,,WARS_019/00,Poland,,,,,,N,N,N,Y,Y,21.66666667,21.66666667,350,500
Leontopodium_alpinum,,,WARS_040/03,Poland,,,,,,N,N,N,Y,Y,21.66666667,21.66666667,280,500
Leontopodium_alpinum,,,WARS_041/03,Poland,,,,,,N,N,N,Y,Y,21.66666667,21.66666667,320,500
Leontopodium_alpinum,,,K_204004,Italy,,,,,,N,N,N,Y,N,25,25,19,20
Leontopodium_alpinum,,,K_204026,Italy,,,,,,N,N,N,Y,N,25,25,20,20
Ligusticum_scoticum,,,K_130936,United-Kingdom,,,,,,N,N,N,Y,N,21,21,8,10
Ligusticum_scoticum,,,B_SE-1960806,Sweden,,,,,,N,N,N,Y,N,22,22,3,20
Lilium_martagon,,,BBGK_05_2838,Greece,,,,,,N,N,N,N,N,21,21,35,50
Lilium_martagon,,,BBGK_05_2889,Greece,,,,,,N,N,N,N,N,21,21,35,50
Lilium_martagon,,,WARS_007/03,Poland,,,,,,N,N,N,Y,Y,21.66666667,21.66666667,325,500
Lilium_martagon,,,WARS_008/03,Poland,,,,,,N,N,N,Y,Y,21.66666667,21.66666667,170,500
Lilium_martagon,,,WARS_015/02,Poland,,,,,,N,N,N,Y,Y,21.66666667,21.66666667,150,500
Lilium_martagon,,,WARS_019/03,Poland,,,,,,N,N,N,Y,Y,21.66666667,21.66666667,200,500
Lilium_martagon,,,WARS_020/00,Poland,,,,,,N,N,N,N,Y,21.66666667,21.66666667,0,500
Lilium_martagon,,,WARS_020/03,Poland,,,,,,N,N,N,Y,Y,21.66666667,21.66666667,195,500
Lilium_martagon,,,WARS_021/00,Poland,,,,,,N,N,N,N,Y,21.66666667,21.66666667,0,500
Lilium_martagon,,,WARS_021/03,Poland,,,,,,N,N,N,Y,Y,21.66666667,21.66666667,260,500
Lilium_martagon,,,WARS_022/03,Poland,,,,,,N,N,N,Y,Y,21.66666667,21.66666667,90,500
Lilium_martagon,,,WARS_042/03,Poland,,,,,,N,N,N,Y,Y,21.66666667,21.66666667,245,500
Lilium_martagon,,,WARS_054/04,Poland,,,,,,N,N,N,Y,Y,21.66666667,21.66666667,395,500
Lilium_martagon,,,WARS_009/03,Poland,,,,,,N,N,N,Y,Y,21.66666667,21.66666667,215,500
Lilium_martagon,,,WARS_011/99,Poland,,,,,,N,N,N,Y,Y,21.66666667,21.66666667,410,500
Linnaea_borealis,,,K_203890,Italy,,,,,,N,N,Y,Y,Y,13.33333333,13.33333333,7,8
Loiseleuria_procumbens,,,K_122674,United-Kingdom,,,,,,N,N,Y,Y,N,26,26,33,35
Lonicera_pyrenaica,,,K_27805,France,,,,,,N,N,Y,Y,Y,13.33333333,13.33333333,1,19
Lonicera_pyrenaica,,,K_27805,France,,,,,,N,Y,Y,Y,Y,13.33333333,13.33333333,10,19
Lonicera_pyrenaica,,,K_27805,France,,,,,,N,N,Y,Y,Y,16,16,0,17
Lonicera_pyrenaica,,,K_27805,France,,,,,,Y,N,Y,Y,Y,16,16,1,20
Lonicera_pyrenaica,,,K_27805,France,,,,,,N,N,Y,Y,Y,16,16,64,100
Luzula_lutea,,,B_FR-2583002,France,,,,,,N,N,N,Y,N,22,22,8,20
Luzula_nivea,,,G_20008014,Switzerland,,,,,,N,N,N,N,N,6,6,44,50
Luzula_nivea,,,G_20008014,Switzerland,,,,,,N,N,N,N,N,16,16,2,50
Luzula_nivea,,,G_20008014,Switzerland,,,,,,N,N,N,Y,N,20,20,1,50
Luzula_nivea,,,G_20008014,Switzerland,,,,,,N,N,N,N,N,16,16,0,50
Luzula_nivea,,,G_20008014,Switzerland,,,,,,N,N,N,N,N,16,16,0,50
Luzula_nivea,,,G_20008014,Switzerland,,,,,,N,N,N,Y,N,20,20,0,50
Luzula_nivea,,,G_20008014,Switzerland,,,,,,N,N,N,Y,N,20,20,0,50
Meconopsis_cambrica,,,K_121264,United-Kingdom,,,,,,N,Y,N,Y,N,21,21,47,49
Minuartia_inamoena,,,K_281160,Georgia,,,,,,N,N,N,Y,N,15,15,0,9
Minuartia_inamoena,,,K_281160,Georgia,,,,,,Y,Y,N,Y,Y,15,15,10,10
Minuartia_inamoena,,,K_281160,Georgia,,,,,,N,N,N,Y,N,20,20,0,9
Minuartia_inamoena,,,K_281160,Georgia,,,,,,N,Y,Y,Y,N,20,20,1,10
Minuartia_inamoena,,,K_281160,Georgia,,,,,,N,Y,N,Y,N,20,20,2,10
Minuartia_laricifolia,,,K_191489,Italy,,,,,,N,N,N,Y,N,10,10,4,20
Minuartia_laricifolia,,,K_191490,Italy,,,,,,N,N,N,Y,N,10,10,0,20
Minuartia_laricifolia,,,K_191489,Italy,,,,,,N,N,N,Y,N,15,15,7,20
Minuartia_laricifolia,,,K_191490,Italy,,,,,,N,N,N,Y,N,15,15,11,19
Minuartia_laricifolia,,,K_191489,Italy,,,,,,N,N,N,Y,N,20,20,17,17
Minuartia_laricifolia,,,K_191490,Italy,,,,,,N,N,N,Y,N,20,20,13,18
Minuartia_laricifolia,,,K_191490,Italy,,,,,,N,Y,N,Y,N,20,20,18,19
Minuartia_laricifolia,,,K_191489,Italy,,,,,,N,N,N,Y,N,25,25,10,20
Minuartia_laricifolia,,,K_191490,Italy,,,,,,N,N,N,Y,N,25,25,9,18
Minuartia_rubella,,,K_110118,United-Kingdom,,,,,,N,N,N,Y,N,10,10,0,10
Minuartia_rubella,,,K_110118,United-Kingdom,,,,,,N,Y,N,Y,Y,15,15,2,10
Minuartia_rubella,,,K_110118,United-Kingdom,,,,,,N,N,N,Y,N,15,15,3,9
Minuartia_rubella,,,K_110118,United-Kingdom,,,,,,N,Y,N,Y,N,20,20,4,7
Minuartia_rubella,,,K_115766,United-Kingdom,,,,,,N,N,N,Y,N,20,20,10,10
Minuartia_rubella,,,K_115766,United-Kingdom,,,,,,N,N,N,Y,N,21,21,10,10
Minuartia_sedoides,,,K_121312,United-Kingdom,,,,,,N,Y,N,Y,N,21,21,9,10
Minuartia_stricta,,,K_96757,United-Kingdom,,,,,,N,N,Y,Y,N,20,20,10,10
Minuartia_stricta,,,K_96757,United-Kingdom,,,,,,N,N,Y,Y,N,21,21,10,10
Minuartia_stricta,,,K_96757,United-Kingdom,,,,,,N,N,Y,Y,N,21,21,41,50
Minuartia_wiesneri,,,K_371335,Georgia,,,,,,N,N,N,Y,N,10,10,19,19
Minuartia_wiesneri,,,K_371335,Georgia,,,,,,N,N,N,Y,N,15,15,20,20
Minuartia_wiesneri,,,K_371335,Georgia,,,,,,N,N,N,Y,N,20,20,20,20
Myricaria_germanica,,,K_344089,Italy,,,,,,N,N,N,Y,Y,13.33333333,13.33333333,11,20
Myricaria_germanica,,,K_343406,Georgia,,,,,,N,N,N,Y,N,15,15,0,20
Myricaria_germanica,,,K_344089,Italy,,,,,,N,N,N,Y,N,15,15,8,20
Myricaria_germanica,,,K_343406,Georgia,,,,,,N,N,N,Y,N,20,20,0,20
Myricaria_germanica,,,K_344089,Italy,,,,,,N,N,N,Y,N,20,20,14,20
Noccaea_caerulescens,,,K_80835,United-Kingdom,,,,,,N,N,N,Y,N,21,21,15,19
Noccaea_caerulescens,,,K_80835,United-Kingdom,,,,,,Y,N,N,Y,N,21,21,10,10
Noccaea_caerulescens,,,B_DE-1322497,Germany,,,,,,N,N,N,Y,N,22,22,13,20
Onobrychis_montana,,,K_43876,Italy,,,,,,Y,N,N,Y,N,20,20,10,10
Onobrychis_montana,,,K_43614,Greece,,,,,,Y,N,N,Y,N,20,20,10,10
Onobrychis_montana,,,K_43876,Italy,,,,,,Y,N,N,Y,N,21,21,10,10
Onobrychis_montana,,,K_43876,Italy,,,,,,Y,N,N,Y,N,21,21,50,50
Onobrychis_montana,,,K_79125,Italy,,,,,,Y,N,N,Y,N,21,21,20,20
Onobrychis_montana,,,K_79125,Italy,,,,,,Y,N,N,Y,N,21,21,20,20
Onobrychis_montana,,,K_43614,Greece,,,,,,Y,N,N,Y,N,21,21,10,10
Onobrychis_montana,,,K_43614,Greece,,,,,,Y,N,N,Y,N,21,21,99,100
Oxytropis_campestris,,,K_22372,France,,,,,,Y,N,N,Y,N,20,20,20,20
Oxytropis_campestris,,,K_115939,United-Kingdom,,,,,,Y,N,N,Y,N,20,20,17,20
Oxytropis_campestris,,,K_115940,United-Kingdom,,,,,,Y,N,N,Y,N,20,20,20,20
Oxytropis_campestris,,,K_22372,France,,,,,,N,N,N,Y,N,21,21,16,20
Oxytropis_campestris,,,K_22372,France,,,,,,Y,N,N,Y,N,21,21,20,20
Oxytropis_campestris,,,K_22372,France,,,,,,N,N,N,Y,N,21,21,50,50
Oxytropis_campestris,,,K_115939,United-Kingdom,,,,,,Y,N,N,Y,N,21,21,20,20
Oxytropis_campestris,,,K_115940,United-Kingdom,,,,,,Y,N,N,Y,N,21,21,18,20
Oxytropis_campestris,,,B_FR-2589302,France,,,,,,N,N,N,Y,N,22,22,0,20
Oxytropis_halleri,,,K_116202,United-Kingdom,,,,,,Y,N,N,Y,Y,13.33333333,13.33333333,20,20
Oxytropis_halleri,,,K_99758,United-Kingdom,,,,,,Y,N,N,Y,Y,13.33333333,13.33333333,10,10
Oxytropis_halleri,,,K_10311,Switzerland,,,,,,Y,N,N,Y,N,15,15,20,20
Oxytropis_halleri,,,K_116198,United-Kingdom,,,,,,Y,N,N,Y,Y,15,15,20,20
Oxytropis_halleri,,,K_10311,Switzerland,,,,,,Y,N,N,Y,N,16,16,20,20
Oxytropis_halleri,,,K_10311,Switzerland,,,,,,Y,N,N,Y,N,16,16,47,50
Oxytropis_halleri,,,K_116198,United-Kingdom,,,,,,Y,N,N,Y,Y,16,16,10,10
Oxytropis_halleri,,,K_116202,United-Kingdom,,,,,,Y,N,N,Y,Y,16,16,20,20
Oxytropis_halleri,,,K_99758,United-Kingdom,,,,,,Y,N,N,Y,Y,16,16,20,20
Oxytropis_halleri,,,K_36108,Italy,,,,,,Y,N,N,Y,N,20,20,14,20
Oxytropis_halleri,,,K_36108,Italy,,,,,,Y,N,N,Y,N,20,20,14,20
Oxytropis_halleri,,,K_36108,Italy,,,,,,Y,N,N,Y,N,20,20,18,20
Oxytropis_halleri,,,K_102317,United-Kingdom,,,,,,Y,N,N,Y,N,20,20,9,10
Oxytropis_halleri,,,K_36108,Italy,,,,,,Y,N,N,Y,N,21,21,17,17
Oxytropis_halleri,,,K_36108,Italy,,,,,,Y,N,N,Y,N,21,21,99,100
Oxytropis_halleri,,,K_102317,United-Kingdom,,,,,,Y,N,N,Y,N,21,21,10,10
Oxytropis_halleri,,,B_IT-1451591,Italy,,,,,,N,N,N,Y,N,22,22,15,20
Oxytropis_lapponica,,,K_10333,Switzerland,,,,,,Y,N,N,Y,N,20,20,20,20
Oxytropis_lapponica,,,K_10333,Switzerland,,,,,,Y,N,N,Y,N,21,21,20,20
Oxytropis_lapponica,,,K_10333,Switzerland,,,,,,Y,N,N,Y,N,21,21,50,50
Papaver_alpinum&ernesti-mayeri,,,K_338422,Slovenia,,,,,,N,Y,N,Y,N,10,10,0,20
Papaver_alpinum&ernesti-mayeri,,,K_338422,Slovenia,,,,,,N,Y,N,Y,Y,15,15,19,20
Papaver_alpinum&ernesti-mayeri,,,K_338422,Slovenia,,,,,,N,Y,N,Y,N,20,20,20,20
Phleum_hirsutum,,,K_36418,Greece,,,,,,N,N,N,Y,Y,18.33333333,18.33333333,50,50
Phleum_hirsutum,,,K_7168,Italy,,,,,,N,N,N,Y,N,20,20,45,47
Phleum_hirsutum,,,K_7179,Italy,,,,,,N,N,N,Y,N,20,20,19,20
Phleum_hirsutum,,,K_36418,Greece,,,,,,N,N,N,Y,Y,21,21,47,48
Phleum_hirsutum,,,K_36418,Greece,,,,,,N,N,N,Y,Y,21,21,89,100
Phleum_hirsutum,,,K_7168,Italy,,,,,,N,N,N,Y,N,21,21,44,44
Phleum_hirsutum,,,K_7168,Italy,,,,,,N,N,N,Y,N,21,21,84,100
Phleum_hirsutum,,,K_7179,Italy,,,,,,N,N,N,Y,N,21,21,20,20
Phleum_hirsutum,,,K_7179,Italy,,,,,,N,N,N,Y,N,21,21,94,100
Phleum_subulatum,,,K_20611,Greece,,,,,,N,N,N,Y,N,20,20,50,50
Phleum_subulatum,,,K_30243,Greece,,,,,,N,N,N,Y,N,20,20,49,50
Phleum_subulatum,,,K_30726,Greece,,,,,,N,N,N,Y,N,20,20,20,20
Phleum_subulatum,,,K_20611,Greece,,,,,,N,N,N,Y,N,21,21,50,50
Phleum_subulatum,,,K_20611,Greece,,,,,,N,N,N,Y,N,21,21,86,100
Phleum_subulatum,,,K_30243,Greece,,,,,,N,N,N,Y,N,21,21,50,50
Phleum_subulatum,,,K_30243,Greece,,,,,,N,N,N,Y,N,21,21,92,100
Phleum_subulatum,,,K_30726,Greece,,,,,,N,N,N,Y,N,21,21,20,20
Phleum_subulatum,,,K_30726,Greece,,,,,,N,N,N,Y,N,21,21,20,20
Phleum_subulatum,,,K_30726,Greece,,,,,,N,N,N,Y,N,21,21,20,20
Physospermum_cornubiense,,,K_106946,United-Kingdom,,,,,,N,N,N,Y,N,5,5,9,10
Physospermum_cornubiense,,,K_191113,United-Kingdom,,,,,,N,N,N,Y,N,5,5,18,20
Physospermum_cornubiense,,,K_198101,United-Kingdom,,,,,,N,N,N,Y,N,5,5,19,20
Physospermum_cornubiense,,,K_198101,United-Kingdom,,,,,,N,N,N,Y,N,10,10,0,20
Physospermum_cornubiense,,,K_198101,United-Kingdom,,,,,,N,N,N,Y,N,15,15,0,20
Physospermum_cornubiense,,,K_198101,United-Kingdom,,,,,,N,N,N,Y,Y,15,15,0,20
Physospermum_cornubiense,,,K_106946,United-Kingdom,,,,,,N,N,Y,Y,N,16,16,5,5
Physospermum_cornubiense,,,K_198101,United-Kingdom,,,,,,N,N,N,Y,N,20,20,0,20
Physospermum_cornubiense,,,K_236539,United-Kingdom,,,,,,N,N,Y,Y,N,25,25,9,10
Phyteuma_hedraianthifolium,,,K_206846,Italy,,,,,,N,Y,N,Y,Y,18.33333333,18.33333333,18,20
Pilosella_peleteriana,,,K_28558,Russia,,,,,,N,N,N,Y,N,20,20,14,15
Pilosella_peleteriana,,,K_28558,Russia,,,,,,N,N,N,Y,N,21,21,13,20
Pilosella_peleteriana,,,K_28558,Russia,,,,,,N,N,N,Y,N,21,21,14,14
Pilosella_peleteriana,,,K_28558,Russia,,,,,,N,N,N,Y,N,21,21,100,100
Plantago_nivalis,,,K_41492,Spain,,,,,,N,N,N,Y,N,20,20,20,20
Plantago_nivalis,,,K_41492,Spain,,,,,,N,N,N,Y,N,21,21,9,10
Plantago_nivalis,,,K_41492,Spain,,,,,,N,N,N,Y,N,21,21,9,10
Plantago_nivalis,,,K_41492,Spain,,,,,,N,N,N,Y,N,21,21,8,10
Poa_glauca,,,K_130604,United-Kingdom,,,,,,N,N,N,Y,Y,15,15,10,10
Poa_remota,,,K_37013,Norway,,,,,,N,N,N,Y,Y,13.33333333,13.33333333,41,41
Poa_remota,,,K_44220,Norway,,,,,,Y,N,N,Y,Y,13.33333333,13.33333333,17,20
Poa_remota,,,K_44220,Norway,,,,,,N,N,N,Y,Y,13.33333333,13.33333333,27,38
Poa_remota,,,K_37013,Norway,,,,,,N,N,N,Y,Y,16,16,47,47
Poa_remota,,,K_37013,Norway,,,,,,N,N,N,Y,Y,16,16,83,94
Poa_remota,,,K_44220,Norway,,,,,,N,N,N,Y,Y,16,16,40,43
Poa_remota,,,K_44220,Norway,,,,,,N,N,N,Y,Y,16,16,88,100
Polemonium_caeruleum,,,K_206927,Italy,,,,,,N,N,N,Y,N,15,15,2,20
Polemonium_caeruleum,,,K_206927,Italy,,,,,,N,N,N,Y,Y,15,15,13,18
Polemonium_caeruleum,,,K_206927,Italy,,,,,,N,Y,N,Y,Y,15,15,14,19
Polemonium_caeruleum,,,K_206927,Italy,,,,,,N,KNO3,N,Y,Y,15,15,15,18
Polemonium_caeruleum,,,K_97422,United-Kingdom,,,,,,N,N,N,Y,Y,15,15,17,19
Polemonium_caeruleum,,,K_110185,United-Kingdom,,,,,,N,N,N,Y,N,16,16,0,8
Polemonium_caeruleum,,,K_97422,United-Kingdom,,,,,,N,N,N,Y,Y,16,16,17,20
Polemonium_caeruleum,,,K_206927,Italy,,,,,,N,N,N,Y,N,20,20,2,20
Polemonium_caeruleum,,,K_110185,United-Kingdom,,,,,,N,Y,Y,Y,N,20,20,7,7
Polemonium_caeruleum,,,K_110185,United-Kingdom,,,,,,N,N,N,Y,N,21,21,0,8
Polemonium_caeruleum,,,K_110185,United-Kingdom,,,,,,N,KNO3,N,Y,N,21,21,0,8
Polemonium_caeruleum,,,K_110185,United-Kingdom,,,,,,N,N,Y,Y,N,21,21,2,10
Polemonium_caeruleum,,,K_110185,United-Kingdom,,,,,,Y,N,Y,Y,N,21,21,3,10
Polemonium_caeruleum,,,K_206927,Italy,,,,,,N,N,N,Y,N,25,25,0,20
Polemonium_caeruleum,,,K_110185,United-Kingdom,,,,,,N,N,N,Y,N,26,26,0,8
Polemonium_caeruleum,,,K_110185,United-Kingdom,,,,,,N,N,N,Y,Y,26,26,0,8
Potamogeton_alpinus,,,K_139261,United-Kingdom,,,,,,N,N,N,Y,N,21,21,8,9
Potentilla_crantzii,,,K_121275,United-Kingdom,,,,,,N,N,N,Y,N,15,15,7,8
Potentilla_crantzii,,,K_121275,United-Kingdom,,,,,,N,N,N,Y,N,20,20,3,9
Potentilla_crantzii,,,K_121275,United-Kingdom,,,,,,N,N,Y,Y,N,20,20,6,9
Potentilla_crantzii,,,K_121275,United-Kingdom,,,,,,N,N,N,Y,N,20,20,7,9
Potentilla_crantzii,,,K_121275,United-Kingdom,,,,,,N,N,N,Y,N,25,25,5,9
Primula_algida,,,K_343750,Georgia,,,,,,N,Y,N,Y,Y,13.33333333,13.33333333,19,19
Primula_algida,,,K_343750,Georgia,,,,,,N,Y,N,Y,N,20,20,20,20
Primula_auriculata,,,K_281447,Georgia,,,,,,N,N,N,Y,Y,13.33333333,13.33333333,0,18
Primula_auriculata,,,K_281447,Georgia,,,,,,N,N,Y,Y,Y,13.33333333,13.33333333,13,18
Primula_auriculata,,,K_281447,Georgia,,,,,,N,Y,N,Y,Y,13.33333333,13.33333333,18,18
Primula_auriculata,,,K_281447,Georgia,,,,,,N,N,N,Y,N,20,20,13,18
Primula_daonensis,,,K_186737,Italy,,,,,,N,N,Y,Y,N,15,15,0,20
Primula_daonensis,,,K_186737,Italy,,,,,,N,Y,Y,Y,N,15,15,10,13
Primula_daonensis,,,K_186737,Italy,,,,,,N,N,N,Y,N,20,20,0,19
Primula_daonensis,,,K_186737,Italy,,,,,,N,N,N,Y,N,25,25,0,19
Pulsatilla_violacea,,,K_341893,Georgia,,,,,,N,N,N,Y,N,20,20,7,9
Pulsatilla_violacea,,,K_341893,Georgia,,,,,,N,N,Y,Y,N,20,20,8,9
Ranunculus_serpens,,,BBGK_99_1211,Bulgaria,,,,,,N,N,N,Y,N,21,21,35,50
Ranunculus_serpens,,,B_IT-3016301,Italy,,,,,,N,N,N,Y,N,22,22,12,20
Rhinanthus_alectorolophus,,,K_175717,Belgium,,,,,,N,N,N,Y,N,5,5,15,19
Rhinanthus_alectorolophus,,,K_175717,Belgium,,,,,,N,N,N,Y,N,10,10,0,20
Rhinanthus_alectorolophus,,,K_175717,Belgium,,,,,,N,N,N,Y,N,15,15,0,20
Rhinanthus_angustifolius,,,K_92494,United-Kingdom,,,,,,N,N,N,Y,N,5,5,15,20
Rhinanthus_angustifolius,,,K_110370,United-Kingdom,,,,,,N,N,N,Y,N,6,6,2,10
Rhinanthus_angustifolius,,,K_97053,United-Kingdom,,,,,,N,Y,Y,Y,N,10,10,20,20
Rhinanthus_angustifolius,,,K_97053,United-Kingdom,,,,,,N,Y,Y,Y,N,10,10,16,20
Rhinanthus_angustifolius,,,K_97053,United-Kingdom,,,,,,N,Y,Y,Y,N,11,11,16,20
Rhinanthus_angustifolius,,,K_92494,United-Kingdom,,,,,,N,N,Y,Y,N,21,21,15,20
Rhodiola_rosea,,,K_138183,United-Kingdom,,,,,,N,N,N,Y,Y,15,15,1,20
Rhodiola_rosea,,,K_138183,United-Kingdom,,,,,,N,Y,N,Y,Y,15,15,19,20
Rhodiola_rosea,,,K_128919,United-Kingdom,,,,,,N,N,N,Y,Y,16,16,8,9
Rhodiola_rosea,,,K_130198,United-Kingdom,,,,,,N,N,N,Y,Y,16,16,1,9
Rhodiola_rosea,,,K_130198,United-Kingdom,,,,,,N,N,Y,Y,N,16,16,1,9
Rhodiola_rosea,,,K_130198,United-Kingdom,,,,,,N,N,Y,Y,Y,16,16,1,10
Rhodiola_rosea,,,K_130198,United-Kingdom,,,,,,N,N,N,Y,N,16,16,5,10
Rhodiola_rosea,,,K_130198,United-Kingdom,,,,,,N,Y,N,Y,N,16,16,10,10
Rhodiola_rosea,,,K_138183,United-Kingdom,,,,,,N,N,N,Y,Y,16,16,4,14
Ribes_petraeum,,,K_206868,Italy,,,,,,N,N,N,Y,Y,15,15,8,10
Ribes_petraeum,,,K_206868,Italy,,,,,,N,N,Y,Y,Y,15,15,15,19
Rumex_alpinus,,,B_AT-1920106,Austria,,,,,,N,N,N,Y,N,22,22,0,20
Rumex_alpinus,,,B_FR-2581802,France,,,,,,N,N,N,Y,N,22,22,17,20
Sagina_nivalis,,,K_132778,United-Kingdom,,,,,,N,N,N,Y,N,21,21,8,11
Sagina_nivalis,,,K_136570,United-Kingdom,,,,,,N,N,N,Y,N,26,26,20,20
Sagina_saginoides,,,K_121633,United-Kingdom,,,,,,N,N,N,Y,N,16,16,20,20
Sagina_saginoides,,,K_121644,United-Kingdom,,,,,,N,N,N,Y,N,16,16,20,20
Sagina_saginoides,,,K_121622,United-Kingdom,,,,,,N,N,N,Y,N,21,21,20,20
Sagina_saginoides,,,K_121666,United-Kingdom,,,,,,N,N,N,Y,N,21,21,20,20
Salix_myrsinifolia,,,K_134657,United-Kingdom,,,,,,N,N,N,Y,N,21,21,200,200
Salix_myrsinifolia,,,K_138677,United-Kingdom,,,,,,N,N,N,Y,N,21,21,200,200
Saxifraga_cespitosa,,,K_136259,United-Kingdom,,,,,,N,N,N,Y,N,15,15,7,9
Saxifraga_cespitosa,,,K_164742,United-Kingdom,,,,,,N,N,N,Y,N,15,15,20,20
Saxifraga_cespitosa,,,K_32546,United-Kingdom,,,,,,N,N,N,Y,N,15,15,18,19
Saxifraga_cespitosa,,,K_136259,United-Kingdom,,,,,,N,N,N,Y,N,16,16,8,8
Saxifraga_cespitosa,,,K_136259,United-Kingdom,,,,,,N,N,N,Y,N,16,16,8,8
Saxifraga_cespitosa,,,K_32546,United-Kingdom,,,,,,N,N,N,Y,N,16,16,20,20
Saxifraga_cespitosa,,,K_32546,United-Kingdom,,,,,,N,N,N,Y,N,16,16,89,100
Saxifraga_hirculus,,,K_103060,United-Kingdom,,,,,,N,N,N,Y,Y,16,16,4,5
Saxifraga_hirculus,,,K_103060,United-Kingdom,,,,,,N,N,N,Y,Y,16,16,14,15
Saxifraga_nivalis,,,K_130763,United-Kingdom,,,,,,N,N,N,Y,N,16,16,18,18
Saxifraga_rivularis,,,K_122663,United-Kingdom,,,,,,N,N,N,Y,N,15,15,20,20
Saxifraga_rivularis,,,K_122663,United-Kingdom,,,,,,N,N,N,Y,N,16,16,18,18
Saxifraga_tombeanensis,,,PAV_BS688,Italy,,,,,,N,N,Y,Y,N,4,4,16,20
Saxifraga_tombeanensis,,,PAV_BS118,Italy,,,,,,N,Y,N,Y,Y,15,15,4,49
Scandix_iberica,,,K_340232,Georgia,,,,,,N,N,N,Y,N,10,10,10,10
Scandix_iberica,,,K_340232,Georgia,,,,,,N,N,N,Y,N,20,20,8,10
Sedum_villosum,,,K_127439,United-Kingdom,,,,,,N,Y,N,Y,N,10,10,14,20
Sedum_villosum,,,K_127439,United-Kingdom,,,,,,N,Y,N,Y,Y,13.33333333,13.33333333,14,19
Sedum_villosum,,,K_127439,United-Kingdom,,,,,,N,N,N,Y,Y,16,16,0,20
Sedum_villosum,,,K_127439,United-Kingdom,,,,,,N,N,N,Y,N,16,16,3,18
Sedum_villosum,,,K_127439,United-Kingdom,,,,,,N,Y,N,Y,Y,16,16,8,20
Sedum_villosum,,,K_127439,United-Kingdom,,,,,,N,Y,Y,Y,N,16,16,10,20
Sedum_villosum,,,K_127439,United-Kingdom,,,,,,N,Y,N,Y,N,16,16,13,20
Sedum_villosum,,,K_127439,United-Kingdom,,,,,,N,N,N,Y,Y,18.33333333,18.33333333,9,17
Sedum_villosum,,,K_127439,United-Kingdom,,,,,,N,Y,N,Y,Y,18.33333333,18.33333333,17,18
Sedum_villosum,,,K_127439,United-Kingdom,,,,,,N,Y,N,Y,Y,18.33333333,18.33333333,18,20
Sedum_villosum,,,K_127439,United-Kingdom,,,,,,N,Y,N,Y,N,20,20,17,20
Sedum_villosum,,,K_127439,United-Kingdom,,,,,,N,Y,N,Y,N,20,20,36,36
Sedum_villosum,,,K_127439,United-Kingdom,,,,,,N,N,N,Y,N,25,25,13,32
Sedum_villosum,,,K_127439,United-Kingdom,,,,,,N,Y,N,Y,N,25,25,27,34
Sempervivum_arachnoideum,,,K_27654,France,,,,,,N,N,N,Y,Y,13.33333333,13.33333333,11,15
Sempervivum_arachnoideum,,,K_27654,France,,,,,,N,N,N,Y,N,15,15,12,17
Sempervivum_arachnoideum,,,K_27654,France,,,,,,N,KNO3,N,Y,N,15,15,16,17
Sempervivum_arachnoideum,,,K_27654,France,,,,,,N,N,N,Y,N,20,20,13,19
Sempervivum_arachnoideum,,,K_27654,France,,,,,,N,N,Y,Y,Y,21,21,4,20
Sempervivum_arachnoideum,,,K_27654,France,,,,,,N,N,Y,Y,N,21,21,5,20
Sempervivum_arachnoideum,,,K_27654,France,,,,,,N,N,Y,Y,N,21,21,17,20
Sempervivum_arachnoideum,,,K_27654,France,,,,,,N,N,Y,Y,N,21,21,80,100
Sempervivum_arachnoideum,,,K_27654,France,,,,,,N,N,N,Y,N,25,25,10,17
Sempervivum_arachnoideum,,,K_27654,France,,,,,,N,KNO3,N,Y,N,25,25,15,19
Sempervivum_caucasicum,,,K_281218,Georgia,,,,,,N,KNO3,N,Y,N,15,15,7,19
Sempervivum_caucasicum,,,K_281218,Georgia,,,,,,N,N,N,Y,N,15,15,9,17
Sempervivum_caucasicum,,,K_281218,Georgia,,,,,,N,Y,N,Y,N,15,15,20,20
Senecio_halleri,,,G_20008011,Switzerland,,,,,,N,N,N,N,N,16,16,40,50
Senecio_halleri,,,G_20008011,Switzerland,,,,,,N,N,N,N,N,16,16,44,50
Senecio_halleri,,,G_20008011,Switzerland,,,,,,N,N,N,Y,N,20,20,29,50
Senecio_halleri,,,G_20008011,Switzerland,,,,,,N,N,N,Y,N,20,20,32,50
Senecio_incanus,,,K_163192,Italy,,,,,,N,N,N,Y,N,10,10,8,19
Senecio_incanus,,,K_152091,Italy,,,,,,N,N,N,Y,N,15,15,17,20
Senecio_incanus,,,K_163181,Italy,,,,,,N,N,N,Y,N,15,15,5,8
Senecio_incanus,,,K_163181,Italy,,,,,,Y,N,N,Y,N,15,15,9,9
Senecio_incanus,,,K_163192,Italy,,,,,,N,N,N,Y,N,15,15,13,20
Senecio_incanus,,,K_163192,Italy,,,,,,N,N,N,Y,Y,18.33333333,18.33333333,20,20
Senecio_incanus,,,K_152091,Italy,,,,,,N,N,N,Y,N,20,20,16,20
Senecio_incanus,,,K_163192,Italy,,,,,,N,N,N,Y,N,25,25,11,20
Silene_elisabethae,,,PAV_TN685,Italy,,,,,,N,Y,N,Y,Y,10,10,49,50
Silene_elisabethae,,,PAV_TN685,Italy,,,,,,N,N,Y,Y,Y,10,10,0,48
Silene_elisabethae,,,PAV_TN685,Italy,,,,,,N,N,N,Y,Y,10,10,0,50
Silene_elisabethae,,,PAV_TN685,Italy,,,,,,N,N,Y,Y,Y,10,10,1,50
Silene_elisabethae,,,PAV_TN685,Italy,,,,,,N,N,Y,Y,Y,10,10,1,50
Silene_elisabethae,,,PAV_TN685,Italy,,,,,,N,N,N,Y,Y,10,10,2,49
Silene_elisabethae,,,PAV_TN685,Italy,,,,,,N,N,N,Y,Y,10,10,4,50
Silene_elisabethae,,,PAV_TN685,Italy,,,,,,N,Y,N,Y,Y,10,10,46,50
Silene_elisabethae,,,PAV_TN685,Italy,,,,,,N,Y,N,Y,Y,10,10,47,50
Silene_elisabethae,,,K_203694,Italy,,,,,,N,N,N,Y,N,15,15,0,20
Silene_elisabethae,,,PAV_TN685,Italy,,,,,,N,N,N,Y,Y,15,15,0,49
Silene_elisabethae,,,PAV_TN685,Italy,,,,,,N,N,N,Y,Y,15,15,1,50
Silene_elisabethae,,,PAV_TN685,Italy,,,,,,N,N,Y,Y,Y,15,15,1,50
Silene_elisabethae,,,PAV_TN685,Italy,,,,,,N,N,N,Y,Y,15,15,2,50
Silene_elisabethae,,,PAV_TN685,Italy,,,,,,N,N,Y,Y,Y,15,15,2,50
Silene_elisabethae,,,PAV_TN685,Italy,,,,,,N,N,Y,Y,Y,15,15,3,50
Silene_elisabethae,,,PAV_TN685,Italy,,,,,,N,Y,N,Y,Y,15,15,45,50
Silene_elisabethae,,,PAV_TN685,Italy,,,,,,N,Y,N,Y,Y,15,15,48,50
Silene_elisabethae,,,PAV_TN685,Italy,,,,,,N,Y,N,Y,Y,15,15,49,50
Silene_elisabethae,,,K_203694,Italy,,,,,,N,N,N,Y,N,20,20,2,20
Silene_elisabethae,,,PAV_BG507,Italy,,,,,,N,N,N,Y,N,20,20,4,25
Silene_elisabethae,,,PAV_BG687,Italy,,,,,,N,N,N,Y,Y,20,20,7,50
Silene_elisabethae,,,PAV_BG687,Italy,,,,,,N,N,N,Y,Y,20,20,7,50
Silene_elisabethae,,,PAV_BG687,Italy,,,,,,N,N,N,Y,Y,20,20,11,50
Silene_elisabethae,,,PAV_BS445,Italy,,,,,,N,N,N,Y,N,20,20,1,25
Silene_elisabethae,,,PAV_BS686,Italy,,,,,,N,N,N,Y,Y,20,20,8,50
Silene_elisabethae,,,PAV_BS686,Italy,,,,,,N,N,N,Y,Y,20,20,11,50
Silene_elisabethae,,,PAV_BS686,Italy,,,,,,N,N,N,Y,Y,20,20,11,50
Silene_elisabethae,,,PAV_TN685,Italy,,,,,,N,N,N,Y,Y,20,20,7,19
Silene_elisabethae,,,PAV_TN685,Italy,,,,,,N,Y,N,Y,Y,20,20,49,49
Silene_elisabethae,,,PAV_TN685,Italy,,,,,,N,Y,N,Y,Y,20,20,49,49
Silene_elisabethae,,,PAV_TN685,Italy,,,,,,N,N,Y,Y,Y,20,20,0,50
Silene_elisabethae,,,PAV_TN685,Italy,,,,,,N,N,Y,Y,Y,20,20,0,50
Silene_elisabethae,,,PAV_TN685,Italy,,,,,,N,N,N,Y,Y,20,20,1,49
Silene_elisabethae,,,PAV_TN685,Italy,,,,,,N,N,N,Y,Y,20,20,2,50
Silene_elisabethae,,,PAV_TN685,Italy,,,,,,N,N,Y,Y,Y,20,20,2,50
Silene_elisabethae,,,PAV_TN685,Italy,,,,,,N,N,Y,Y,Y,20,20,2,50
Silene_elisabethae,,,PAV_TN685,Italy,,,,,,N,N,N,Y,Y,20,20,3,48
Silene_elisabethae,,,PAV_TN685,Italy,,,,,,N,N,Y,Y,Y,20,20,5,50
Silene_elisabethae,,,PAV_TN685,Italy,,,,,,N,N,Y,Y,Y,20,20,5,50
Silene_elisabethae,,,PAV_TN685,Italy,,,,,,N,N,N,Y,Y,20,20,6,20
Silene_elisabethae,,,PAV_TN685,Italy,,,,,,N,N,N,Y,Y,20,20,11,20
Silene_elisabethae,,,PAV_TN685,Italy,,,,,,N,Y,N,Y,Y,20,20,50,50
Silene_elisabethae,,,PAV_TR531,Italy,,,,,,N,N,N,Y,N,20,20,6,25
Silene_elisabethae,,,K_203694,Italy,,,,,,N,N,N,Y,N,25,25,12,20
Silene_elisabethae,,,K_203694,Italy,,,,,,N,N,Y,Y,N,25,25,15,19
Silene_frivaldskyana,,,K_8062,Bulgaria,,,,,,N,N,N,Y,N,20,20,19,20
Silene_frivaldskyana,,,K_8073,Bulgaria,,,,,,N,N,N,Y,N,20,20,20,20
Silene_frivaldskyana,,,K_8062,Bulgaria,,,,,,N,N,N,Y,N,21,21,19,20
Silene_frivaldskyana,,,K_8062,Bulgaria,,,,,,N,N,N,Y,N,21,21,20,20
Silene_frivaldskyana,,,K_8062,Bulgaria,,,,,,N,N,N,Y,N,21,21,97,100
Silene_frivaldskyana,,,K_8073,Bulgaria,,,,,,N,N,N,Y,N,21,21,18,18
Silene_frivaldskyana,,,K_8073,Bulgaria,,,,,,N,N,N,Y,N,21,21,19,20
Silene_frivaldskyana,,,K_8073,Bulgaria,,,,,,N,N,N,Y,N,21,21,100,100
Silene_lacera,,,K_343831,Georgia,,,,,,N,N,N,Y,N,15,15,1,18
Silene_lacera,,,K_343831,Georgia,,,,,,N,N,N,Y,Y,15,15,6,19
Silene_lacera,,,K_343831,Georgia,,,,,,N,Y,N,Y,Y,15,15,20,20
Silene_lacera,,,K_343831,Georgia,,,,,,N,N,N,Y,N,20,20,1,19
Silene_linearifolia,,,K_343820,Georgia,,,,,,N,N,N,Y,N,15,15,1,20
Silene_linearifolia,,,K_343820,Georgia,,,,,,N,N,N,Y,Y,15,15,4,20
Silene_linearifolia,,,K_343820,Georgia,,,,,,N,Y,N,Y,Y,15,15,18,18
Silene_linearifolia,,,K_343820,Georgia,,,,,,N,N,N,Y,N,20,20,1,20
Silene_linearifolia,,,K_343820,Georgia,,,,,,N,Y,N,Y,N,25,25,18,19
Silene_pygmaea,,,K_343495,Georgia,,,,,,N,N,N,Y,N,15,15,17,19
Silene_pygmaea,,,K_343495,Georgia,,,,,,N,N,N,Y,Y,15,15,18,19
Silene_pygmaea,,,K_343495,Georgia,,,,,,N,N,N,Y,N,20,20,13,18
Silene_uniflora,,,K_100128,United-Kingdom,,,,,,N,N,N,Y,N,15,15,47,50
Silene_uniflora,,,K_53154,United-Kingdom,,,,,,N,N,N,Y,N,15,15,46,49
Silene_uniflora,,,K_1753,Norway,,,,,,N,N,N,Y,N,15,15,16,20
Silene_uniflora,,,K_3104,Norway,,,,,,N,N,N,Y,N,15,15,17,20
Silene_uniflora,,,K_100128,United-Kingdom,,,,,,N,N,N,Y,N,16,16,19,20
Silene_uniflora,,,K_53154,United-Kingdom,,,,,,N,N,N,Y,N,16,16,50,50
Silene_uniflora,,,K_1753,Norway,,,,,,N,N,N,Y,N,16,16,42,50
Silene_uniflora,,,K_1753,Norway,,,,,,N,N,N,Y,N,16,16,43,47
Silene_uniflora,,,K_1753,Norway,,,,,,N,N,N,Y,N,16,16,100,100
Silene_uniflora,,,K_3104,Norway,,,,,,N,N,N,Y,N,16,16,17,19
Silene_uniflora,,,K_3104,Norway,,,,,,N,N,N,Y,N,16,16,19,20
Silene_uniflora,,,K_3104,Norway,,,,,,N,N,N,Y,N,16,16,20,20
Silene_uniflora,,,K_1742,Norway,,,,,,N,N,N,Y,N,20,20,20,20
Silene_uniflora,,,K_1742,Norway,,,,,,N,N,N,Y,N,21,21,15,20
Silene_uniflora,,,K_1742,Norway,,,,,,N,N,N,Y,N,21,21,17,20
Silene_uniflora,,,K_1742,Norway,,,,,,N,N,N,Y,N,21,21,100,100
Silene_uniflora,,,B_NO-1100902,Norway,,,,,,N,N,N,Y,N,22,22,13,20
Silene_uniflora,,,B_SE-1960706,Sweden,,,,,,N,N,N,Y,N,22,22,0,20
Silene_viscariopsis,,,K_32487,FYROM,,,,,,N,N,N,Y,N,15,15,20,20
Silene_viscariopsis,,,K_32487,FYROM,,,,,,N,N,N,Y,N,16,16,20,20
Silene_viscariopsis,,,K_32487,FYROM,,,,,,N,N,N,Y,N,16,16,49,50
Silene_viscariopsis,,,K_32487,FYROM,,,,,,N,N,N,Y,N,16,16,50,50
Stachys_alpina,,,K_143123,United-Kingdom,,,,,,N,N,N,Y,N,15,15,0,50
Stachys_alpina,,,K_143123,United-Kingdom,,,,,,N,N,N,Y,N,20,20,1,50
Stachys_alpina,,,K_143123,United-Kingdom,,,,,,N,Y,N,Y,N,25,25,50,50
Stachys_alpina,,,K_143123,United-Kingdom,,,,,,N,N,N,Y,N,25,25,3,50
Stachys_balansae,,,K_373236,Georgia,,,,,,N,Y,N,Y,N,15,15,9,10
Taraxacum_pieninicum,,,WARS_062/03,Poland,,,,,,N,N,N,Y,Y,21.66666667,21.66666667,230,500
Telekia_speciosissima,,,K_202789,Italy,,,,,,N,N,N,Y,N,10,10,8,20
Telekia_speciosissima,,,K_206994,Italy,,,,,,N,N,N,Y,N,10,10,8,45
Telekia_speciosissima,,,K_202789,Italy,,,,,,N,N,N,Y,N,15,15,7,20
Telekia_speciosissima,,,K_206994,Italy,,,,,,N,N,N,Y,N,15,15,5,50
Telekia_speciosissima,,,K_206994,Italy,,,,,,N,N,N,Y,Y,18.33333333,18.33333333,3,23
Telekia_speciosissima,,,PAV_BG186,Italy,,,,,,N,Y,N,Y,Y,20,20,5,30
Telekia_speciosissima,,,K_202789,Italy,,,,,,N,N,N,Y,N,25,25,16,20
Telekia_speciosissima,,,K_206994,Italy,,,,,,Y,N,N,Y,N,25,25,15,24
Telekia_speciosissima,,,K_206994,Italy,,,,,,N,N,N,Y,N,25,25,10,50
Telekia_speciosissima,,,K_206994,Italy,,,,,,N,N,Y,Y,N,25,25,19,25
Teucrium_nuchense,,,K_343358,Georgia,,,,,,N,Y,N,Y,N,20,20,4,5
Thlaspi_alpestre,,,K_99976,United-Kingdom,,,,,,N,N,N,Y,N,20,20,20,20
Thlaspi_alpestre,,,K_99976,United-Kingdom,,,,,,N,N,N,Y,N,21,21,26,26
Thlaspi_orbiculatum,,,K_342395,Georgia,,,,,,Y,N,N,Y,Y,15,15,17,19
Thlaspi_orbiculatum,,,K_342395,Georgia,,,,,,Y,N,N,Y,N,20,20,9,20
Tofieldia_calyculata,,,K_8165,Bosnia-Herzegovina,,,,,,N,N,Y,Y,N,20,20,0,50
Tofieldia_calyculata,,,K_8165,Bosnia-Herzegovina,,,,,,N,Y,Y,Y,N,20,20,5,50
Tofieldia_calyculata,,,K_8165,Bosnia-Herzegovina,,,,,,N,Y,Y,Y,N,20,20,29,50
Tofieldia_calyculata,,,K_8165,Bosnia-Herzegovina,,,,,,N,Y,Y,Y,N,20,20,33,38
Tofieldia_calyculata,,,K_8165,Bosnia-Herzegovina,,,,,,N,Y,Y,Y,N,21,21,34,34
Tofieldia_calyculata,,,K_8165,Bosnia-Herzegovina,,,,,,N,N,N,Y,N,21,21,100,100
Tofieldia_calyculata,,,WARS_016/01,Poland,,,,,,N,N,N,Y,Y,21.66666667,21.66666667,345,500
Tofieldia_calyculata,,,WARS_017/01,Poland,,,,,,N,N,N,Y,Y,21.66666667,21.66666667,420,500
Tofieldia_calyculata,,,WARS_018/01,Poland,,,,,,N,N,N,Y,Y,21.66666667,21.66666667,320,500
Tofieldia_calyculata,,,WARS_019/02,Poland,,,,,,N,N,N,Y,Y,21.66666667,21.66666667,420,500
Tofieldia_calyculata,,,WARS_020/02,Poland,,,,,,N,N,N,Y,Y,21.66666667,21.66666667,370,500
Tofieldia_calyculata,,,WARS_021/02,Poland,,,,,,N,N,N,Y,Y,21.66666667,21.66666667,410,500
Tofieldia_calyculata,,,WARS_021/99,Poland,,,,,,N,N,N,Y,Y,21.66666667,21.66666667,325,500
Tofieldia_calyculata,,,WARS_022/99,Poland,,,,,,N,N,N,N,Y,21.66666667,21.66666667,0,500
Tofieldia_calyculata,,,WARS_023/99,Poland,,,,,,N,N,N,N,Y,21.66666667,21.66666667,0,500
Tofieldia_calyculata,,,WARS_034/00,Poland,,,,,,N,N,N,Y,Y,21.66666667,21.66666667,425,500
Tofieldia_calyculata,,,WARS_035/00,Poland,,,,,,N,N,N,Y,Y,21.66666667,21.66666667,160,500
Tofieldia_calyculata,,,WARS_038/02,Poland,,,,,,N,N,N,Y,Y,21.66666667,21.66666667,230,500
Tofieldia_calyculata,,,WARS_039/02,Poland,,,,,,N,N,N,Y,Y,21.66666667,21.66666667,440,500
Tofieldia_calyculata,,,WARS_040/02,Poland,,,,,,N,N,N,Y,Y,21.66666667,21.66666667,340,500
Tofieldia_pusilla,,,K_128894,United-Kingdom,,,,,,N,N,Y,Y,N,20,20,42,50
Tofieldia_pusilla,,,K_128894,United-Kingdom,,,,,,N,N,Y,Y,N,21,21,17,17
Trichophorum_cespitosum,,,K_128067,United-Kingdom,,,,,,N,Y,N,Y,Y,23.33333333,23.33333333,0,20
Trichophorum_cespitosum,,,K_128067,United-Kingdom,,,,,,N,N,N,Y,Y,23.33333333,23.33333333,1,19
Trichophorum_cespitosum,,,K_128067,United-Kingdom,,,,,,Y,N,N,Y,Y,23.33333333,23.33333333,4,20
Trichophorum_cespitosum,,,K_128067,United-Kingdom,,,,,,Y,N,N,Y,Y,23.33333333,23.33333333,10,19
Trichophorum_cespitosum,,,K_128067,United-Kingdom,,,,,,Y,Y,N,Y,Y,23.33333333,23.33333333,12,19
Trichophorum_cespitosum,,,K_128067,United-Kingdom,,,,,,Y,N,N,Y,Y,23.33333333,23.33333333,13,20
Trichophorum_cespitosum,,,K_128067,United-Kingdom,,,,,,Y,N,N,Y,Y,23.33333333,23.33333333,13,20
Trichophorum_cespitosum,,,K_128067,United-Kingdom,,,,,,N,Y,N,Y,Y,23.33333333,23.33333333,16,19
Trichophorum_cespitosum,,,K_128067,United-Kingdom,,,,,,N,N,N,Y,Y,23.33333333,23.33333333,19,20
Trifolium_alpinum,,,K_9830,France,,,,,,Y,N,N,Y,N,11,11,20,20
Trifolium_alpinum,,,K_9830,France,,,,,,Y,N,N,Y,N,11,11,20,20
Trifolium_alpinum,,,K_186748,Italy,,,,,,Y,N,N,Y,N,15,15,19,20
Trifolium_alpinum,,,K_9841,Switzerland,,,,,,Y,N,N,Y,N,16,16,20,20
Trifolium_alpinum,,,K_9841,Switzerland,,,,,,Y,N,N,Y,N,16,16,20,20
Trifolium_alpinum,,,K_186748,Italy,,,,,,Y,N,N,Y,N,20,20,19,20
Trifolium_alpinum,,,K_9852,Switzerland,,,,,,Y,N,N,Y,N,20,20,10,10
Trifolium_alpinum,,,K_9830,France,,,,,,Y,N,N,Y,N,21,21,84,100
Trifolium_alpinum,,,K_9841,Switzerland,,,,,,Y,N,N,Y,N,21,21,89,100
Trifolium_alpinum,,,K_9852,Switzerland,,,,,,Y,N,N,Y,N,21,21,10,10
Trifolium_alpinum,,,K_9852,Switzerland,,,,,,Y,N,N,Y,N,21,21,96,100
Trifolium_montanum,,,K_504841,Bulgaria,,,,,,Y,N,N,Y,N,15,15,9,9
Trifolium_montanum,,,K_10849,France,,,,,,Y,N,N,Y,N,20,20,19,20
Trifolium_montanum,,,K_504841,Bulgaria,,,,,,Y,N,N,Y,N,20,20,10,10
Trifolium_montanum,,,K_10849,France,,,,,,Y,N,N,Y,N,21,21,18,18
Trifolium_montanum,,,K_10849,France,,,,,,Y,N,N,Y,N,21,21,95,100
Trollius_altissimus,,,WARS_090/04,Poland,,,,,,N,Y,N,Y,Y,21.66666667,21.66666667,230,500
Trollius_altissimus,,,WARS_091/04,Poland,,,,,,N,Y,N,Y,Y,21.66666667,21.66666667,200,500
Trollius_altissimus,,,WARS_092/04,Poland,,,,,,N,Y,N,Y,Y,21.66666667,21.66666667,300,500
Trollius_altissimus,,,WARS_093/04,Poland,,,,,,N,Y,N,Y,Y,21.66666667,21.66666667,250,500
Trollius_altissimus,,,WARS_094/04,Poland,,,,,,N,Y,N,Y,Y,21.66666667,21.66666667,180,500
Trollius_altissimus,,,WARS_095/04,Poland,,,,,,N,Y,N,Y,Y,21.66666667,21.66666667,340,500
Trollius_altissimus,,,WARS_096/04,Poland,,,,,,N,Y,N,Y,Y,21.66666667,21.66666667,230,500
Verbascum_orientale,,,K_369282,Georgia,,,,,,N,N,N,Y,N,15,15,19,19
Verbascum_orientale,,,K_369282,Georgia,,,,,,N,N,N,Y,Y,15,15,20,20
Verbascum_orientale,,,K_369282,Georgia,,,,,,N,N,N,Y,N,20,20,18,19
Veronica_gentianoides,,,K_343761,Georgia,,,,,,N,N,N,Y,Y,15,15,6,7
Veronica_gentianoides,,,K_343761,Georgia,,,,,,N,N,N,Y,N,15,15,6,10
Veronica_gentianoides,,,K_343761,Georgia,,,,,,N,N,N,Y,N,20,20,8,8
Vicia_cusnae,,,K_142621,Italy,,,,,,Y,N,N,Y,N,21,21,8,10
Vicia_orobus,,,K_120980,United-Kingdom,,,,,,Y,N,N,Y,N,16,16,4,5
Vicia_orobus,,,K_120980,United-Kingdom,,,,,,Y,N,N,Y,N,21,21,25,25
Viola_dubyana,,,PAV_BG191,Italy,,,,,,N,Y,N,Y,N,20,20,18,18
Viola_lutea,,,K_147693,United-Kingdom,,,,,,N,N,N,Y,N,10,10,3,19
Viola_lutea,,,K_147693,United-Kingdom,,,,,,N,N,N,Y,N,15,15,5,18
Viola_lutea,,,K_131449,United-Kingdom,,,,,,N,Y,N,Y,Y,16,16,7,10
Viola_lutea,,,K_116590,United-Kingdom,,,,,,N,N,N,Y,N,20,20,17,20
Viola_lutea,,,K_147693,United-Kingdom,,,,,,N,N,N,Y,N,20,20,10,17
Viola_lutea,,,K_116590,United-Kingdom,,,,,,N,N,N,Y,N,21,21,19,20
Viola_lutea,,,K_142920,United-Kingdom,,,,,,N,N,N,Y,N,21,21,10,10
Viola_lutea,,,K_147693,United-Kingdom,,,,,,N,N,N,Y,Y,23.33333333,23.33333333,12,20
Viola_lutea,,,K_147693,United-Kingdom,,,,,,N,N,N,Y,N,25,25,18,20
Zygophyllum_fabago,,,K_373579,Georgia,,,,,,N,N,N,Y,N,20,20,1,7
Zygophyllum_fabago,,,K_373579,Georgia,,,,,,Y,N,N,Y,N,20,20,8,9
Zygophyllum_fabago,,,K_373579,Georgia,,,,,,N,N,N,Y,N,20,20,8,10
