"Population","Accession","Country","Region"
"Population 195","Australia 609897 NA NA","Australia","Australian Alps"
"Population 189","Australia 746168 NA NA","Australia","Australian Alps"
"Population 216","Australia 747969 NA NA","Australia","Australian Alps"
"Population 156","Australia 747974 NA NA","Australia","Australian Alps"
"Population 163","Australia 747976 NA NA","Australia","Australian Alps"
"Population 555","Australia 747978 NA NA","Australia","Australian Alps"
"Population 187","Australia 748565 NA NA","Australia","Australian Alps"
"Population 167","Australia 748568 NA NA","Australia","Australian Alps"
"Population 229","Australia 748574 NA NA","Australia","Australian Alps"
"Population 254","Australia 749145 NA NA","Australia","Australian Alps"
"Population 331","Australia 770050 NA NA","Australia","Australian Alps"
"Population 386","Australia 770056 NA NA","Australia","Australian Alps"
"Population 193","Australia 770451 NA NA","Australia","Australian Alps"
"Population 425","Australia 770455 NA NA","Australia","Australian Alps"
"Population 242","Australia 770467 NA NA","Australia","Australian Alps"
"Population 443","Australia 770475 NA NA","Australia","Australian Alps"
"Population 368","Australia 770484 NA NA","Australia","Australian Alps"
"Population 446","Australia 770497 NA NA","Australia","Australian Alps"
"Population 154","Australia 770501 NA NA","Australia","Australian Alps"
"Population 343","Australia 771006 NA NA","Australia","Australian Alps"
"Population 442","Australia 771036 NA NA","Australia","Australian Alps"
"Population 146","Australia 771040 NA NA","Australia","Australian Alps"
"Population 362","Australia 771046 NA NA","Australia","Australian Alps"
"Population 377","Australia 771063 NA NA","Australia","Australian Alps"
"Population 479","Australia 782512 NA NA","Australia","Australian Alps"
"Population 30","Australia 782521 NA NA","Australia","Australian Alps"
"Population 435","Australia 782522 NA NA","Australia","Australian Alps"
"Population 190","Australia 782529 NA NA","Australia","Australian Alps"
"Population 235","Australia 782533 NA NA","Australia","Australian Alps"
"Population 169","Australia 782554 NA NA","Australia","Australian Alps"
"Population 402","Australia 783421 NA NA","Australia","Australian Alps"
"Population 99","Australia 783423 NA NA","Australia","Australian Alps"
"Population 202","Australia 783436 NA NA","Australia","Australian Alps"
"Population 356","Australia 783437 NA NA","Australia","Australian Alps"
"Population 323","Australia 783440 NA NA","Australia","Australian Alps"
"Population 197","Australia 783441 NA NA","Australia","Australian Alps"
"Population 423","Australia 783454 NA NA","Australia","Australian Alps"
"Population 588","Australia 783456 NA NA","Australia","Australian Alps"
"Population 420","Australia 783609 NA NA","Australia","Australian Alps"
"Population 191","Australia 786943 NA NA","Australia","Australian Alps"
"Population 424","Australia 786945 NA NA","Australia","Australian Alps"
"Population 419","Australia 786947 NA NA","Australia","Australian Alps"
"Population 223","Australia 786948 NA NA","Australia","Australian Alps"
"Population 217","Australia 786949 NA NA","Australia","Australian Alps"
"Population 428","Australia 786950 NA NA","Australia","Australian Alps"
"Population 218","Australia 786951 NA NA","Australia","Australian Alps"
"Population 153","Australia 792142 NA NA","Australia","Australian Alps"
"Population 430","Australia 792143 NA NA","Australia","Australian Alps"
"Population 421","Australia 792145 NA NA","Australia","Australian Alps"
"Population 422","Australia 792148 NA NA","Australia","Australian Alps"
"Population 354","Australia 792149 NA NA","Australia","Australian Alps"
"Population 241","Australia 792150 NA NA","Australia","Australian Alps"
"Population 155","Australia 792155 NA NA","Australia","Australian Alps"
"Population 247","Australia 792158 NA NA","Australia","Australian Alps"
"Population 417","Australia 792160 NA NA","Australia","Australian Alps"
"Population 119","Australia 792161 NA NA","Australia","Australian Alps"
"Population 586","Australia 792162 NA NA","Australia","Australian Alps"
"Population 38","Australia 792163 NA NA","Australia","Australian Alps"
"Population 486","Australia 792165 NA NA","Australia","Australian Alps"
"Population 253","Australia 792166 NA NA","Australia","Australian Alps"
"Population 369","Australia 792168 NA NA","Australia","Australian Alps"
"Population 315","Australia 792171 NA NA","Australia","Australian Alps"
"Population 37","Australia 792173 NA NA","Australia","Australian Alps"
"Population 234","Australia 792176 NA NA","Australia","Australian Alps"
"Population 556","Australia 792181 NA NA","Australia","Australian Alps"
"Population 585","Australia 792185 NA NA","Australia","Australian Alps"
"Population 222","Australia 792186 NA NA","Australia","Australian Alps"
"Population 245","Australia 792191 NA NA","Australia","Australian Alps"
"Population 96","Australia 792193 NA NA","Australia","Australian Alps"
"Population 305","Australia 792200 NA NA","Australia","Australian Alps"
"Population 39","Australia 792204 NA NA","Australia","Australian Alps"
"Population 231","Australia 792206 NA NA","Australia","Australian Alps"
"Population 186","Australia 792208 NA NA","Australia","Australian Alps"
"Population 302","Australia 792209 NA NA","Australia","Australian Alps"
"Population 289","Australia 792215 NA NA","Australia","Australian Alps"
"Population 358","Australia 792218 NA NA","Australia","Australian Alps"
"Population 152","Australia 792229 NA NA","Australia","Australian Alps"
"Population 558","Australia 792230 NA NA","Australia","Australian Alps"
"Population 288","Australia 792231 NA NA","Australia","Australian Alps"
"Population 554","Australia 794379 NA NA","Australia","Australian Alps"
"Population 427","Australia 797733 NA NA","Australia","Australian Alps"
"Population 444","Australia 797742 NA NA","Australia","Australian Alps"
"Population 322","Australia 797746 NA NA","Australia","Australian Alps"
"Population 384","Australia 797747 NA NA","Australia","Australian Alps"
"Population 108","Australia 797826 NA NA","Australia","Australian Alps"
"Population 168","Australia 798295 NA NA","Australia","Australian Alps"
"Population 401","Australia 798300 NA NA","Australia","Australian Alps"
"Population 416","Australia 798436 NA NA","Australia","Australian Alps"
"Population 587","Australia 798454 NA NA","Australia","Australian Alps"
"Population 400","Australia 798459 NA NA","Australia","Australian Alps"
"Population 246","Australia 798465 NA NA","Australia","Australian Alps"
"Population 353","Australia 798467 NA NA","Australia","Australian Alps"
"Population 355","Australia 807987 NA NA","Australia","Australian Alps"
"Population 97","Australia 807988 NA NA","Australia","Australian Alps"
"Population 194","Australia 808040 NA NA","Australia","Australian Alps"
"Population 196","Australia 808041 NA NA","Australia","Australian Alps"
"Population 378","Australia 808045 NA NA","Australia","Australian Alps"
"Population 161","Australia 808752 NA NA","Australia","Australian Alps"
"Population 162","Australia 808766 NA NA","Australia","Australian Alps"
"Population 480","Australia 808772 NA NA","Australia","Australian Alps"
"Population 300","Australia 808779 NA NA","Australia","Australian Alps"
"Population 240","Australia 8101025 NA NA","Australia","Australian Alps"
"Population 329","Australia 813602 NA NA","Australia","Australian Alps"
"Population 426","Australia 813613 NA NA","Australia","Australian Alps"
"Population 346","Australia 813614 NA NA","Australia","Australian Alps"
"Population 232","Australia 813615 NA NA","Australia","Australian Alps"
"Population 164","Australia 865438 NA NA","Australia","Australian Alps"
"Population 437","Australia 865439 NA NA","Australia","Australian Alps"
"Population 327","Australia 866326 NA NA","Australia","Australian Alps"
"Population 228","Australia 866367 NA NA","Australia","Australian Alps"
"Population 361","Australia 866370 NA NA","Australia","Australian Alps"
"Population 103","Australia 866372 NA NA","Australia","Australian Alps"
"Population 102","Australia 866373 NA NA","Australia","Australian Alps"
"Population 357","Australia 870751 NA NA","Australia","Australian Alps"
"Population 299","Australia 870756 NA NA","Australia","Australian Alps"
"Population 314","Australia 9609399 NA NA","Australia","Australian Alps"
"Population 434","Australia 9702934 NA NA","Australia","Australian Alps"
"Population 429","Australia 9704590 NA NA","Australia","Australian Alps"
"Population 113","Australia Bluff NA NA","Australia","Australian Alps"
"Population 31","Australia Bogong 04 NA NA","Australia","Australian Alps"
"Population 32","Australia Bogong 05 NA NA","Australia","Australian Alps"
"Population 112","Australia Bogong NA NA","Australia","Australian Alps"
"Population 36","Australia Buller 04 NA NA","Australia","Australian Alps"
"Population 27","Australia Buller 05 NA NA","Australia","Australian Alps"
"Population 115","Australia Buller NA NA","Australia","Australian Alps"
"Population 28","Australia Hotham 04 NA NA","Australia","Australian Alps"
"Population 33","Australia Hotham 05 NA NA","Australia","Australian Alps"
"Population 110","Australia Hotham NA NA","Australia","Australian Alps"
"Population 25","Australia Howitt 04 NA NA","Australia","Australian Alps"
"Population 117","Australia Howitt NA NA","Australia","Australian Alps"
"Population 111","Australia HWP NA NA","Australia","Australian Alps"
"Population 35","Australia KB 04 NA NA","Australia","Australian Alps"
"Population 109","Australia KB2 NA NA","Australia","Australian Alps"
"Population 26","Australia Kosciusko National Park NA NA","Australia","Australian Alps"
"Population 29","Australia Magdala NA NA","Australia","Australian Alps"
"Population 114","Australia McKay NA NA","Australia","Australian Alps"
"Population 233","Australia Single -33.970278 150.05575","Australia","Australian Alps"
"Population 308","Australia Single -36.051083 148.521667","Australia","Australian Alps"
"Population 230","Australia Single -36.429806 148.344167","Australia","Australian Alps"
"Population 345","Australia Single -36.432111 148.327944","Australia","Australian Alps"
"Population 360","Australia Single -36.8767 147.2408","Australia","Australian Alps"
"Population 436","Australia Single -37.8291667 146.291667","Australia","Australian Alps"
"Population 236","Australia Single NA NA","Australia","Australian Alps"
"Population 34","Australia Spec 04 NA NA","Australia","Australian Alps"
"Population 313","Australia Speculation NA NA","Australia","Australian Alps"
"Population 118","Australia Spion Kopje NA NA","Australia","Australian Alps"
"Population 568","Australia stirling NA NA","Australia","Australian Alps"
"Population 116","Australia Stirling NA NA","Australia","Australian Alps"
"Population 86","Austria NA NA NA","Austria","Enscobase"
"Population 67","Belgium NA NA NA","Belgium","Enscobase"
"Population 107","Bosnia-Herzegovina NA NA NA","Bosnia-Herzegovina","Enscobase"
"Population 132","Bulgaria NA NA NA","Bulgaria","Enscobase"
"Population 101","Chile Chile -33.319379 -70.257939","Chile","Central Andes"
"Population 60","Chile Chile -33.334693 -70.257939","Chile","Central Andes"
"Population 59","Chile Chile -33.334693 -70.28544","Chile","Central Andes"
"Population 1","Chile Chile -33.352035 -70.315812","Chile","Central Andes"
"Population 145","Chile Mocho-Choshuenco1 -39.909752 -72.03853","Chile","Central Andes"
"Population 336","Chile Mocho-Choshuenco10 -39.909752 -72.03853","Chile","Central Andes"
"Population 335","Chile Mocho-Choshuenco11 -39.909752 -72.03853","Chile","Central Andes"
"Population 341","Chile Mocho-Choshuenco12.1 -39.909752 -72.03853","Chile","Central Andes"
"Population 342","Chile Mocho-Choshuenco12.2 -39.909752 -72.03853","Chile","Central Andes"
"Population 337","Chile Mocho-Choshuenco13 -39.909752 -72.03853","Chile","Central Andes"
"Population 180","Chile Mocho-Choshuenco14 -39.909752 -72.03853","Chile","Central Andes"
"Population 181","Chile Mocho-Choshuenco15 -39.909752 -72.03853","Chile","Central Andes"
"Population 325","Chile Mocho-Choshuenco16 -39.909752 -72.03853","Chile","Central Andes"
"Population 176","Chile Mocho-Choshuenco18 -39.909752 -72.03853","Chile","Central Andes"
"Population 175","Chile Mocho-Choshuenco19 -39.909752 -72.03853","Chile","Central Andes"
"Population 177","Chile Mocho-Choshuenco2 -39.909752 -72.03853","Chile","Central Andes"
"Population 50","Chile Mocho-Choshuenco20 -39.909752 -72.03853","Chile","Central Andes"
"Population 547","Chile Mocho-Choshuenco22 -39.909752 -72.03853","Chile","Central Andes"
"Population 549","Chile Mocho-Choshuenco23 -39.909752 -72.03853","Chile","Central Andes"
"Population 49","Chile Mocho-Choshuenco24 -39.909752 -72.03853","Chile","Central Andes"
"Population 48","Chile Mocho-Choshuenco26 -39.909752 -72.03853","Chile","Central Andes"
"Population 120","Chile Mocho-Choshuenco27 -39.909752 -72.03853","Chile","Central Andes"
"Population 544","Chile Mocho-Choshuenco28 -39.909752 -72.03853","Chile","Central Andes"
"Population 445","Chile Mocho-Choshuenco29 -39.909752 -72.03853","Chile","Central Andes"
"Population 173","Chile Mocho-Choshuenco3 -39.909752 -72.03853","Chile","Central Andes"
"Population 148","Chile Mocho-Choshuenco30 -39.909752 -72.03853","Chile","Central Andes"
"Population 334","Chile Mocho-Choshuenco31 -39.909752 -72.03853","Chile","Central Andes"
"Population 47","Chile Mocho-Choshuenco33 -39.909752 -72.03853","Chile","Central Andes"
"Population 44","Chile Mocho-Choshuenco35 -39.909752 -72.03853","Chile","Central Andes"
"Population 296","Chile Mocho-Choshuenco36 -39.909752 -72.03853","Chile","Central Andes"
"Population 499","Chile Mocho-Choshuenco37 -39.909752 -72.03853","Chile","Central Andes"
"Population 46","Chile Mocho-Choshuenco38 -39.909752 -72.03853","Chile","Central Andes"
"Population 298","Chile Mocho-Choshuenco4 -39.909752 -72.03853","Chile","Central Andes"
"Population 45","Chile Mocho-Choshuenco40 -39.909752 -72.03853","Chile","Central Andes"
"Population 543","Chile Mocho-Choshuenco41 -39.909752 -72.03853","Chile","Central Andes"
"Population 482","Chile Mocho-Choshuenco42 -39.909752 -72.03853","Chile","Central Andes"
"Population 347","Chile Mocho-Choshuenco43 -39.909752 -72.03853","Chile","Central Andes"
"Population 546","Chile Mocho-Choshuenco44 -39.909752 -72.03853","Chile","Central Andes"
"Population 484","Chile Mocho-Choshuenco45 -39.909752 -72.03853","Chile","Central Andes"
"Population 548","Chile Mocho-Choshuenco46 -39.909752 -72.03853","Chile","Central Andes"
"Population 150","Chile Mocho-Choshuenco48 -39.909752 -72.03853","Chile","Central Andes"
"Population 297","Chile Mocho-Choshuenco5 -39.909752 -72.03853","Chile","Central Andes"
"Population 121","Chile Mocho-Choshuenco50 -39.909752 -72.03853","Chile","Central Andes"
"Population 552","Chile Mocho-Choshuenco52 -39.909752 -72.03853","Chile","Central Andes"
"Population 350","Chile Mocho-Choshuenco53 -39.909752 -72.03853","Chile","Central Andes"
"Population 551","Chile Mocho-Choshuenco54 -39.909752 -72.03853","Chile","Central Andes"
"Population 243","Chile Mocho-Choshuenco55 -39.909752 -72.03853","Chile","Central Andes"
"Population 348","Chile Mocho-Choshuenco56 -39.909752 -72.03853","Chile","Central Andes"
"Population 192","Chile Mocho-Choshuenco57 -39.909752 -72.03853","Chile","Central Andes"
"Population 43","Chile Mocho-Choshuenco58 -39.909752 -72.03853","Chile","Central Andes"
"Population 483","Chile Mocho-Choshuenco59 -39.909752 -72.03853","Chile","Central Andes"
"Population 174","Chile Mocho-Choshuenco6 -39.909752 -72.03853","Chile","Central Andes"
"Population 105","Chile Mocho-Choshuenco60 -39.909752 -72.03853","Chile","Central Andes"
"Population 352","Chile Mocho-Choshuenco61 -39.909752 -72.03853","Chile","Central Andes"
"Population 221","Chile Mocho-Choshuenco63 -39.909752 -72.03853","Chile","Central Andes"
"Population 550","Chile Mocho-Choshuenco64 -39.909752 -72.03853","Chile","Central Andes"
"Population 545","Chile Mocho-Choshuenco65 -39.909752 -72.03853","Chile","Central Andes"
"Population 370","Chile Mocho-Choshuenco66 -39.909752 -72.03853","Chile","Central Andes"
"Population 270","Chile Mocho-Choshuenco67 -39.909752 -72.03853","Chile","Central Andes"
"Population 251","Chile Mocho-Choshuenco69 -39.909752 -72.03853","Chile","Central Andes"
"Population 271","Chile Mocho-Choshuenco70 -39.909752 -72.03853","Chile","Central Andes"
"Population 349","Chile Mocho-Choshuenco73 -39.909752 -72.03853","Chile","Central Andes"
"Population 351","Chile Mocho-Choshuenco74 -39.909752 -72.03853","Chile","Central Andes"
"Population 227","Chile Mocho-Choshuenco76 -39.909752 -72.03853","Chile","Central Andes"
"Population 178","Chile Mocho-Choshuenco8 -39.909752 -72.03853","Chile","Central Andes"
"Population 2","China NA 35.85 102","China","Qinghai-Tibet Plateau"
"Population 214","Croatia NA NA NA","Croatia","Enscobase"
"Population 204","Czech-Republic NA NA NA","Czech-Republic","Enscobase"
"Population 199","Denmark NA NA NA","Denmark","Enscobase"
"Population 536","Finland NA NA NA","Finland","Enscobase"
"Population 11","France NA NA NA","France","Enscobase"
"Population 510","FYROM NA NA NA","FYROM","Enscobase"
"Population 321","Georgia NA NA NA","Georgia","Enscobase"
"Population 104","Germany NA 47.494269 12.937623","Germany","Northern Alps"
"Population 244","Germany NA 47.526739 12.91314","Germany","Northern Alps"
"Population 74","Germany NA 47.529166 12.91628","Germany","Northern Alps"
"Population 42","Germany NA 47.530825 12.917733","Germany","Northern Alps"
"Population 51","Germany NA 47.545598 12.819145","Germany","Northern Alps"
"Population 73","Germany NA 47.554591 12.823523","Germany","Northern Alps"
"Population 292","Germany NA 47.557563 12.844833","Germany","Northern Alps"
"Population 339","Germany NA 47.559092 12.816441","Germany","Northern Alps"
"Population 122","Germany NA 47.561966 13.056241","Germany","Northern Alps"
"Population 157","Germany NA 47.568943 12.932046","Germany","Northern Alps"
"Population 3","Germany NA 47.579907 12.877855","Germany","Northern Alps"
"Population 13","Germany NA NA NA","Germany","Enscobase"
"Population 52","Greece NA NA NA","Greece","Enscobase"
"Population 10","Hungary NA NA NA","Hungary","Enscobase"
"Population 203","Ireland NA NA NA","Ireland","Enscobase"
"Population 359","Italy 104SO NA NA","Italy","Southern Alps"
"Population 170","Italy 107 AQ NA NA","Italy","Apennines"
"Population 77","Italy 108SO NA NA","Italy","Southern Alps"
"Population 574","Italy 10AO NA NA","Italy","Southern Alps"
"Population 490","Italy 10BL NA NA","Italy","Southern Alps"
"Population 567","Italy 10RE NA NA","Italy","Apennines"
"Population 381","Italy 111 AQ NA NA","Italy","Apennines"
"Population 6","Italy 117 AQ NA NA","Italy","Southern Alps"
"Population 579","Italy 11BL NA NA","Italy","Southern Alps"
"Population 238","Italy 121 AQ NA NA","Italy","Southern Alps"
"Population 532","Italy 12AO NA NA","Italy","Southern Alps"
"Population 492","Italy 130 AQ NA NA","Italy","Southern Alps"
"Population 255","Italy 131 AQ NA NA","Italy","Southern Alps"
"Population 572","Italy 131SO NA NA","Italy","Southern Alps"
"Population 398","Italy 132SO NA NA","Italy","Southern Alps"
"Population 396","Italy 134SO NA NA","Italy","Southern Alps"
"Population 129","Italy 135SO NA NA","Italy","Southern Alps"
"Population 294","Italy 139 AQ NA NA","Italy","Southern Alps"
"Population 534","Italy 13AO NA NA","Italy","Southern Alps"
"Population 179","Italy 14 AQ NA NA","Italy","Southern Alps"
"Population 128","Italy 144SO NA NA","Italy","Southern Alps"
"Population 527","Italy 145 AQ NA NA","Italy","Southern Alps"
"Population 452","Italy 154SO NA NA","Italy","Southern Alps"
"Population 453","Italy 155SO NA NA","Italy","Southern Alps"
"Population 311","Italy 157SO NA NA","Italy","Southern Alps"
"Population 533","Italy 163SO NA NA","Italy","Southern Alps"
"Population 578","Italy 169 AQ NA NA","Italy","Southern Alps"
"Population 576","Italy 16BL NA NA","Italy","Southern Alps"
"Population 513","Italy 172SO NA NA","Italy","Southern Alps"
"Population 512","Italy 173SO NA NA","Italy","Southern Alps"
"Population 541","Italy 176SO NA NA","Italy","Southern Alps"
"Population 573","Italy 177 AQ NA NA","Italy","Southern Alps"
"Population 487","Italy 177SO NA NA","Italy","Southern Alps"
"Population 41","Italy 178SO NA NA","Italy","Southern Alps"
"Population 530","Italy 17RE NA NA","Italy","Apennines"
"Population 525","Italy 185SO NA NA","Italy","Southern Alps"
"Population 523","Italy 186SO NA NA","Italy","Southern Alps"
"Population 520","Italy 187SO NA NA","Italy","Southern Alps"
"Population 516","Italy 18RE NA NA","Italy","Apennines"
"Population 312","Italy 195 AQ NA NA","Italy","Southern Alps"
"Population 139","Italy 198 AQ NA NA","Italy","Southern Alps"
"Population 515","Italy 19RE NA NA","Italy","Apennines"
"Population 538","Italy 1AO NA NA","Italy","Southern Alps"
"Population 213","Italy 200 AQ NA NA","Italy","Southern Alps"
"Population 535","Italy 203 AQ NA NA","Italy","Southern Alps"
"Population 528","Italy 205 AQ NA NA","Italy","Southern Alps"
"Population 78","Italy 208SO NA NA","Italy","Southern Alps"
"Population 206","Italy 209 AQ NA NA","Italy","Southern Alps"
"Population 553","Italy 209SO NA NA","Italy","Southern Alps"
"Population 185","Italy 20BL NA NA","Italy","Southern Alps"
"Population 531","Italy 20RE NA NA","Italy","Southern Alps"
"Population 92","Italy 210 AQ NA NA","Italy","Southern Alps"
"Population 14","Italy 211 AQ NA NA","Italy","Southern Alps"
"Population 188","Italy 212 AQ NA NA","Italy","Southern Alps"
"Population 494","Italy 212SO NA NA","Italy","Southern Alps"
"Population 393","Italy 216SO NA NA","Italy","Southern Alps"
"Population 518","Italy 21RE NA NA","Italy","Apennines"
"Population 317","Italy 220SO NA NA","Italy","Southern Alps"
"Population 98","Italy 223SO NA NA","Italy","Southern Alps"
"Population 519","Italy 22BL NA NA","Italy","Southern Alps"
"Population 526","Italy 22RE NA NA","Italy","Apennines"
"Population 237","Italy 23BL NA NA","Italy","Southern Alps"
"Population 522","Italy 23RE NA NA","Italy","Apennines"
"Population 491","Italy 24BL NA NA","Italy","Southern Alps"
"Population 184","Italy 251SO NA NA","Italy","Southern Alps"
"Population 502","Italy 270SO NA NA","Italy","Southern Alps"
"Population 106","Italy 27SO NA NA","Italy","Southern Alps"
"Population 94","Italy 28 AQ NA NA","Italy","Southern Alps"
"Population 509","Italy 2AO NA NA","Italy","Southern Alps"
"Population 489","Italy 2CT NA NA","Italy","Apennines"
"Population 338","Italy 334SO NA NA","Italy","Southern Alps"
"Population 497","Italy 340SO NA NA","Italy","Southern Alps"
"Population 65","Italy 345SO NA NA","Italy","Southern Alps"
"Population 581","Italy 346SO NA NA","Italy","Southern Alps"
"Population 580","Italy 347SO NA NA","Italy","Southern Alps"
"Population 316","Italy 362SO NA NA","Italy","Southern Alps"
"Population 4","Italy 37SO NA NA","Italy","Southern Alps"
"Population 385","Italy 38 AQ NA NA","Italy","Southern Alps"
"Population 521","Italy 387SO NA NA","Italy","Southern Alps"
"Population 540","Italy 392SO NA NA","Italy","Southern Alps"
"Population 514","Italy 3BG NA NA","Italy","Southern Alps"
"Population 438","Italy 400SO NA NA","Italy","Southern Alps"
"Population 259","Italy 401SO NA NA","Italy","Southern Alps"
"Population 392","Italy 423SO NA NA","Italy","Southern Alps"
"Population 388","Italy 424SO NA NA","Italy","Southern Alps"
"Population 387","Italy 425SO NA NA","Italy","Southern Alps"
"Population 564","Italy 426SO NA NA","Italy","Southern Alps"
"Population 566","Italy 427SO NA NA","Italy","Southern Alps"
"Population 12","Italy 428SO NA NA","Italy","Southern Alps"
"Population 395","Italy 429SO NA NA","Italy","Southern Alps"
"Population 172","Italy 43 AQ NA NA","Italy","Southern Alps"
"Population 389","Italy 430SO NA NA","Italy","Southern Alps"
"Population 563","Italy 431SO NA NA","Italy","Southern Alps"
"Population 69","Italy 432SO NA NA","Italy","Southern Alps"
"Population 371","Italy 433SO NA NA","Italy","Southern Alps"
"Population 71","Italy 434SO NA NA","Italy","Southern Alps"
"Population 397","Italy 435SO NA NA","Italy","Southern Alps"
"Population 260","Italy 436SO NA NA","Italy","Southern Alps"
"Population 374","Italy 437SO NA NA","Italy","Southern Alps"
"Population 394","Italy 438SO NA NA","Italy","Southern Alps"
"Population 16","Italy 439SO NA NA","Italy","Southern Alps"
"Population 72","Italy 440SO NA NA","Italy","Southern Alps"
"Population 399","Italy 441SO NA NA","Italy","Southern Alps"
"Population 391","Italy 442SO NA NA","Italy","Southern Alps"
"Population 372","Italy 443SO NA NA","Italy","Southern Alps"
"Population 390","Italy 444SO NA NA","Italy","Southern Alps"
"Population 373","Italy 445SO NA NA","Italy","Southern Alps"
"Population 565","Italy 446SO NA NA","Italy","Southern Alps"
"Population 182","Italy 448PV NA NA","Italy","Southern Alps"
"Population 496","Italy 46 AQ NA NA","Italy","Southern Alps"
"Population 562","Italy 47SO NA NA","Italy","Southern Alps"
"Population 524","Italy 49 AQ NA NA","Italy","Southern Alps"
"Population 383","Italy 49RE NA NA","Italy","Apennines"
"Population 539","Italy 4BG NA NA","Italy","Southern Alps"
"Population 264","Italy 55RE NA NA","Italy","Apennines"
"Population 382","Italy 56RE NA NA","Italy","Apennines"
"Population 557","Italy 58 AQ NA NA","Italy","Southern Alps"
"Population 171","Italy 59RE NA NA","Italy","Apennines"
"Population 239","Italy 5BS NA NA","Italy","Southern Alps"
"Population 537","Italy 61 AQ NA NA","Italy","Southern Alps"
"Population 439","Italy 62 AQ NA NA","Italy","Southern Alps"
"Population 183","Italy 62BG NA NA","Italy","Southern Alps"
"Population 542","Italy 63BG NA NA","Italy","Southern Alps"
"Population 485","Italy 64BG NA NA","Italy","Southern Alps"
"Population 440","Italy 65 AQ NA NA","Italy","Southern Alps"
"Population 493","Italy 66SO NA NA","Italy","Southern Alps"
"Population 124","Italy 69 AQ NA NA","Italy","Southern Alps"
"Population 19","Italy 70 AQ NA NA","Italy","Southern Alps"
"Population 501","Italy 72 AQ NA NA","Italy","Southern Alps"
"Population 517","Italy 76 AQ NA NA","Italy","Southern Alps"
"Population 498","Italy 76SO NA NA","Italy","Southern Alps"
"Population 208","Italy 78 AQ NA NA","Italy","Southern Alps"
"Population 210","Italy 81 AQ NA NA","Italy","Southern Alps"
"Population 76","Italy 85SO NA NA","Italy","Southern Alps"
"Population 488","Italy 86 AQ NA NA","Italy","Southern Alps"
"Population 295","Italy 89 AQ NA NA","Italy","Southern Alps"
"Population 561","Italy 89SO NA NA","Italy","Southern Alps"
"Population 454","Italy 8AO NA NA","Italy","Southern Alps"
"Population 265","Italy 97 AQ NA NA","Italy","Apennines"
"Population 133","Italy ALP_007  NA NA","Italy","Southern Alps"
"Population 131","Italy Alp_008 NA NA","Italy","Southern Alps"
"Population 310","Italy ALP_015  NA NA","Italy","Southern Alps"
"Population 332","Italy ALP_018  NA NA","Italy","Southern Alps"
"Population 456","Italy ALP_024  NA NA","Italy","Southern Alps"
"Population 125","Italy ALP_026  NA NA","Italy","Southern Alps"
"Population 405","Italy ALP_027  NA NA","Italy","Southern Alps"
"Population 474","Italy ALP_030  NA NA","Italy","Southern Alps"
"Population 198","Italy Alp_032 NA NA","Italy","Southern Alps"
"Population 379","Italy ALP_034  NA NA","Italy","Southern Alps"
"Population 415","Italy ALP_041  NA NA","Italy","Southern Alps"
"Population 575","Italy ALP_043  NA NA","Italy","Southern Alps"
"Population 431","Italy ALP_045  NA NA","Italy","Southern Alps"
"Population 24","Italy ALP_047 NA NA","Italy","Southern Alps"
"Population 307","Italy Alp_050 NA NA","Italy","Southern Alps"
"Population 278","Italy Alp_051 NA NA","Italy","Southern Alps"
"Population 344","Italy Alp_057 NA NA","Italy","Southern Alps"
"Population 309","Italy Alp_060 NA NA","Italy","Southern Alps"
"Population 375","Italy Alp_081 NA NA","Italy","Southern Alps"
"Population 414","Italy Alp_084 NA NA","Italy","Southern Alps"
"Population 252","Italy Alp_086 NA NA","Italy","Southern Alps"
"Population 281","Italy Alp_088 NA NA","Italy","Southern Alps"
"Population 324","Italy Alp_090 NA NA","Italy","Southern Alps"
"Population 159","Italy Alp_091 NA NA","Italy","Southern Alps"
"Population 291","Italy Alp_092 NA NA","Italy","Southern Alps"
"Population 285","Italy Alp_095 NA NA","Italy","Southern Alps"
"Population 577","Italy Alp_096 NA NA","Italy","Southern Alps"
"Population 376","Italy Alp_105 NA NA","Italy","Southern Alps"
"Population 142","Italy Alp_107 NA NA","Italy","Southern Alps"
"Population 326","Italy Alp_115 NA NA","Italy","Southern Alps"
"Population 290","Italy Alp_124 NA NA","Italy","Southern Alps"
"Population 380","Italy Alp_134 NA NA","Italy","Southern Alps"
"Population 147","Italy Alp_143 NA NA","Italy","Southern Alps"
"Population 267","Italy Alp_151 NA NA","Italy","Southern Alps"
"Population 293","Italy Alp_154 NA NA","Italy","Southern Alps"
"Population 333","Italy Alp_155 NA NA","Italy","Southern Alps"
"Population 571","Italy Alp_157 NA NA","Italy","Southern Alps"
"Population 219","Italy Alp_160 NA NA","Italy","Southern Alps"
"Population 258","Italy Alp_164 NA NA","Italy","Southern Alps"
"Population 250","Italy Alp_165 NA NA","Italy","Southern Alps"
"Population 220","Italy Alp_166 NA NA","Italy","Southern Alps"
"Population 261","Italy Alp_168 NA NA","Italy","Southern Alps"
"Population 263","Italy Alp_170 NA NA","Italy","Southern Alps"
"Population 79","Italy Alp_175 NA NA","Italy","Southern Alps"
"Population 303","Italy Alp_176 NA NA","Italy","Southern Alps"
"Population 287","Italy Alp_177 NA NA","Italy","Southern Alps"
"Population 560","Italy BG186 NA NA","Italy","Southern Alps"
"Population 363","Italy BG187 NA NA","Italy","Southern Alps"
"Population 5","Italy BG188 NA NA","Italy","Southern Alps"
"Population 411","Italy BG190  NA NA","Italy","Southern Alps"
"Population 584","Italy BG191 NA NA","Italy","Southern Alps"
"Population 320","Italy BG193  NA NA","Italy","Southern Alps"
"Population 279","Italy BG195  NA NA","Italy","Southern Alps"
"Population 465","Italy BG199 NA NA","Italy","Southern Alps"
"Population 54","Italy BG335 NA NA","Italy","Southern Alps"
"Population 75","Italy BG338 NA NA","Italy","Southern Alps"
"Population 269","Italy BG339 NA NA","Italy","Southern Alps"
"Population 459","Italy BG340 NA NA","Italy","Southern Alps"
"Population 466","Italy BG341 NA NA","Italy","Southern Alps"
"Population 462","Italy BG342 NA NA","Italy","Southern Alps"
"Population 7","Italy BG344 NA NA","Italy","Southern Alps"
"Population 319","Italy BG345 NA NA","Italy","Southern Alps"
"Population 449","Italy BG346 NA NA","Italy","Southern Alps"
"Population 583","Italy BG387 NA NA","Italy","Southern Alps"
"Population 413","Italy BG434 NA NA","Italy","Southern Alps"
"Population 506","Italy BG507 NA NA","Italy","Southern Alps"
"Population 318","Italy BG684 NA NA","Italy","Southern Alps"
"Population 503","Italy BG687 NA NA","Italy","Southern Alps"
"Population 455","Italy BG718 NA NA","Italy","Southern Alps"
"Population 409","Italy BG947 NA NA","Italy","Southern Alps"
"Population 468","Italy BG948 NA NA","Italy","Southern Alps"
"Population 364","Italy BG950 NA NA","Italy","Southern Alps"
"Population 226","Italy BG951 NA NA","Italy","Southern Alps"
"Population 224","Italy BG954 NA NA","Italy","Southern Alps"
"Population 418","Italy BG956 NA NA","Italy","Southern Alps"
"Population 458","Italy BG961 NA NA","Italy","Southern Alps"
"Population 410","Italy BG962 NA NA","Italy","Southern Alps"
"Population 55","Italy BG963 NA NA","Italy","Southern Alps"
"Population 406","Italy BG964 NA NA","Italy","Southern Alps"
"Population 268","Italy BG965 NA NA","Italy","Southern Alps"
"Population 467","Italy BG966 NA NA","Italy","Southern Alps"
"Population 469","Italy BG967 NA NA","Italy","Southern Alps"
"Population 283","Italy BG969 NA NA","Italy","Southern Alps"
"Population 478","Italy BS137 NA NA","Italy","Southern Alps"
"Population 463","Italy BS284 NA NA","Italy","Southern Alps"
"Population 88","Italy BS308 NA NA","Italy","Southern Alps"
"Population 412","Italy BS321 NA NA","Italy","Southern Alps"
"Population 282","Italy BS406 NA NA","Italy","Southern Alps"
"Population 508","Italy BS445 NA NA","Italy","Southern Alps"
"Population 504","Italy BS686 NA NA","Italy","Southern Alps"
"Population 477","Italy BS688 NA NA","Italy","Southern Alps"
"Population 135","Italy CO146 NA NA","Italy","Southern Alps"
"Population 134","Italy CO363 NA NA","Italy","Southern Alps"
"Population 136","Italy CO372 NA NA","Italy","Southern Alps"
"Population 408","Italy LC304 NA NA","Italy","Southern Alps"
"Population 137","Italy LC305 NA NA","Italy","Southern Alps"
"Population 9","Italy NA NA NA","Italy","Enscobase"
"Population 570","Italy PV107 NA NA","Italy","Apennines"
"Population 207","Italy RE898 NA NA","Italy","Apennines"
"Population 160","Italy RE957 NA NA","Italy","Apennines"
"Population 158","Italy RE958 NA NA","Italy","Apennines"
"Population 20","Italy SO066 NA NA","Italy","Southern Alps"
"Population 58","Italy SO070 NA NA","Italy","Southern Alps"
"Population 87","Italy SO071 NA NA","Italy","Southern Alps"
"Population 91","Italy SO072 NA NA","Italy","Southern Alps"
"Population 151","Italy SO075 NA NA","Italy","Southern Alps"
"Population 249","Italy SO082 NA NA","Italy","Southern Alps"
"Population 280","Italy SO084 NA NA","Italy","Southern Alps"
"Population 366","Italy SO092 NA NA","Italy","Southern Alps"
"Population 275","Italy SO141  NA NA","Italy","Southern Alps"
"Population 274","Italy SO159  NA NA","Italy","Southern Alps"
"Population 529","Italy SO165 NA NA","Italy","Southern Alps"
"Population 272","Italy SO175 NA NA","Italy","Southern Alps"
"Population 569","Italy SO179 NA NA","Italy","Southern Alps"
"Population 284","Italy SO201 NA NA","Italy","Southern Alps"
"Population 473","Italy SO204 NA NA","Italy","Southern Alps"
"Population 95","Italy SO213 NA NA","Italy","Southern Alps"
"Population 215","Italy SO218 NA NA","Italy","Southern Alps"
"Population 407","Italy SO229 NA NA","Italy","Southern Alps"
"Population 18","Italy SO231 NA NA","Italy","Southern Alps"
"Population 61","Italy SO232 NA NA","Italy","Southern Alps"
"Population 144","Italy SO248 NA NA","Italy","Southern Alps"
"Population 475","Italy SO261 NA NA","Italy","Southern Alps"
"Population 367","Italy SO267 NA NA","Italy","Southern Alps"
"Population 461","Italy SO276 NA NA","Italy","Southern Alps"
"Population 365","Italy SO277 NA NA","Italy","Southern Alps"
"Population 277","Italy SO280 NA NA","Italy","Southern Alps"
"Population 460","Italy SO282 NA NA","Italy","Southern Alps"
"Population 21","Italy SO286 NA NA","Italy","Southern Alps"
"Population 22","Italy SO288 NA NA","Italy","Southern Alps"
"Population 582","Italy SO294 NA NA","Italy","Southern Alps"
"Population 447","Italy SO296 NA NA","Italy","Southern Alps"
"Population 23","Italy SO327 NA NA","Italy","Southern Alps"
"Population 123","Italy SO347 NA NA","Italy","Southern Alps"
"Population 464","Italy SO349 NA NA","Italy","Southern Alps"
"Population 127","Italy SO352 NA NA","Italy","Southern Alps"
"Population 433","Italy SO355 NA NA","Italy","Southern Alps"
"Population 90","Italy SO359 NA NA","Italy","Southern Alps"
"Population 57","Italy SO376 NA NA","Italy","Southern Alps"
"Population 248","Italy SO377 NA NA","Italy","Southern Alps"
"Population 211","Italy SO379 NA NA","Italy","Southern Alps"
"Population 450","Italy SO401 NA NA","Italy","Southern Alps"
"Population 276","Italy SO403 NA NA","Italy","Southern Alps"
"Population 330","Italy SO404 NA NA","Italy","Southern Alps"
"Population 448","Italy SO469 NA NA","Italy","Southern Alps"
"Population 472","Italy SO474 NA NA","Italy","Southern Alps"
"Population 403","Italy SO493 NA NA","Italy","Southern Alps"
"Population 451","Italy SO513 NA NA","Italy","Southern Alps"
"Population 476","Italy SO523 NA NA","Italy","Southern Alps"
"Population 143","Italy SO536 NA NA","Italy","Southern Alps"
"Population 93","Italy SO540 NA NA","Italy","Southern Alps"
"Population 432","Italy SO543 NA NA","Italy","Southern Alps"
"Population 273","Italy SO573 NA NA","Italy","Southern Alps"
"Population 84","Italy SO579 NA NA","Italy","Southern Alps"
"Population 286","Italy SO583 NA NA","Italy","Southern Alps"
"Population 130","Italy SO589 NA NA","Italy","Southern Alps"
"Population 340","Italy SO591 NA NA","Italy","Southern Alps"
"Population 471","Italy SO595 NA NA","Italy","Southern Alps"
"Population 89","Italy SO597 NA NA","Italy","Southern Alps"
"Population 8","Italy SO605 NA NA","Italy","Southern Alps"
"Population 225","Italy SO606 NA NA","Italy","Southern Alps"
"Population 56","Italy SO612 NA NA","Italy","Southern Alps"
"Population 140","Italy SO615 NA NA","Italy","Southern Alps"
"Population 457","Italy SO616 NA NA","Italy","Southern Alps"
"Population 212","Italy SO617 NA NA","Italy","Southern Alps"
"Population 126","Italy SO623 NA NA","Italy","Southern Alps"
"Population 141","Italy SO678 NA NA","Italy","Southern Alps"
"Population 83","Italy SO846 NA NA","Italy","Southern Alps"
"Population 209","Italy SO897 NA NA","Italy","Southern Alps"
"Population 505","Italy TN685 NA NA","Italy","Southern Alps"
"Population 507","Italy TR531 NA NA","Italy","Southern Alps"
"Population 17","Italy Val Viola Dosde and Passo dello Stelvi 46 10","Italy","Southern Alps"
"Population 165","Luxembourg NA NA NA","Luxembourg","Enscobase"
"Population 200","Malta NA NA NA","Malta","Enscobase"
"Population 511","Montenegro NA NA NA","Montenegro","Enscobase"
"Population 66","Norway NA NA NA","Norway","Enscobase"
"Population 63","Poland NA NA NA","Poland","Enscobase"
"Population 201","Portugal NA NA NA","Portugal","Enscobase"
"Population 205","Romania NA NA NA","Romania","Enscobase"
"Population 64","Russia NA 43.27 41.41","Russia","Caucasus"
"Population 138","Slovakia NA NA NA","Slovakia","Enscobase"
"Population 68","Slovenia NA NA NA","Slovenia","Enscobase"
"Population 149","Spain 010812-02  30T 356136 4770887 NA","Spain","Cantabrian Mountains"
"Population 328","Spain 010812-04  30T 353919 4772295 NA","Spain","Cantabrian Mountains"
"Population 470","Spain 010812-05  30T 353889 4772278 NA","Spain","Cantabrian Mountains"
"Population 81","Spain 130813-06  30T 369750 4746190 NA","Spain","Cantabrian Mountains"
"Population 85","Spain 140813-04  30T 371113 4761492 NA","Spain","Cantabrian Mountains"
"Population 80","Spain 180913-02  30T 351628 4781356 NA","Spain","Cantabrian Mountains"
"Population 495","Spain 210812-01  30T 351075 4782733 NA","Spain","Cantabrian Mountains"
"Population 82","Spain 210812-03  30T 351075 4782733 NA","Spain","Cantabrian Mountains"
"Population 500","Spain 210812-04  30T 351075 4782733 NA","Spain","Cantabrian Mountains"
"Population 166","Spain 220812-09  30T 349822 4778962 NA","Spain","Cantabrian Mountains"
"Population 306","Spain 220812-13  30T 349976 4778864 NA","Spain","Cantabrian Mountains"
"Population 441","Spain 230812-02  30T 347003 4774338 NA","Spain","Cantabrian Mountains"
"Population 304","Spain 230812-07  30T 345477 4774356 NA","Spain","Cantabrian Mountains"
"Population 256","Spain 230812-08  30T 345477 4774356 NA","Spain","Cantabrian Mountains"
"Population 404","Spain 280812-10  30T 351719 4784494 NA","Spain","Cantabrian Mountains"
"Population 481","Spain 280813-04  30T 340203 4773152 NA","Spain","Cantabrian Mountains"
"Population 62","Spain 290812-02  30T 351457 4785493 NA","Spain","Cantabrian Mountains"
"Population 301","Spain 290812-04  30T 351595 4783197 NA","Spain","Cantabrian Mountains"
"Population 266","Spain 300813-01  29T 708700 4694227 NA","Spain","Cantabrian Mountains"
"Population 262","Spain 310712-05  30T 339000 4781000 NA","Spain","Cantabrian Mountains"
"Population 100","Spain 310712-06  30T 339000 4781000 NA","Spain","Cantabrian Mountains"
"Population 559","Spain 310713-03  29T 684469 4681945 NA","Spain","Cantabrian Mountains"
"Population 257","Spain NA NA NA","Spain","Enscobase"
"Population 70","Sweden NA NA NA","Sweden","Enscobase"
"Population 40","Switzerland NA NA NA","Switzerland","Enscobase"
"Population 53","Turkey NA NA NA","Turkey","Enscobase"
"Population 15","United-Kingdom NA NA NA","United-Kingdom","Enscobase"
