"TPLName","Alpine","Plant category","...4","Life form","Lifespan","Reproduction frequency","...8","Seed.mass","Dormancy","Embryo"
"Acaena pinnatifida","Generalist","Herb",NA,"H","perennial","polycarp",NA,"8.9","PD",0.9
"Achillea atrata","Strict","Herb",NA,"H","perennial","polycarp",NA,"0.63089736842105304","PD",1
"Achillea clavennae","Strict","Herb",NA,"H","perennial","polycarp",NA,"0.449",NA,1
"Achillea erba-rotta","Strict","Herb",NA,"H","perennial","polycarp",NA,"0.274",NA,1
"Achillea nana","Strict","Herb",NA,"H","perennial","polycarp",NA,"0.63089736842105304",NA,1
"Aciphylla glacialis","Strict","Herb",NA,"H","perennial","polycarp",NA,"5.899",NA,0.05
"Aciphylla simplicifolia","Generalist","Herb",NA,"H","perennial","polycarp",NA,"5.006",NA,0.04
"Aconitum brunneum","Strict","Herb",NA,"H","perennial","polycarp",NA,"1.79683333333333","MPD",0.05
"Aconitum bucovinense","Strict","Herb",NA,"H","perennial","polycarp",NA,"2.1248300000000002",NA,0.05
"Aconitum lasiocarpum","Generalist","Herb",NA,"H","perennial","polycarp",NA,"2.1248300000000002",NA,0.05
"Aconitum lycoctonum","Generalist","Herb",NA,"H","perennial","polycarp",NA,"2.1248300000000002","MPD",0.05
"Aconitum tanguticum","Strict","Herb",NA,"H","perennial","polycarp",NA,"2.1248300000000002","MPD",0.05
"Acronema chinense","Strict","Herb",NA,"G","perennial","polycarp",NA,"0.536","MPD",0.06
"Adenophora himalayana","Generalist","Herb",NA,"H","perennial","polycarp",NA,"0.144666666666667",NA,0.22
"Adenophora liliifolioides","Generalist","Herb",NA,"H","perennial","polycarp",NA,"0.138666666666667","PD",0.22
"Adenostyles alliariae","Generalist","Herb",NA,"H","perennial","polycarp",NA,"1.25",NA,1
"Adesmia emarginata","Generalist","Woody",NA,"CH","perennial","polycarp",NA,"5.3384299999999998",NA,1
"Adesmia longipes","Strict","Herb",NA,"H","perennial","polycarp",NA,"5.3384299999999998",NA,1
"Adesmia radicifolia","Generalist","Herb",NA,"H","perennial","polycarp",NA,"5.3384299999999998",NA,1
"Agropyron velutinum","Generalist","Grass","Graminoid","H","perennial","polycarp",NA,"5.2359999999999998",NA,0.2
"Agrostis alpina","Strict","Grass","Graminoid","H","perennial","polycarp",NA,"8.0582758620689698E-2",NA,0.2
"Ajania fruticulosa","Generalist","Herb",NA,"CH","perennial","polycarp",NA,"0.253",NA,1
"Ajania salicifolia","Generalist","Herb",NA,"CH","perennial","polycarp",NA,"0.266516666666667","ND",1
"Ajania tenuifolia","Generalist","Herb",NA,"G","perennial","polycarp",NA,"0.1099","PD",1
"Alchemilla alpina","Strict","Herb",NA,"CH","perennial","polycarp",NA,"0.43209411764705902","PD",0.9
"Aletris glandulifera","Strict","Herb",NA,"G","perennial","polycarp",NA,"0.0556666666666667",NA,0.08
"Allium chrysanthum","Generalist","Herb",NA,"G","perennial","polycarp",NA,"0.635666666666667","PD",0.35
"Allium chrysocephalum","Strict","Herb",NA,"G","perennial","polycarp",NA,"0.528","PD",0.35
"Allium cyaneum","Generalist","Herb",NA,"G","perennial","polycarp",NA,"0.532211111111111","PD",0.35
"Allium cyathophorum","Generalist","Herb",NA,"G","perennial","polycarp",NA,"1.97556666666667",NA,0.35
"Allium prattii","Generalist","Herb",NA,"G","perennial","polycarp",NA,"2.7635409395973198",NA,0.35
"Allium przewalskianum","Generalist","Herb",NA,"G","perennial","polycarp",NA,"0.699333333333333","PD",0.35
"Allium rude","Generalist","Herb",NA,"G","perennial","polycarp",NA,"0.47285","PD",0.35
"Allium sikkimense","Generalist","Herb",NA,"G","perennial","polycarp",NA,"0.494","PD",0.35
"Allium victorialis","Strict","Herb",NA,"G","perennial","polycarp",NA,"3.31894444444444","MPD",0.35
"Alstroemeria pallida","Generalist","Herb",NA,"G","perennial","polycarp",NA,"18.3",NA,0.14
"Anaphalis flavescens","Generalist","Herb",NA,"G","perennial","polycarp",NA,"0.09605","PD",1
"Anaphalis latialata","Strict","Herb",NA,"CH","perennial","polycarp",NA,"0.0947","ND",1
"Anaphalis nepalensis","Generalist","Herb",NA,"G","perennial","polycarp",NA,"0.263",NA,1
"Anarthrophyllum cumingii","Generalist","Woody",NA,"CH","perennial","polycarp",NA,"3.4",NA,0.97
"Anarthrophyllum gayanum","Strict","Woody",NA,"CH","perennial","polycarp",NA,"3.4",NA,0.97
"Androsace chamaejasme","Strict","Herb",NA,"H","perennial","polycarp",NA,"0.5964",NA,0.21
"Androsace gmelinii","Generalist","Herb",NA,"T","annual","monocarp",NA,"0.163166666666667",NA,0.21
"Androsace obtusifolia","Strict","Herb",NA,"H","perennial","polycarp",NA,"0.4268",NA,0.21
"Androsace villosa","Generalist","Herb",NA,"CH","perennial","polycarp",NA,"1.0782",NA,0.21
"Anemone alpina","Strict","Herb",NA,"H","perennial","polycarp",NA,"4.4944","MPD",0.04
"Anemone narcissiflora","Generalist","Herb",NA,"G","perennial","polycarp",NA,"2.73972272727273",NA,0.04
"Anemone rivularis","Generalist","Herb",NA,"G","perennial","polycarp",NA,"6.89005","MPD",0.04
"Anemone vernalis","Strict","Herb",NA,"H","perennial","polycarp",NA,"1.8966",NA,0.04
"Anisodus tanguticus","Generalist","Herb",NA,"H","perennial","polycarp",NA,"7.2485","PD",0.47
"Antennaria dioica","Generalist","Herb",NA,"H","perennial","polycarp",NA,"0.06",NA,1
"Anthoxanthum odoratum","Generalist","Grass","Graminoid","H","perennial","polycarp",NA,"0.55","PD",0.05
"Anthriscus sylvestris","Generalist","Herb",NA,"H","perennial","polycarp",NA,"3.57465","MPD",0.02
"Anthyllis vulneraria","Generalist","Herb",NA,"H","perennial","monocarp, polycarp",NA,"3.48434","PY",0.98
"Arabis alpina","Generalist","Herb",NA,"CH","perennial","polycarp",NA,"0.4",NA,1
"Arabis caerulea","Strict","Herb",NA,"H","perennial","polycarp",NA,"0.30630000000000002",NA,1
"Arenaria biflora","Strict","Herb",NA,"CH","perennial","polycarp",NA,"0.0872",NA,0.61
"Arenaria edgeworthiana","Strict","Herb",NA,"CH","perennial","polycarp",NA,"0.866333333333333",NA,0.61
"Arenaria erinacea","Generalist","Herb",NA,"CH","perennial","polycarp",NA,"0.216236363636364",NA,0.61
"Arenaria grandiflora","Generalist","Herb",NA,"CH","perennial","polycarp",NA,"0.5456",NA,0.61
"Arenaria kansuensis","Strict","Herb",NA,"CH","perennial","polycarp",NA,"0.1257","PD",0.61
"Arenaria norvegica","Generalist","Herb",NA,"CH","perennial","polycarp",NA,"0.216236363636364",NA,0.61
"Arenaria purpurascens","Strict","Herb",NA,"CH","perennial","polycarp",NA,"0.216236363636364",NA,0.61
"Aristida triseta","Generalist","Grass","Graminoid","H","perennial","polycarp",NA,"0.2767","PD",0.34
"Armeria alpina","Strict","Herb",NA,"H","perennial","polycarp",NA,"1.9264",NA,0.95
"Armeria cantabrica","Strict","Herb",NA,"H","perennial","polycarp",NA,"1.7292",NA,0.95
"Arnica montana","Generalist","Herb",NA,"H","perennial","polycarp",NA,"1.28825",NA,1
"Artemisia desertorum","Strict","Herb",NA,"H","perennial","polycarp",NA,"0.171877777777778","PD",1
"Artemisia genipi","Strict","Herb",NA,"CH","perennial","polycarp",NA,"0.22",NA,1
"Artemisia glacialis","Strict","Herb",NA,"CH","perennial","polycarp",NA,"0.70511944444444397",NA,1
"Artemisia gmelinii","Generalist","Herb",NA,"CH","perennial","polycarp",NA,"0.205955555555556","ND",1
"Artemisia hedinii","Generalist","Herb",NA,"T","annual","monocarp",NA,"0.0652222222222222","ND",1
"Artemisia umbelliformis","Strict","Herb",NA,"CH","perennial","polycarp",NA,"0.2899",NA,1
"Asperugo procumbens","Generalist","Herb",NA,"T","annual","monocarp",NA,"2.0295","PD",1
"Astelia alpina","Strict","Herb",NA,"G","perennial","polycarp",NA,"1.1258",NA,0.11
"Astelia psychrocharis","Strict","Herb",NA,"G","perennial","polycarp",NA,"1.70235",NA,0.11
"Aster alpinus","Generalist","Herb",NA,"H","perennial","polycarp",NA,"0.672566666666667",NA,1
"Aster amellus","Generalist","Herb",NA,"H","perennial","polycarp",NA,"0.810466666666667","PD",1
"Aster diplostephioides","Generalist","Herb",NA,"H","perennial","polycarp",NA,"0.62235","ND",1
"Aster souliei","Generalist","Herb",NA,"H","perennial","polycarp",NA,"0.731","PD",1
"Aster yunnanensis","Generalist","Herb",NA,"H","perennial","polycarp",NA,"0.2977","ND",1
"Astragalus australis","Strict","Herb",NA,"H","perennial","polycarp",NA,"8.8214354679803009",NA,0.98
"Astragalus cyri","Strict","Herb",NA,"H","perennial","polycarp",NA,"8.8214354679803009",NA,0.98
"Astragalus floridus","Strict","Herb",NA,"H","perennial","polycarp",NA,"2.62198333333333","PY",0.982865731
"Astragalus mahoschanicus","Generalist","Herb",NA,"H","perennial","polycarp",NA,"1.98766666666667","PY",0.98
"Astragalus penduliflorus","Strict","Herb",NA,"H","perennial","polycarp",NA,"8.8214354679803009",NA,0.98
"Astragalus polycladus","Generalist","Herb",NA,"H","perennial","polycarp",NA,"1.19933333333333","PY",0.98
"Astragalus przewalskii","Strict","Herb",NA,"H","perennial","polycarp",NA,"2.32235",NA,0.98
"Astragalus tongolensis","Strict","Herb",NA,"H","perennial","polycarp",NA,"1.93351666666667","PY",0.98
"Aubrieta thessala","Strict","Herb",NA,"CH","perennial","polycarp",NA,"0.242933333333333",NA,1
"Avena fatua","Generalist","Grass","Graminoid","T","annual","monocarp",NA,"15.1593333333333","PD",0.09
"Azorella madreporica","Generalist","Woody",NA,"CH","perennial","polycarp",NA,"1.3",NA,0.04
"Baeckea gunniana","Generalist","Woody",NA,"NP","perennial","polycarp",NA,"0.746",NA,1
"Baeckea utilis","Generalist","Woody",NA,"NP","perennial","polycarp",NA,"0.062",NA,1
"Bartsia alpina","Generalist","Herb",NA,"G","perennial","polycarp",NA,"0.28","PD",0.38
"Batrachium bungei","Generalist","Herb",NA,"T, Hydrophyt","annual, perennial","monocarp, polycarp",NA,"0.74985","MPD",0.04
"Berberis montana","Generalist","Woody",NA,"NP","perennial","polycarp",NA,"11.9288537037037",NA,0.34
"Betula nana","Strict","Woody",NA,"CH, NP","perennial","polycarp",NA,"0.49844722222222199","PD",0.99
"Biebersteinia orphanidis","Strict","Herb",NA,"H","perennial","polycarp",NA,"19.02",NA,1
"Biscutella laevigata","Generalist","Herb",NA,"H","perennial","polycarp",NA,"4.167",NA,1
"Blysmus sinocompressus","Generalist","Grass","Cyperoid","H, G","perennial","polycarp",NA,"0.636","PD",0.11
"Brachyscome barkerae","Strict","Herb",NA,"H","perennial","polycarp",NA,"0.37640400000000002",NA,1
"Brachyscome obovata","Generalist","Herb",NA,"H","perennial","polycarp",NA,"0.37640400000000002",NA,1
"Brachyscome rigidula","Generalist","Herb",NA,"H","perennial","polycarp",NA,"0.304",NA,1
"Brachyscome spathulata","Generalist","Herb",NA,"H","perennial","polycarp",NA,"0.4188",NA,1
"Brachyscome stolonifera","Strict","Herb",NA,"H","perennial","polycarp",NA,"0.37640400000000002",NA,1
"Braya rosea","Generalist","Herb",NA,"H","perennial","polycarp",NA,"1.19266666666667",NA,1
"Bromus sinensis","Strict","Grass","Graminoid","H","perennial","polycarp",NA,"3.81233333333333","ND",0.1
"Bupleurum commelynoideum","Generalist","Herb",NA,"H","perennial","polycarp",NA,"1.24485","MD",0.04
"Calandrinia caespitosa","Strict","Herb",NA,"H","perennial","polycarp",NA,"0.5",NA,0.77
"Calceolaria filicaulis","Strict","Herb",NA,"H","perennial","polycarp",NA,"1.9199999999999998E-2",NA,0.471479706
"Calceolaria purpurea","Generalist","Herb",NA,"T, H","annual, perennial","monocarp, polycarp",NA,"1.84E-2",NA,0.471479706
"Callistemon pityoides","Generalist","Woody",NA,"PH","perennial","polycarp",NA,"0.25","PD",1
"Callitriche palustris","Generalist","Herb",NA,"T, Hydrophyt","annual, perennial","monocarp, polycarp",NA,"0.113666666666667",NA,0.67
"Campanula alpina","Strict","Herb",NA,"H","perennial","polycarp",NA,"0.2758",NA,0.19
"Campanula aristata","Strict","Herb",NA,"H","perennial","polycarp",NA,"0.0271666666666667","PD",0.19
"Campanula barbata","Strict","Herb",NA,"H","perennial","polycarp",NA,"0.1055","PD",0.19
"Campanula cochleariifolia","Generalist","Herb",NA,"H","perennial","polycarp",NA,"0.12888421052631599","PD",0.19
"Campanula collina","Strict","Herb",NA,"H","perennial","polycarp",NA,"0.1254",NA,0.19
"Campanula jacquinii","Strict","Herb",NA,"H","perennial","polycarp",NA,"0.12888421052631599",NA,0.19
"Campanula latifolia","Generalist","Herb",NA,"H","perennial","polycarp",NA,"0.12888421052631599","MPD",0.19
"Campanula macrorhiza","Generalist","Herb",NA,"H","perennial","polycarp",NA,"0.12888421052631599",NA,0.19
"Campanula scheuchzeri","Strict","Herb",NA,"H","perennial","polycarp",NA,"0.0572","PD",0.19
"Campanula thyrsoides","Generalist","Herb",NA,"H","perennial","polycarp",NA,"0.0844","PD",0.19
"Caragana erinacea","Generalist","Woody",NA,"CH","perennial","polycarp",NA,"28.242814285714299","PY",1
"Caragana jubata","Generalist","Woody",NA,"NP","perennial","polycarp",NA,"10.645","PY",1
"Cardamine cordata","Generalist","Herb",NA,"H","perennial","polycarp",NA,"1.0497818181818199",NA,1
"Cardamine robusta","Strict","Herb",NA,"H","perennial","polycarp",NA,"1.0497818181818199",NA,1
"Cardamine tangutorum","Generalist","Herb",NA,"H, G","perennial","polycarp",NA,"0.204666666666667",NA,1
"Carex aphylla","Generalist","Grass","Cyperoid","H","perennial","polycarp",NA,"1.3260540682414701",NA,0.06
"Carex asturica","Generalist","Grass","Cyperoid","H, G","perennial","polycarp",NA,"4.4069",NA,0.06
"Carex atrata","Strict","Grass","Cyperoid","H","perennial","polycarp",NA,"0.6236","PD",0.06
"Carex banksii","Generalist","Grass","Cyperoid","H, G","perennial","polycarp",NA,"1.3260540682414701",NA,0.06
"Carex bicolor","Strict","Grass","Cyperoid","H","perennial","polycarp",NA,"0.558",NA,0.06
"Carex blakei","Strict","Grass","Cyperoid","H, G","perennial","polycarp",NA,"1.921",NA,0.06
"Carex buxbaumii","Generalist","Grass","Cyperoid","G","perennial","polycarp",NA,"1.3260540682414701","PD",0.06
"Carex capillacea","Generalist","Grass","Cyperoid","H","perennial","polycarp",NA,"0.528",NA,0.06
"Carex capillaris","Strict","Grass","Cyperoid","H","perennial","polycarp",NA,"1.3260540682414701","PD",0.06
"Carex cephalotes","Generalist","Grass","Cyperoid","H","perennial","polycarp",NA,"0.5508",NA,0.06
"Carex curvula","Strict","Grass","Cyperoid","H","perennial","polycarp",NA,"2",NA,0.06
"Carex echinata","Generalist","Grass","Cyperoid","H","perennial","polycarp",NA,"0.83","PD",0.06
"Carex enervis","Generalist","Grass","Cyperoid","G","perennial","polycarp",NA,"0.558483333333333","PD",0.06
"Carex firma","Strict","Grass","Cyperoid","H","perennial","polycarp",NA,"1.11","PD",0.06
"Carex foetida","Strict","Grass","Cyperoid","H","perennial","polycarp",NA,"0.408",NA,0.06
"Carex gaudichaudiana","Generalist","Grass","Cyperoid","H, G","perennial","polycarp",NA,"0.951",NA,0.06
"Carex hebes","Strict","Grass","Cyperoid","H","perennial","polycarp",NA,"1.3278",NA,0.06
"Carex hypandra","Strict","Grass","Cyperoid","H","perennial","polycarp",NA,"0.5362",NA,0.06
"Carex kansuensis","Strict","Grass","Cyperoid","H","perennial","polycarp",NA,"0.9247","PD",0.06
"Carex lachenalii","Strict","Grass","Cyperoid","H","perennial","polycarp",NA,"1.3260540682414701",NA,0.06
"Carex microglochin","Generalist","Grass","Cyperoid","G","perennial","polycarp",NA,"1.3260540682414701",NA,0.06
"Carex przewalskii","Generalist","Grass","Cyperoid","H, G","perennial","polycarp",NA,"0.520333333333333","PD",0.06
"Carex pulicaris","Generalist","Grass","Cyperoid","H","perennial","polycarp",NA,"1.3260540682414701","PD",0.06
"Carex rariflora","Strict","Grass","Cyperoid","H","perennial","polycarp",NA,"1.3260540682414701",NA,0.06
"Carex rostrata","Generalist","Grass","Cyperoid","H","perennial","polycarp",NA,"1.3260540682414701","PD",0.06
"Carex saxatilis","Generalist","Grass","Cyperoid","H","perennial","polycarp",NA,"1.3260540682414701",NA,0.06
"Carex scabrirostris","Strict","Grass","Cyperoid","G","perennial","polycarp",NA,"1.9557",NA,0.06
"Carex sempervirens","Generalist","Grass","Cyperoid","H","perennial","polycarp",NA,"1.08","PD",0.06
"Carpha nivicola","Generalist","Grass","Cyperoid","H","perennial","polycarp",NA,"2.22",NA,0.11
"Carum carvi","Generalist","Herb",NA,"H","biennial","monocarp",NA,"2.22411111111111","MPD",0.08
"Catolobus pendulus","Generalist","Herb",NA,"H","biennial","monocarp",NA,"0.249166666666667","PD",1
"Celmisia costiniana","Strict","Herb",NA,"CH","perennial","polycarp",NA,"2.977",NA,1
"Celmisia pugioniformis","Generalist","Herb",NA,"CH","perennial","polycarp",NA,"2.478",NA,1
"Centaurea nervosa","Strict","Herb",NA,"H","perennial","polycarp",NA,"3.4184",NA,1
"Cerastium alpinum","Strict","Herb",NA,"CH","perennial","polycarp",NA,"0.27551707317073199",NA,0.74
"Cerastium arcticum","Strict","Herb",NA,"CH","perennial","polycarp",NA,"0.27551707317073199",NA,0.74
"Cerastium arvense","Generalist","Herb",NA,"CH","perennial","polycarp",NA,"0.189","PD",0.74
"Cerastium cerastoides","Strict","Herb",NA,"CH","perennial","polycarp",NA,"0.27551707317073199",NA,0.74
"Cerastium latifolium","Strict","Herb",NA,"CH","perennial","polycarp",NA,"0.35",NA,0.74
"Cerastium pedunculatum","Strict","Herb",NA,"CH","perennial","polycarp",NA,"0.27551707317073199",NA,0.74
"Cerastium uniflorum","Strict","Herb",NA,"CH","perennial","polycarp",NA,"0.2556",NA,0.74
"Chaerophyllum australianum","Generalist","Herb",NA,"H","perennial","polycarp","Oreomyrhhis eriopoda","1.93",NA,0.02
"Chaerophyllum eriopodum","Generalist","Herb",NA,"H","annual, perennial","monocarp, polycarp","Oreomyrrhis ciliata","2.45",NA,0.04
"Chaetanthera euphrasioides","Generalist","Herb",NA,"T","annual","monocarp",NA,"1.4546",NA,1
"Chaetanthera microphylla","Generalist","Herb",NA,"T","annual","monocarp",NA,"0.688",NA,1
"Chamaesium paradoxum","Strict","Herb",NA,"H","biennial","monocarp",NA,"1.05633333333333","MPD",0.06
"Chrysosplenium uniflorum","Generalist","Herb",NA,"G","perennial","polycarp",NA,"0.141333333333333",NA,0.1
"Circaeaster agrestis","Generalist","Herb",NA,"H","perennial","polycarp",NA,"1.08",NA,0.08410596
"Cirsium arvense","Generalist","Herb",NA,"G","perennial","polycarp",NA,"1.25739166666667","PD",1
"Cirsium lanatum","Generalist","Herb",NA,"G","perennial","polycarp",NA,"3.122","PD",1
"Cirsium souliei","Generalist","Herb",NA,"H","perennial","polycarp",NA,"4.056",NA,1
"Cirsium spinosissimum","Strict","Herb",NA,"H","perennial","polycarp",NA,"2.8964",NA,1
"Clematis tangutica","Generalist","Woody","Liana","NP","perennial","polycarp",NA,"1.56087777777778","MPD",0.04
"Cochlearia tatrae","Strict","Herb",NA,"H","biennial","monocarp",NA,"0.80077142857142902",NA,1
"Codonopsis foetens","Strict","Herb",NA,"H","perennial","polycarp",NA,"0.5",NA,0.22
"Colobanthus affinis","Strict","Herb",NA,"H","perennial","polycarp",NA,"0.1256",NA,0.66
"Coluria longifolia","Generalist","Herb",NA,"H","perennial","polycarp",NA,"1.24481666666667","PD",0.9
"Comarum palustre","Generalist","Herb",NA,"CH","perennial","polycarp",NA,"0.32","PD",0.9
"Comastoma falcatum","Generalist","Herb",NA,"T","annual","monocarp",NA,"0.1","PD",0.21
"Comastoma pedunculatum","Strict","Herb",NA,"T","annual","monocarp",NA,"0.198666666666667","PD",0.21
"Comastoma pulmonarium","Strict","Herb",NA,"T","annual","monocarp",NA,"0.276166666666667",NA,0.21
"Comastoma tenellum","Strict","Herb",NA,"T","annual","monocarp",NA,"4.7600000000000003E-2",NA,0.21
"Convolvulus arvensis","Generalist","Herb",NA,"G","perennial","polycarp",NA,"11.3368333333333","PY",0.87
"Cortaderia pilosa","Generalist","Grass","Graminoid","H","perennial","polycarp",NA,"0.2604",NA,0.2
"Corydalis melanochlora","Strict","Herb",NA,"G","perennial","polycarp",NA,"1.49566666666667",NA,0.06
"Craspedia alba","Strict","Herb",NA,"H","perennial","polycarp",NA,"0.59306470588235305",NA,1
"Craspedia costiniana","Strict","Herb",NA,"H","perennial","polycarp",NA,"0.59306470588235305",NA,1
"Craspedia lamicola","Strict","Herb",NA,"H","perennial","polycarp",NA,"0.9644",NA,1
"Craspedia leucantha","Strict","Herb",NA,"H","perennial","polycarp",NA,"0.156",NA,1
"Cremanthodium brunneopilosum","Strict","Herb",NA,"H","perennial","polycarp",NA,"1.925","PD",1
"Cremanthodium discoideum","Strict","Herb",NA,"H","perennial","polycarp",NA,"1.0976",NA,1
"Cremanthodium lineare","Generalist","Herb",NA,"H","perennial","polycarp",NA,"1.127","ND",1
"Cyananthus hookeri","Generalist","Herb",NA,"H","perennial","polycarp",NA,"0.243516666666667","PD",0.22
"Delphinium albocoeruleum","Generalist","Herb",NA,"H","perennial","polycarp",NA,"0.726833333333333",NA,0.07
"Delphinium pylzowii","Strict","Herb",NA,"H","perennial","polycarp",NA,"0.4893","MD",0.07
"Delphinium souliei","Strict","Herb",NA,"H","perennial","polycarp",NA,"0.237",NA,0.07
"Deschampsia cespitosa","Generalist","Grass","Graminoid","H","perennial","polycarp",NA,"0.275916666666667","PD",0.11
"Deyeuxia flavens","Generalist","Grass","Graminoid","H","perennial","polycarp",NA,"0.362166666666667","PD",0.2
"Dianthus barbatus","Strict","Herb",NA,"H","biennial, perennial","monocarp, polycarp",NA,"0.92932499999999996",NA,0.41
"Dianthus glacialis","Strict","Herb",NA,"H","perennial","polycarp",NA,"0.2891",NA,0.41
"Dianthus orientalis","Generalist","Herb",NA,"H","perennial","polycarp",NA,"0.92932499999999996",NA,0.41
"Dichosciadium ranunculaceum","Strict","Herb",NA,"H","perennial","polycarp",NA,"1.92485",NA,0.06
"Dicranostigma lactucoides","Strict","Herb",NA,"H","biennial","monocarp",NA,"0.7147",NA,0.06
"Diplaspis nivis","Strict","Herb",NA,"H","perennial","polycarp",NA,"1.0392",NA,0.06
"Doronicum austriacum","Strict","Herb",NA,"H","perennial","polycarp",NA,"0.83197500000000002",NA,1
"Draba eriopoda","Generalist","Herb",NA,"T","annual","monocarp",NA,"0.161316666666667","PD",1
"Draba gilliesii","Generalist","Herb",NA,"H","perennial","polycarp",NA,"0.134833333333333",NA,1
"Draba hoppeana","Strict","Herb",NA,"CH","perennial","polycarp",NA,"0.134833333333333",NA,1
"Draba ladyginii","Generalist","Herb",NA,"CH","perennial","polycarp",NA,"0.134833333333333",NA,1
"Draba lanceolata","Generalist","Herb",NA,"CH","perennial","polycarp",NA,"0.0793333333333333","PD",1
"Draba nemorosa","Generalist","Herb",NA,"T","annual","monocarp",NA,"0.03015",NA,1
"Draba norvegica","Strict","Herb",NA,"CH","perennial","polycarp",NA,"0.134833333333333",NA,1
"Draba oreades","Generalist","Herb",NA,"CH","perennial","polycarp",NA,"0.117666666666667",NA,1
"Draba stylaris","Strict","Herb",NA,"T, H","annual, perennial","monocarp, polycarp",NA,"0.134833333333333",NA,1
"Dracocephalum heterophyllum","Generalist","Herb",NA,"H","perennial","polycarp",NA,"1.96888888888889","PD",1
"Dracocephalum tanguticum","Strict","Herb",NA,"H","perennial","polycarp",NA,"1.66015","PD",1
"Drosera arcturi","Strict","Herb",NA,"H","perennial","polycarp",NA,"0.0564",NA,0.19
"Dryas octopetala","Strict","Woody",NA,"CH","perennial","polycarp",NA,"0.5526","PD",0.65
"Duthiea brachypodium","Strict","Grass","Graminoid","H, G","perennial","polycarp",NA,"2.73766666666667","PD",0.2
"Eleocharis quinqueflora","Generalist","Grass","Cyperoid","H","perennial","polycarp",NA,"0.56740000000000002","PD",0.17
"Elymus caninus","Generalist","Grass","Graminoid","H","perennial","polycarp",NA,"6.2178137931034501","PD",0.14
"Elymus sibiricus","Generalist","Grass","Graminoid","H","perennial","polycarp",NA,"2.6572","PD",0.14
"Epacris celata","Generalist","Woody",NA,"NP","perennial","polycarp",NA,"5.2142424242424198E-2",NA,0.27
"Epacris glacialis","Strict","Woody",NA,"NP","perennial","polycarp",NA,"0.0356",NA,0.27
"Epacris microphylla","Generalist","Woody",NA,"NP","perennial","polycarp",NA,"0.0552",NA,0.27
"Epacris paludosa","Generalist","Woody",NA,"NP","perennial","polycarp",NA,"0.0316",NA,0.27
"Epacris petrophila","Generalist","Woody",NA,"NP","perennial","polycarp",NA,"0.0292",NA,0.27
"Epilobium alsinifolium","Generalist","Herb",NA,"H","perennial","polycarp",NA,"0.12219482758620701",NA,1
"Epilobium angustifolium","Generalist","Herb",NA,"H, G","perennial","polycarp",NA,"0.105606666666667","PD",1
"Epilobium gunnianum","Generalist","Herb",NA,"CH","perennial","polycarp",NA,"0.0638",NA,1
"Epilobium palustre","Generalist","Herb",NA,"H, G","perennial","polycarp",NA,"0.100508333333333","PD",1
"Eremogone lychnidea","Strict","Herb",NA,"H","perennial","polycarp",NA,"0.85809999999999997",NA,0.66
"Erigeron bellidioides","Generalist","Herb",NA,"H","perennial","polycarp",NA,"0.6972",NA,1
"Erigeron cinereus","Generalist","Herb",NA,"H, G","perennial","polycarp",NA,"0.246122857142857",NA,1
"Erigeron paludicola","Strict","Herb",NA,"H","perennial","polycarp",NA,"0.3408",NA,1
"Erigeron pulchellus","Strict","Herb",NA,"H","perennial","polycarp",NA,"0.158",NA,1
"Erigeron setosus","Generalist","Herb",NA,"H","perennial","polycarp",NA,"0.246122857142857",NA,1
"Eriophorum angustifolium","Generalist","Grass","Cyperoid","G","perennial","polycarp",NA,"0.41",NA,0.12
"Eriophorum latifolium","Generalist","Grass","Cyperoid","H","perennial","polycarp",NA,"0.47727999999999998","PD",0.12
"Eriophorum scheuchzeri","Strict","Grass","Cyperoid","H","perennial","polycarp",NA,"0.4276",NA,0.12
"Erysimum hungaricum","Strict","Herb",NA,"H","biennial","monocarp",NA,"0.81289166666666701",NA,1
"Escallonia alpina","Generalist","Woody",NA,"NP","perennial","polycarp",NA,"3.5933333333333303E-2",NA,0.122129
"Euphorbia tibetica","Generalist","Herb",NA,"CH","perennial","polycarp",NA,"0.951333333333333",NA,0.48
"Euphrasia collina","Strict","Herb",NA,"H, CH","perennial","polycarp",NA,"0.132233333333333",NA,0.42
"Festuca alpina","Strict","Grass","Graminoid","H","perennial","polycarp",NA,"1.2925727272727301",NA,0.2
"Festuca eskia","Strict","Grass","Graminoid","H","perennial","polycarp",NA,"1.2925727272727301",NA,0.2
"Festuca halleri","Strict","Grass","Graminoid","H","perennial","polycarp",NA,"1.2496",NA,0.2
"Festuca nitidula","Generalist","Grass","Graminoid","H","perennial","polycarp",NA,"0.5533","PD",0.2
"Festuca norica","Strict","Grass","Graminoid","H","perennial","polycarp",NA,"1.2925727272727301",NA,0.2
"Festuca ovina","Generalist","Grass","Graminoid","H","perennial","polycarp",NA,"0.412508333333333","PD",0.2
"Festuca paniculata","Strict","Grass","Graminoid","H","perennial","polycarp",NA,"5.192","PD",0.2
"Festuca quadriflora","Strict","Grass","Graminoid","H","perennial","polycarp",NA,"1.2925727272727301",NA,0.2
"Festuca rubra","Generalist","Grass","Graminoid","H","perennial","polycarp",NA,"0.755908333333333","PD",0.2
"Festuca scabriculmis","Strict","Grass","Graminoid","H","perennial","polycarp",NA,"1.2925727272727301",NA,0.2
"Festuca sinensis","Generalist","Grass","Graminoid","H","perennial","polycarp",NA,"0.846377777777778","PD",0.2
"Festuca varia","Generalist","Grass","Graminoid","H","perennial","polycarp",NA,"1.6468",NA,0.2
"Festuca violacea","Strict","Grass","Graminoid","H","perennial","polycarp",NA,"1.4784",NA,0.2
"Fritillaria legionensis","Strict","Herb",NA,"G","perennial","polycarp",NA,"3.3138684210526299",NA,0.06
"Fritillaria unibracteata","Strict","Herb",NA,"G","perennial","polycarp",NA,"0.78","MPD",0.06
"Galium boreale","Generalist","Herb",NA,"G","perennial","polycarp",NA,"0.455333333333333","PD",0.16
"Galium montis-arerae","Strict","Herb",NA,"H","perennial","polycarp",NA,"0.6704",NA,0.16
"Gaultheria poeppigii","Generalist","Woody",NA,"CH","perennial","polycarp",NA,"0.488391666666667",NA,0.17
"Gaultheria pumila","Generalist","Woody",NA,"CH","perennial","polycarp",NA,"0.1204",NA,0.17
"Gentiana acaulis","Strict","Herb",NA,"H","perennial","polycarp",NA,"0.306","MPD",0.07
"Gentiana aquatica","Generalist","Herb",NA,"T","annual","monocarp",NA,"0.198277777777778",NA,0.07
"Gentiana aristata","Generalist","Herb",NA,"T","annual","monocarp",NA,"0.0805","PD",0.07
"Gentiana brachyphylla","Strict","Herb",NA,"H","perennial","polycarp",NA,"0.23157","MPD",0.07
"Gentiana burseri","Generalist","Herb",NA,"H","biennial","monocarp",NA,"0.23157",NA,0.07
"Gentiana choanantha","Generalist","Herb",NA,"T","annual","monocarp",NA,"0.074",NA,0.07
"Gentiana clusii","Strict","Herb",NA,"H","perennial","polycarp",NA,"0.44","MPD",0.07
"Gentiana crassuloides","Generalist","Herb",NA,"T","annual","monocarp",NA,"0.0733","PD",0.07
"Gentiana dahurica","Generalist","Herb",NA,"H","perennial","polycarp",NA,"0.226333333333333","MPD",0.07
"Gentiana leucomelaena","Generalist","Herb",NA,"T","annual","monocarp",NA,"0.05185","PD",0.07
"Gentiana nivalis","Strict","Herb",NA,"H","perennial","polycarp",NA,"0.027","MPD",0.07
"Gentiana nubigena","Strict","Herb",NA,"H","perennial","polycarp",NA,"0.281666666666667","MPD",0.07
"Gentiana prostrata","Generalist","Herb",NA,"T","annual","monocarp",NA,"0.0549833333333333",NA,0.07
"Gentiana punctata","Strict","Herb",NA,"H","perennial","polycarp",NA,"0.6989","MPD",0.07
"Gentiana sino-ornata","Generalist","Herb",NA,"H","perennial","polycarp",NA,"0.23157",NA,0.07
"Gentiana siphonantha","Generalist","Herb",NA,"H","perennial","polycarp",NA,"0.362",NA,0.07
"Gentiana straminea","Generalist","Herb",NA,"H","perennial","polycarp",NA,"0.2649","MPD",0.07
"Gentiana szechenyii","Strict","Herb",NA,"H","perennial","polycarp",NA,"0.184666666666667","PD",0.07
"Gentiana verna","Generalist","Herb",NA,"H","perennial","polycarp",NA,"0.0882666666666667","MPD",0.07
"Gentianella amarella","Generalist","Herb",NA,"T, H","annual, biennial","monocarp",NA,"0.20184666666666701","MPD",0.21
"Gentianella anisodonta","Strict","Herb",NA,"T, H","annual, perennial","monocarp",NA,"0.20184666666666701",NA,0.21
"Gentianella muelleriana","Strict","Herb",NA,"H","perennial","polycarp",NA,"0.4126",NA,0.21
"Gentianopsis barbata","Generalist","Herb",NA,"T, H","annual, biennial","monocarp",NA,"0.063","PD",0.05
"Gentianopsis paludosa","Generalist","Herb",NA,"T","annual","monocarp",NA,"0.181111111111111","PD",0.05
"Geranium pylzowianum","Generalist","Herb",NA,"H","perennial","polycarp",NA,"2.728",NA,1
"Geum montanum","Strict","Herb",NA,"H","perennial","polycarp",NA,"1.044","PD",1
"Geum pyrenaicum","Generalist","Herb",NA,"H","perennial","polycarp",NA,"1.9160409090909101",NA,1
"Geum rivale","Generalist","Herb",NA,"H","perennial","polycarp",NA,"1.9160409090909101","PD",1
"Gingidia algens","Strict","Herb",NA,"H","perennial","polycarp",NA,"4",NA,0.06
"Gnaphalium supinum","Strict","Herb",NA,"H","perennial","polycarp",NA,"0.0852",NA,1
"Hedysarum caucasicum","Generalist","Herb",NA,"H","perennial","polycarp",NA,"6.686",NA,0.98
"Hedysarum sikkimense","Strict","Herb",NA,"H","perennial","polycarp",NA,"8.1783827586206908",NA,0.98
"Helictochloa versicolor","Strict","Grass","Graminoid","H","perennial","polycarp",NA,"2.13142",NA,0.2
"Helictotrichon marginatum","Generalist","Grass","Graminoid","H","perennial","polycarp",NA,"1.9623999999999999",NA,0.2
"Helictotrichon tibeticum","Generalist","Grass","Graminoid","H","perennial","polycarp",NA,"2.18833333333333","PD",0.2
"Helictotrichon versicolor","Strict","Grass","Graminoid","H","perennial","polycarp",NA,"1.7768",NA,0.2
"Heracleum millefolium","Generalist","Herb",NA,"H","perennial","polycarp",NA,"2.32248333333333","MPD",0.06
"Heracleum yungningense","Generalist","Herb",NA,"H","perennial","polycarp",NA,"8.8117851851851796","MPD",0.06
"Heteropappus gouldii","Generalist","Herb",NA,"H","perennial","polycarp",NA,"0.293333333333333","PD",1
"Hippuris vulgaris","Generalist","Herb",NA,"H, Hydrophyt","perennial","polycarp",NA,"0.984011111111111","PD",0.75
"Homogyne alpina","Generalist","Herb",NA,"H","perennial","polycarp",NA,"1.168","PD",1
"Hypochaeris tenuifolia","Strict","Herb",NA,"H","perennial","polycarp",NA,"4.4772",NA,1
"Isolepis crassiuscula","Generalist","Grass","Cyperoid","H","perennial","polycarp",NA,"0.2728",NA,0.11
"Isolepis setacea","Generalist","Grass","Cyperoid","T, H","annual, perennial","monocarp, polycarp",NA,"0.104805555555556","PD",0.11
"Jacobaea incana","Strict","Herb",NA,"H","perennial","polycarp",NA,"1.2195",NA,1
"Jacobaea uniflora","Strict","Herb",NA,"H","perennial","polycarp",NA,"0.62244999999999995",NA,1
"Jasione cavanillesii","Strict","Herb",NA,"H","perennial","polycarp",NA,"0.096",NA,0.22
"Juncus allioides","Generalist","Grass","Juncoid","H, G","perennial","polycarp",NA,"0.0351833333333333","PD",0.15
"Juncus amplifolius","Generalist","Grass","Juncoid","G","perennial","polycarp",NA,"0.0763333333333333","PD",0.15
"Juncus balticus","Generalist","Grass","Juncoid","G","perennial","polycarp",NA,"4.8108593749999998E-2","ND",0.15
"Juncus falcatus","Generalist","Grass","Juncoid","H","perennial","polycarp",NA,"0.0287",NA,0.15
"Juncus filiformis","Generalist","Grass","Juncoid","G","perennial","polycarp",NA,"4.8108593749999998E-2","PD",0.15
"Juncus himalensis","Generalist","Grass","Juncoid","G","perennial","polycarp",NA,"0.045","PD",0.15
"Juncus monanthos","Strict","Grass","Juncoid","H","perennial","polycarp",NA,"0.1588",NA,0.15
"Juncus sphacelatus","Strict","Grass","Juncoid","G","perennial","polycarp",NA,"4.8108593749999998E-2",NA,0.15
"Juncus thomsonii","Generalist","Grass","Juncoid","H","perennial","polycarp",NA,"0.0454833333333333","PD",0.15
"Juncus trifidus","Strict","Grass","Juncoid","H","perennial","polycarp",NA,"0.1525",NA,0.15
"Juncus triglumis","Strict","Grass","Juncoid","H","perennial","polycarp",NA,"4.8108593749999998E-2",NA,0.15
"Jurinea humilis","Generalist","Herb",NA,"H","perennial","polycarp",NA,"5.5759",NA,1
"Kelleria dieffenbachii","Strict","Woody",NA,"NP","perennial","polycarp",NA,"0.155",NA,0.99
"Kobresia capillifolia","Generalist","Grass","Cyperoid","H","perennial","polycarp",NA,"1.811","PD",0.08
"Kobresia humilis","Generalist","Grass","Cyperoid","H","perennial","polycarp",NA,"0.446333333333333",NA,0.08
"Kobresia kansuensis","Strict","Grass","Cyperoid","H","perennial","polycarp",NA,"0.989544444444445","PD",0.08
"Kobresia macrantha","Generalist","Grass","Cyperoid","G","perennial","polycarp",NA,"0.705",NA,0.08
"Kobresia myosuroides","Strict","Grass","Cyperoid","H","perennial","polycarp",NA,"1.4343","PD",0.08
"Kobresia pygmaea","Strict","Grass","Cyperoid","H","perennial","polycarp",NA,"0.8815",NA,0.08
"Kobresia setschwanensis","Generalist","Grass","Cyperoid","H","perennial","polycarp",NA,"1.35966666666667",NA,0.08
"Kobresia simpliciuscula","Strict","Grass","Cyperoid","H","perennial","polycarp",NA,"0.48299999999999998",NA,0.08
"Kobresia tibetica","Generalist","Grass","Cyperoid","H","perennial","polycarp",NA,"0.9745",NA,0.08
"Koeleria litvinowii","Strict","Grass","Graminoid","H","perennial","polycarp",NA,"0.2673","PD",0.06
"Kunzea muelleri","Strict","Woody",NA,"NP","perennial","polycarp",NA,"0.17065",NA,1
"Lagotis brachystachya","Strict","Herb",NA,"H","perennial","polycarp",NA,"11.695",NA,0.48
"Lancea tibetica","Generalist","Herb",NA,"H, G","perennial","polycarp",NA,"0.107677777777778","PD",0.86
"Laretia acaulis","Strict","Woody",NA,"CH","perennial","polycarp",NA,"8.9281",NA,0.04
"Leibnitzia nepalensis","Strict","Herb",NA,"H","perennial","polycarp",NA,"1.30716666666667",NA,1
"Leontodon hispidus","Generalist","Herb",NA,"H","perennial","polycarp",NA,"1.2","ND",1
"Leontopodium nanum","Generalist","Herb",NA,"H","perennial","polycarp",NA,"0.161",NA,1
"Leontopodium nivale","Strict","Herb",NA,"H","perennial","polycarp",NA,"0.1366",NA,1
"Leontopodium ochroleucum","Generalist","Herb",NA,"H","perennial","polycarp",NA,"0.127666666666667",NA,1
"Leontopodium souliei","Generalist","Herb",NA,"H","perennial","polycarp",NA,"0.118516666666667","PD",1
"Lepidium apetalum","Generalist","Herb",NA,"T, H","annual, biennial","monocarp",NA,"0.204377777777778","PD",1
"Lepidium capitatum","Generalist","Herb",NA,"T, H","annual, biennial","monocarp",NA,"0.98159230769230799",NA,1
"Lepidium latifolium","Generalist","Herb",NA,"H","perennial","polycarp",NA,"0.1805",NA,1
"Leucanthemopsis alpina","Strict","Herb",NA,"H","perennial","polycarp",NA,"0.3801",NA,1
"Leucochrysum alpinum","Generalist","Herb",NA,"H","perennial","polycarp",NA,"0.91544999999999999",NA,1
"Ligularia macrodonta","Generalist","Herb",NA,"H","perennial","polycarp",NA,"1.66481666666667","PD",1
"Ligularia virgaurea","Generalist","Herb",NA,"H","perennial","polycarp",NA,"1.44467777777778","PD",1
"Lilium martagon","Generalist","Herb",NA,"G","perennial","polycarp",NA,"5.0193681818181801","MPD",0.12
"Linaria alpina","Strict","Herb",NA,"CH","perennial","polycarp",NA,"0.47087878787878801",NA,0.48
"Linaria tonzigii","Strict","Herb",NA,"H","perennial","polycarp","Bis hier","0.4333",NA,0.48
"Lloydia oxycarpa","Generalist","Herb",NA,"G","perennial","polycarp",NA,"0.533","MPD",0.06
"Loasa caespitosa","Strict","Herb",NA,"H","perennial","polycarp",NA,"6.19973333333333",NA,0.66
"Lomatogonium carinthiacum","Generalist","Herb",NA,"T","annual","monocarp",NA,"0.102766666666667","PD",0.14
"Lomatogonium gamosepalum","Generalist","Herb",NA,"T","annual","monocarp",NA,"0.118333333333333",NA,0.14
"Lomatogonium macranthum","Generalist","Herb",NA,"T","annual","monocarp",NA,"0.164016666666667","PD",0.14
"Lonicera pyrenaica","Generalist","Woody",NA,"NP","perennial","polycarp",NA,"11.5425184210526",NA,0.05
"Luzula acutifolia","Strict","Grass","Juncoid","H","perennial","polycarp",NA,"0.546",NA,0.1
"Luzula alpinopilosa","Strict","Grass","Juncoid","H","perennial","polycarp",NA,"0.2526",NA,0.1
"Luzula brachyphylla","Generalist","Grass","Juncoid","H","perennial","polycarp",NA,"0.53692857142857098",NA,0.1
"Luzula lutea","Strict","Grass","Juncoid","H","perennial","polycarp",NA,"0.53692857142857098",NA,0.1
"Luzula modesta","Generalist","Grass","Juncoid","H","perennial","polycarp",NA,"0.5592",NA,0.1
"Luzula nivea","Generalist","Grass","Juncoid","H","perennial","polycarp",NA,"0.53692857142857098",NA,0.1
"Luzula spicata","Strict","Grass","Juncoid","H","perennial","polycarp",NA,"0.263","PD",0.1
"Madia sativa","Generalist","Herb",NA,"T","annual","monocarp",NA,"3.1","PD",0.99
"Matricaria breviradiata","Strict","Herb",NA,"T","annual","monocarp",NA,"0.4236",NA,1
"Meconopsis horridula","Strict","Herb",NA,"H","perennial","monocarp",NA,"0.181766666666667","MPD",0.06
"Meconopsis integrifolia","Generalist","Herb",NA,"H","perennial","monocarp",NA,"0.46465","MPD",0.06
"Meconopsis punicea","Generalist","Herb",NA,"H","perennial","monocarp",NA,"0.5317","MPD",0.06
"Meconopsis quintuplinervia","Generalist","Herb",NA,"H","perennial","polycarp",NA,"0.8135","MPD",0.06
"Megacarpaea delavayi","Strict","Herb",NA,"H","perennial","polycarp",NA,"6.811","PD",1
"Microgynoecium tibeticum","Strict","Herb",NA,"T","annual","monocarp",NA,"0.374",NA,0.67
"Microseris lanceolata","Generalist","Herb",NA,"H","perennial","polycarp",NA,"2.08","PD",1
"Microsteris gracilis","Generalist","Herb",NA,"T","annual","monocarp",NA,"1.148","PD",0.75
"Microula sikkimensis","Generalist","Herb",NA,"H","perennial","polycarp",NA,"0.507333333333333",NA,0.89
"Microula tangutica","Strict","Herb",NA,"H","perennial","polycarp",NA,"0.507333333333333",NA,0.89
"Minuartia laricifolia","Generalist","Herb",NA,"CH","perennial","polycarp",NA,"0.45758285714285701",NA,0.66
"Minuartia sedoides","Strict","Herb",NA,"CH","perennial","polycarp",NA,"0.45758285714285701",NA,0.66
"Minuartia verna","Generalist","Herb",NA,"CH","perennial","polycarp",NA,"0.18",NA,0.66
"Mniarum biflorum","Generalist","Herb",NA,"H","perennial","polycarp","Scleranthus biflorus","0.44",NA,0.66
"Montiopsis gayana","Generalist","Herb",NA,"H","perennial","polycarp",NA,"0.48720000000000002",NA,0.77
"Mutisia sinuata","Generalist","Woody",NA,"CH","perennial","polycarp",NA,"42.138457142857099",NA,1
"Myosotis alpestris","Strict","Herb",NA,"H","perennial","polycarp",NA,"0.85",NA,1
"Nardostachys jatamansi","Generalist","Herb",NA,"H","perennial","polycarp",NA,"4.17148333333333","PD",0.34
"Nardus stricta","Generalist","Grass","Graminoid","H","perennial","polycarp",NA,"0.4","PD",0.2
"Nassauvia lagascae","Generalist","Herb",NA,"CH","perennial","polycarp",NA,"0.93242000000000003",NA,1
"Nassauvia pinnigera","Strict","Woody",NA,"CH","perennial","polycarp",NA,"1.1",NA,1
"Nassauvia revoluta","Generalist","Herb, Woody",NA,"CH","perennial","polycarp",NA,"0.93242000000000003",NA,1
"Nastanthus scapigerus","Generalist","Herb",NA,"H","perennial","polycarp",NA,"7.1784",NA,0.447914719
"Neopaxia australasica","Generalist","Herb",NA,"H","perennial","polycarp",NA,"0.418",NA,0.79
"Nepeta coerulescens","Strict","Herb",NA,"H","perennial","polycarp",NA,"0.9984",NA,1
"Nepeta prattii","Generalist","Herb",NA,"H","perennial","polycarp",NA,"1.20916666666667","PD",1
"Nicotiana corymbosa","Generalist","Herb",NA,"T","annual","monocarp",NA,"0.138",NA,0.48
"Nothoscordum andinum","Generalist","Herb",NA,"G","perennial","polycarp",NA,"2.476",NA,0.16
"Notopterygium franchetii","Generalist","Herb",NA,"H","perennial","polycarp",NA,"1.4347","MPD",0.06
"Notopterygium incisum","Generalist","Herb",NA,"H","perennial","polycarp",NA,"4.50418333333333","MPD",0.06
"Olearia algida","Generalist","Woody",NA,"NP","perennial","polycarp",NA,"0.419",NA,1
"Olearia phlogopappa","Generalist","Woody",NA,"NP","perennial","polycarp",NA,"0.6016",NA,1
"Olsynium junceum","Generalist","Herb",NA,"G","perennial","polycarp",NA,"0.705",NA,0.09
"Olsynium philippii","Strict","Herb",NA,"G","perennial","polycarp",NA,"5.425",NA,0.09
"Oreobolus distichus","Strict","Grass","Cyperoid","H","perennial","polycarp",NA,"0.65239999999999998",NA,0.11
"Oxylobium ellipticum","Generalist","Woody",NA,"NP","perennial","polycarp",NA,"3.87",NA,0.97
"Oxyria digyna","Strict","Herb",NA,"H","perennial","polycarp",NA,"0.75",NA,0.39
"Oxytropis campestris","Strict","Herb",NA,"H","perennial","polycarp",NA,"3.8814333333333302","PY",0.97
"Oxytropis falcata","Generalist","Herb",NA,"H","perennial","polycarp",NA,"12.4093","PY",0.98
"Oxytropis lapponica","Strict","Herb",NA,"H","perennial","polycarp",NA,"3.8814333333333302",NA,0.98
"Oxytropis ochrocephala","Generalist","Herb",NA,"H","perennial","polycarp",NA,"1.7316","PY",0.98
"Ozothamnus alpinus","Strict","Woody",NA,"NP","perennial","polycarp",NA,"0.2876",NA,1
"Ozothamnus cupressoides","Generalist","Woody",NA,"NP","perennial","polycarp",NA,"0.1714",NA,1
"Ozothamnus hookeri","Generalist","Woody",NA,"NP","perennial","polycarp",NA,"0.112",NA,1
"Papaver alpinum","Strict","Herb",NA,"H","perennial","polycarp",NA,"0.1774","MPD",0.17
"Paraquilegia microphylla","Generalist","Herb",NA,"CH","perennial","polycarp",NA,"0.2647","MPD",0.04
"Parnassia brevistyla","Generalist","Herb",NA,"H","perennial","polycarp",NA,"0.0516666666666667","PD",0.64
"Parnassia trinervis","Strict","Herb",NA,"H","perennial","polycarp",NA,"0.0392333333333333","PD",0.76
"Pedicularis alaschanica","Strict","Herb",NA,"H","perennial","polycarp",NA,"1.24245555555556","PD",0.32
"Pedicularis cheilanthifolia","Generalist","Herb",NA,"H","perennial","polycarp",NA,"0.593433333333333","PD",0.32
"Pedicularis kansuensis","Generalist","Herb",NA,"T, H","annual, biennial","monocarp",NA,"0.662222222222222","PD",0.32
"Pedicularis lachnoglossa","Generalist","Herb",NA,"H","perennial","polycarp",NA,"1.53748333333333","PD",0.32
"Pedicularis lasiophrys","Generalist","Herb",NA,"H","perennial","polycarp",NA,"0.448673333333333","PD",0.32
"Pedicularis longiflora","Generalist","Herb",NA,"T","annual","monocarp",NA,"1.07133333333333","PD",0.32
"Pedicularis pseudoingens","Strict","Herb",NA,"H","perennial","polycarp",NA,"0.533666666666667",NA,0.32
"Pedicularis rhinanthoides","Generalist","Herb",NA,"H","perennial","polycarp",NA,"0.840166666666667","PD",0.32
"Pedicularis szetschuanica","Strict","Herb",NA,"T","annual","monocarp",NA,"0.381",NA,0.32
"Pedicularis ternata","Strict","Herb",NA,"H","perennial","polycarp",NA,"0.4637","PD",0.32
"Pedicularis tuberosa","Strict","Herb",NA,"H","perennial","polycarp",NA,"0.5448",NA,0.32
"Pelargonium helmsii","Strict","Herb",NA,"CH","perennial","polycarp",NA,"1.05",NA,1
"Pennisetum centrasiaticum","Generalist","Grass","Graminoid","G, H","perennial","polycarp",NA,"0.4727","PD",0.41
"Pentachondra pumila","Strict","Woody",NA,"CH","perennial","polycarp",NA,"0.9",NA,0.27
"Perezia pedicularidifolia","Generalist","Herb",NA,"H","perennial","polycarp",NA,"2.3450000000000002",NA,1
"Persicaria vivipara","Strict","Herb",NA,"H","perennial","polycarp",NA,"1.878",NA,0.68
"Phleum alpinum","Strict","Grass","Graminoid","H","perennial","polycarp",NA,"0.38",NA,0.19
"Phlomoides rotata","Generalist","Herb",NA,"H","perennial","polycarp",NA,"3.799",NA,0.93
"Phyteuma hemisphaericum","Strict","Herb",NA,"H","perennial","polycarp",NA,"0.11835555555555601",NA,0.22
"Phyteuma sieberi","Strict","Herb",NA,"H","perennial","polycarp",NA,"0.11835555555555601","PD",0.22
"Pilosella officinarum","Generalist","Herb",NA,"H","perennial","polycarp",NA,"0.19785",NA,1
"Pimelea axiflora","Generalist","Woody",NA,"NP","perennial","polycarp",NA,"2.5132",NA,0.99
"Pimelea ligustrina","Generalist","Woody",NA,"NP","perennial","polycarp",NA,"3.2015",NA,0.99
"Pinguicula leptoceras","Generalist","Herb",NA,"H","perennial","polycarp",NA,"2.35E-2",NA,1
"Piptatherum munroi","Generalist","Grass","Graminoid","H","perennial","polycarp",NA,"1.56533333333333","PD",0.2
"Plantago alpina","Strict","Herb",NA,"H","perennial","polycarp",NA,"0.6",NA,0.72
"Plantago atrata","Strict","Herb",NA,"H","perennial","polycarp",NA,"3.0744",NA,0.72
"Plantago depressa","Generalist","Herb",NA,"T","annual","monocarp",NA,"0.358988888888889","PD",0.72
"Plantago glacialis","Strict","Herb",NA,"H","perennial","polycarp",NA,"0.91878860759493697",NA,0.72
"Plantago muelleri","Strict","Herb",NA,"H","perennial","polycarp",NA,"0.91878860759493697",NA,0.72
"Plantago nivalis","Strict","Herb",NA,"H","perennial","polycarp",NA,"0.91878860759493697",NA,0.72
"Pleurospermum hookeri","Generalist","Herb",NA,"H","biennial, perennial","monocarp, polycarp",NA,"1.55833333333333","MPD",0.06
"Pleurospermum wilsonii","Strict","Herb",NA,"H","biennial, perennial","monocarp, polycarp",NA,"5.35","MPD",0.06
"Pleurospermum wrightianum","Strict","Herb",NA,"H","biennial, perennial","monocarp, polycarp",NA,"5.35",NA,0.06
"Poa alpina","Strict","Grass","Graminoid","H","perennial","polycarp",NA,"0.3592","PD",0.12
"Poa annua","Generalist","Grass","Graminoid","T, H","annual, perennial","monocarp, polycarp",NA,"0.2507","PD",0.12
"Poa attenuata","Strict","Grass","Graminoid","H","perennial","polycarp",NA,"0.517711111111111","PD",0.12
"Poa costiniana","Generalist","Grass","Graminoid","H","perennial","polycarp",NA,"0.412",NA,0.12
"Poa hiemata","Generalist","Grass","Graminoid","H","perennial","polycarp",NA,"0.356",NA,0.12
"Poa phillipsiana","Generalist","Grass","Graminoid","H","perennial","polycarp",NA,"0.4161",NA,0.12
"Poa pratensis","Generalist","Grass","Graminoid","H","perennial","polycarp",NA,"0.128516666666667","PD",0.12
"Poa sikkimensis","Strict","Grass","Graminoid","T, H","annual, perennial","monocarp, polycarp",NA,"0.292","PD",0.12
"Poa szechuensis","Generalist","Grass","Graminoid","T, H","annual, perennial","monocarp, polycarp",NA,"0.21115","PD",0.12
"Podolepis robusta","Generalist","Herb",NA,"H","perennial","polycarp",NA,"0.628",NA,1
"Podospermum canum","Generalist","Herb",NA,"H","perennial","polycarp",NA,"3.2798",NA,1
"Polygala alpina","Strict","Herb",NA,"H","perennial","polycarp",NA,"36.758002857142898",NA,0.83
"Polygonum fertile","Generalist","Herb",NA,"T","annual","monocarp",NA,"1.12133333333333","ND",0.47
"Polygonum macrophyllum","Generalist","Herb",NA,"H","perennial","polycarp",NA,"1.06622222222222",NA,0.47
"Polygonum sibiricum","Generalist","Herb",NA,"H","perennial","polycarp",NA,"1.28865555555556","PD",0.47
"Polygonum sparsipilosum","Generalist","Herb",NA,"T","annual","monocarp",NA,"0.87915","PD",0.47
"Pomatosace filicula","Generalist","Herb",NA,"H","perennial","polycarp",NA,"0.686111111111111","PD",0.3
"Potentilla aurea","Strict","Herb",NA,"H","perennial","polycarp",NA,"0.32994062499999999","PD",0.88
"Potentilla crantzii","Strict","Herb",NA,"H","perennial","polycarp",NA,"0.32994062499999999",NA,0.88
"Potentilla grandiflora","Generalist","Herb",NA,"H","perennial","polycarp",NA,"0.32994062499999999",NA,0.88
"Potentilla multifida","Generalist","Herb",NA,"H","perennial","polycarp",NA,"0.327683333333333","PD",0.88
"Potentilla pamiroalaica","Strict","Herb",NA,"H","perennial","polycarp",NA,"0.466766666666667",NA,0.88
"Potentilla potaninii","Generalist","Herb",NA,"H","perennial","polycarp",NA,"0.254233333333333","PD",0.88
"Potentilla saundersiana","Generalist","Herb",NA,"H","perennial","polycarp",NA,"0.2345","PD",0.88
"Primula agleniana","Strict","Herb",NA,"H","perennial","polycarp",NA,"0.115",NA,0.46
"Primula algida","Strict","Herb",NA,"H","perennial","polycarp",NA,"0.37225172413793101",NA,0.46
"Primula auricula","Strict","Herb",NA,"H","perennial","polycarp",NA,"0.24925","PD",0.46
"Primula auriculata","Strict","Herb",NA,"H","perennial","polycarp",NA,"0.37225172413793101",NA,0.46
"Primula daonensis","Strict","Herb",NA,"H","perennial","polycarp",NA,"0.37225172413793101","PD",0.46
"Primula farinosa","Generalist","Herb",NA,"H","perennial","polycarp",NA,"0.07","PD",0.46
"Primula gemmifera","Generalist","Herb",NA,"H","perennial","polycarp",NA,"0.157333333333333","PD",0.46
"Primula glaucescens","Generalist","Herb",NA,"H","perennial","polycarp",NA,"0.28","PD",0.46
"Primula integrifolia","Strict","Herb",NA,"H","perennial","polycarp",NA,"0.37225172413793101","PD",0.46
"Primula minima","Strict","Herb",NA,"H","perennial","polycarp",NA,"0.1484","PD",0.46
"Primula orbicularis","Strict","Herb",NA,"H","perennial","polycarp",NA,"0.190333333333333","PD",0.46
"Primula secundiflora","Strict","Herb",NA,"H","perennial","polycarp",NA,"0.37225172413793101",NA,0.46
"Primula stenocalyx","Generalist","Herb",NA,"H","perennial","polycarp",NA,"0.03","PD",0.46
"Primula tangutica","Strict","Herb",NA,"H","perennial","polycarp",NA,"0.1115","PD",0.46
"Prostanthera cuneata","Generalist","Woody",NA,"NP","perennial","polycarp",NA,"1.4016",NA,0.93
"Psychrophila introloba","Strict","Herb",NA,"H","perennial","polycarp",NA,"0.8792",NA,0.04
"Pterocephalus hookeri","Generalist","Herb",NA,"H","perennial","polycarp",NA,"2.89833333333333",NA,0.34
"Ptilagrostis dichotoma","Strict","Grass","Graminoid","H","perennial","polycarp",NA,"0.85615","ND",0.2
"Pyrethrum tatsienense","Strict","Herb",NA,"H","perennial","polycarp",NA,"0.448483333333333","ND",1
"Ranunculus acrophilus","Strict","Herb",NA,"H","perennial","polycarp",NA,"1.5756195876288701",NA,0.04
"Ranunculus anemoneus","Strict","Herb",NA,"H","perennial","polycarp",NA,"2.9575",NA,0.04
"Ranunculus brotherusii","Generalist","Herb",NA,"H","perennial","polycarp",NA,"0.368011111111111","MPD",0.04
"Ranunculus clivicola","Strict","Herb",NA,"H","perennial","polycarp",NA,"1.5756195876288701",NA,0.04
"Ranunculus dissectifolius","Strict","Herb",NA,"H","perennial","polycarp",NA,"1.5756195876288701",NA,0.04
"Ranunculus graniticola","Generalist","Herb",NA,"H","perennial","polycarp",NA,"1.7748",NA,0.04
"Ranunculus gunnianus","Strict","Herb",NA,"H","perennial","polycarp",NA,"2.1368",NA,0.04
"Ranunculus kamchaticus","Generalist","Herb",NA,"H","perennial","polycarp",NA,"2.4067",NA,0.04
"Ranunculus lappaceus","Generalist","Herb",NA,"H","perennial","polycarp",NA,"2.7941",NA,0.04
"Ranunculus montanus","Generalist","Herb",NA,"H","perennial","polycarp",NA,"1.5756195876288701",NA,0.04
"Ranunculus muelleri","Strict","Herb",NA,"H","perennial","polycarp",NA,"1.4172",NA,0.04
"Ranunculus niphophilus","Strict","Herb",NA,"H","perennial","polycarp",NA,"1.5756195876288701",NA,0.04
"Ranunculus pimpinellifolius","Generalist","Herb",NA,"H","perennial","polycarp",NA,"1.5756195876288701",NA,0.04
"Reynoutria multiflora","Generalist","Herb",NA,"H","perennial","polycarp",NA,"7.017",NA,0.56
"Rheum palmatum","Generalist","Herb",NA,"G","perennial","polycarp",NA,"10.054",NA,0.63
"Rhinanthus glacialis","Generalist","Herb",NA,"T","annual","monocarp",NA,"2.2542300000000002",NA,0.21
"Rhodiola kirilowii","Generalist","Herb",NA,"H","perennial","polycarp",NA,"0.122975","PD",1
"Rhodiola macrocarpa","Generalist","Herb",NA,"H","perennial","polycarp",NA,"0.0443","PD",1
"Rhodiola tangutica","Generalist","Herb",NA,"H","perennial","polycarp",NA,"0.179666666666667",NA,1
"Rhododendron ferrugineum","Strict","Woody",NA,"CH","perennial","polycarp",NA,"0.028","PD",0.25
"Rhodophiala andicola","Generalist","Herb",NA,"G","perennial","polycarp",NA,"11.62055",NA,0.3
"Ribes petraeum","Generalist","Woody",NA,"NP","perennial","polycarp",NA,"4.5259586956521698","PD",0.02
"Richea continentis","Strict","Woody, Subshrub?",NA,"NP","perennial","polycarp",NA,"0.0648",NA,0.27
"Roegneria breviglumis","Strict","Grass","Graminoid","H","perennial","polycarp",NA,"3.84933333333333","PD",0.2
"Rorippa elata","Generalist","Herb",NA,"T, H","annual, perennial","monocarp, polycarp",NA,"0.237666666666667",NA,1
"Rumex alpestris","Strict","Herb",NA,"H","perennial","polycarp",NA,"1.2168",NA,0.5
"Rumex nepalensis","Generalist","Herb",NA,"H","perennial","polycarp",NA,"3.37636666666667","ND",0.5
"Rumex suffruticosus","Strict","Herb",NA,"H","perennial","polycarp",NA,"1.1488",NA,0.5
"Rytidosperma alpicola","Strict","Grass","Graminoid","H","perennial","polycarp",NA,"0.75108235294117598",NA,0.2
"Rytidosperma nudiflorum","Generalist","Grass","Graminoid","H","perennial","polycarp",NA,"1.275",NA,0.2
"Rytidosperma pictum","Generalist","Grass","Graminoid","H","perennial","polycarp",NA,"0.75108235294117598",NA,0.2
"Rytidosperma pumilum","Generalist","Grass","Graminoid","H","perennial","polycarp",NA,"0.75108235294117598",NA,0.2
"Sagina saginoides","Strict","Herb",NA,"H","perennial","polycarp",NA,"4.29583333333333E-2",NA,0.74
"Sanguisorba filiformis","Generalist","Herb",NA,"H","perennial","polycarp",NA,"0.708333333333333",NA,1
"Sanicula graveolens","Generalist","Herb",NA,"H","perennial","polycarp",NA,"2.655",NA,0.04
"Saponaria lutea","Strict","Herb",NA,"H","perennial","polycarp",NA,"0.678",NA,0.56
"Saussurea globosa","Strict","Herb",NA,"H","perennial","polycarp",NA,"1.8473","PD",1
"Saussurea graminea","Strict","Herb",NA,"H","perennial","polycarp",NA,"2.37433333333333","PD",1
"Saussurea hieracioides","Strict","Herb",NA,"H","perennial","polycarp",NA,"2.05911111111111","PD",1
"Saussurea kansuensis","Strict","Herb",NA,"H","perennial","polycarp",NA,"2.15533333333333","PD",1
"Saussurea pachyneura","Strict","Herb",NA,"H","perennial","polycarp",NA,"1.10166666666667",NA,1
"Saussurea przewalskii","Strict","Herb",NA,"H","perennial","polycarp",NA,"2.11966666666667","PD",1
"Saussurea stella","Generalist","Herb",NA,"H","perennial","monocarp",NA,"1.50933333333333","PD",1
"Saussurea sylvatica","Generalist","Herb",NA,"H","perennial","polycarp",NA,"1.96751666666667","PD",1
"Saxifraga aizoides","Generalist","Herb",NA,"CH","perennial","polycarp",NA,"0.05","MPD",0.33
"Saxifraga bryoides","Strict","Herb",NA,"CH","perennial","polycarp",NA,"0.0302","MPD",0.33
"Saxifraga caesia","Strict","Herb",NA,"CH","perennial","polycarp",NA,"5.8107547169811299E-2","MPD",0.33
"Saxifraga cespitosa","Strict","Herb",NA,"CH","perennial","polycarp",NA,"5.8107547169811299E-2",NA,0.33
"Saxifraga egregia","Generalist","Herb",NA,"H","perennial","polycarp",NA,"0.0211666666666667","PD",0.33
"Saxifraga exarata","Strict","Herb",NA,"CH","perennial","polycarp",NA,"0.089",NA,0.33
"Saxifraga heleonastes","Strict","Herb",NA,"H","perennial","polycarp",NA,"0.0746666666666667",NA,0.33
"Saxifraga hirculus","Generalist","Herb",NA,"H","perennial","polycarp",NA,"5.8107547169811299E-2","ND",0.33
"Saxifraga hostii","Generalist","Herb",NA,"CH","perennial","polycarp",NA,"0.26",NA,0.33
"Saxifraga melanocentra","Strict","Herb",NA,"H","perennial","polycarp",NA,"0.0446666666666667",NA,0.33
"Saxifraga montana","Generalist","Herb",NA,"H","perennial","polycarp",NA,"0.0358166666666667","PD",0.33
"Saxifraga nivalis","Strict","Herb",NA,"H","perennial","polycarp",NA,"5.8107547169811299E-2","PD",0.33
"Saxifraga oppositifolia","Strict","Herb",NA,"CH","perennial","polycarp",NA,"0.11","MPD",0.33
"Saxifraga paniculata","Generalist","Herb",NA,"CH","perennial","polycarp",NA,"0.0625","MPD",0.33
"Saxifraga rivularis","Strict","Herb",NA,"H","perennial","polycarp",NA,"5.8107547169811299E-2",NA,0.33
"Saxifraga stellaris","Strict","Herb",NA,"CH","perennial","polycarp",NA,"0.0352","MPD",0.33
"Saxifraga tangutica","Generalist","Herb",NA,"H","perennial","polycarp",NA,"5.8107547169811299E-2",NA,0.33
"Schizanthus grahamii","Generalist","Herb",NA,"T, H","annual, biennial","monocarp",NA,"1.2261",NA,0.47
"Schizanthus hookeri","Generalist","Herb",NA,"T, H","annual, biennial","monocarp",NA,"1.5",NA,0.47
"Scleranthus singuliflorus","Strict","Herb",NA,"H","perennial","polycarp",NA,"0.543333333333333",NA,0.72
"Scorzoneroides cantabrica","Strict","Herb",NA,"H","perennial","polycarp",NA,"0.88475000000000004",NA,1
"Scorzoneroides helvetica","Strict","Herb",NA,"H","perennial","polycarp",NA,"1.71",NA,1
"Sedum ulricae","Strict","Herb",NA,"T","annual","monocarp",NA,"0.218","PD",1
"Sedum villosum","Generalist","Herb",NA,"T, H","annual, biennial","monocarp",NA,"5.36916666666667E-2","PD",1
"Senecio bipontinii","Generalist","Herb",NA,"CH","perennial","polycarp",NA,"0.99240731707317098",NA,1
"Senecio chionophilus","Strict","Woody",NA,"CH","perennial","polycarp",NA,"0.99240731707317098",NA,1
"Senecio doronicum","Strict","Herb",NA,"H","perennial","polycarp",NA,"0.28",NA,1
"Senecio dubitabilis","Generalist","Herb",NA,"T","annual","monocarp",NA,"0.268655555555556","PD",1
"Senecio eruciformis","Generalist","Woody",NA,"CH","perennial","polycarp",NA,"0.6128",NA,1
"Senecio gunnii","Generalist","Herb",NA,"CH","perennial","polycarp",NA,"0.253",NA,1
"Senecio squalidus","Generalist","Herb",NA,"T, H","annual, perennial","monocarp, ?polycarp",NA,"0.287166666666667",NA,1
"Senecio thianschanicus","Generalist","Herb",NA,"H","perennial","polycarp",NA,"0.99240731707317098",NA,1
"Sesleria albicans","Generalist","Grass","Graminoid","H","perennial","polycarp",NA,"0.32",NA,0.09
"Sesleria caerulea","Generalist","Grass","Graminoid","H","perennial","polycarp",NA,"1.3264",NA,0.09
"Sesleria sphaerocephala","Strict","Grass","Graminoid","H","perennial","polycarp",NA,"1.9814000000000001",NA,0.09
"Sibbaldia procumbens","Strict","Herb",NA,"H, CH","perennial","polycarp",NA,"0.758833333333333",NA,1
"Silene acaulis","Strict","Herb",NA,"CH","perennial","polycarp",NA,"0.3596","PD",0.61
"Silene andicola","Strict","Herb",NA,"H","perennial","polycarp",NA,"0.621213836477987",NA,0.61
"Silene ciliata","Generalist","Herb",NA,"CH","perennial","polycarp",NA,"0.621213836477987",NA,0.61
"Silene himalayensis","Generalist","Herb",NA,"H","perennial","polycarp",NA,"0.621213836477987","ND",0.61
"Silene rupestris","Generalist","Herb",NA,"H","perennial","polycarp",NA,"0.0696","PD",0.61
"Silene suecica","Strict","Herb",NA,"H","perennial","polycarp",NA,"0.0695",NA,0.61
"Silene vallesia","Generalist","Herb",NA,"H","perennial","polycarp",NA,"0.6768",NA,0.61
"Silene vulgaris","Generalist","Herb",NA,"H","perennial","polycarp",NA,"0.912",NA,0.61
"Sinochasea trigyna","Strict","Grass","Graminoid","H","perennial","polycarp",NA,"2.12298333333333","PD",0.2
"Sinopodophyllum hexandrum","Strict","Herb",NA,"H","perennial","polycarp",NA,"27.3323","MPD",0.08
"Sisymbrium heteromallum","Generalist","Herb",NA,"T","annual","monocarp",NA,"0.241","PD",1
"Sisyrinchium arenarium","Generalist","Herb",NA,"G","perennial","polycarp",NA,"3.09",NA,0.11
"Sisyrinchium pearcei","Generalist","Herb",NA,"G","perennial","polycarp",NA,"1.21891388888889",NA,0.11
"Smelowskia tibetica","Strict","Herb",NA,"H","perennial","polycarp",NA,"0.213333333333333",NA,1
"Soldanella alpina","Strict","Herb",NA,"H","perennial","polycarp",NA,"0.21","ND",0.3
"Solidago virgaurea","Generalist","Herb",NA,"H","perennial","polycarp",NA,"0.468583333333333","PD",1
"Spiraea mongolica","Generalist","Woody",NA,"NP","perennial","polycarp",NA,"0.50818947368421097",NA,0.73
"Stachys grandidentata","Generalist","Herb",NA,"H","perennial","polycarp",NA,"2.1696",NA,0.77
"Stackhousia monogyna","Generalist","Herb",NA,"H","perennial","polycarp",NA,"2.6304","PD",0.64
"Stackhousia pulvinaris","Strict","Herb",NA,"H","perennial","polycarp",NA,"1.778",NA,0.64
"Stellaria decumbens","Strict","Herb",NA,"CH","perennial","polycarp",NA,"0.28575",NA,0.69
"Stellaria uda","Generalist","Herb",NA,"H","perennial","polycarp",NA,"0.298666666666667","ND",0.69
"Stephanachne nigrescens","Strict","Grass","Graminoid","H","perennial","polycarp",NA,"2.44935","PD",0.2
"Stipa aliena","Generalist","Grass","Graminoid","H","perennial","polycarp",NA,"4.054","PD",0.12
"Stipa breviflora","Generalist","Grass","Graminoid","H","perennial","polycarp",NA,"1.83833333333333",NA,0.12
"Stipa capillacea","Generalist","Grass","Graminoid","H","perennial","polycarp",NA,"5.483","PD",0.12
"Stipa concinna","Strict","Grass","Graminoid","H","perennial","polycarp",NA,"0.6235","PD",0.12
"Stipa pappiformis","Strict","Grass","Graminoid","H","perennial","polycarp",NA,"0.692333333333333",NA,0.12
"Stipa regeliana","Generalist","Grass","Graminoid","H","perennial","polycarp",NA,"4.0185","PD",0.12
"Stipa splendens","Generalist","Grass","Graminoid","H","perennial","polycarp",NA,"1.76816666666667","PD",0.12
"Stylidium graminifolium","Generalist","Herb",NA,"H","perennial","polycarp",NA,"0.182","PD",0.010899
"Swertia bifolia","Generalist","Herb",NA,"H","perennial","polycarp",NA,"0.158483333333333","PD",0.21
"Swertia erythrosticta","Generalist","Herb",NA,"H","perennial","polycarp",NA,"0.0707","PD",0.21
"Swertia wolfgangiana","Generalist","Herb",NA,"H","perennial","polycarp",NA,"0.12","PD",0.21
"Taraxacum alpinum","Strict","Herb",NA,"H","perennial","polycarp",NA,"0.58",NA,1
"Taraxacum confusum","Strict","Herb",NA,"H","perennial","polycarp",NA,"0.63000666666666705",NA,1
"Taraxacum stevenii","Strict","Herb",NA,"H","perennial","polycarp",NA,"0.63000666666666705",NA,1
"Tasmannia xerophila","Generalist","Woody",NA,"NP","perennial","polycarp",NA,"28.85",NA,0.001
"Teesdaliopsis conferta","Strict","Herb",NA,"H","perennial","polycarp",NA,"1.6275999999999999",NA,1
"Teucrium chamaedrys","Generalist","Herb",NA,"CH","perennial","polycarp",NA,"2.4739909090909098","PD",0.93
"Thalictrum alpinum","Generalist","Herb",NA,"H","perennial","polycarp",NA,"0.759544444444444","MPD",0.04
"Thalictrum rutifolium","Generalist","Herb",NA,"H","perennial","polycarp",NA,"1.33581666666667","MPD",0.04
"Thlaspi caerulescens","Generalist","Herb",NA,"CH","biennial","monocarp",NA,"1.0942909090909101",NA,1
"Tibetia himalaica","Strict","Herb",NA,"H","perennial","polycarp",NA,"2.13966666666667","PY",0.97
"Tofieldia pusilla","Strict","Herb",NA,"H","perennial","polycarp",NA,"3.6700000000000003E-2",NA,0.27
"Tongoloa elata","Generalist","Herb",NA,"H","perennial","polycarp",NA,"0.54265","MPD",0.06
"Tongoloa gracilis","Generalist","Herb",NA,"H","perennial","polycarp",NA,"0.847666666666667",NA,0.06
"Trichophorum distigmaticum","Generalist","Grass","Cyperoid","H, G","perennial","polycarp",NA,"2.44865","PD",0.11
"Trichophorum pumilum","Generalist","Grass","Cyperoid","H, G","perennial","polycarp",NA,"0.65",NA,0.11
"Trifolium alpinum","Strict","Herb",NA,"H","perennial","polycarp",NA,"1.66077153846154","PY",0.99
"Trifolium badium","Strict","Herb",NA,"H","perennial","polycarp",NA,"0.75",NA,0.99
"Trifolium pallescens","Strict","Herb",NA,"H","perennial","polycarp",NA,"0.62",NA,0.99
"Trifolium polyphyllum","Strict","Herb",NA,"H","perennial","polycarp",NA,"1.66077153846154",NA,0.99
"Trifolium pratense","Generalist","Herb",NA,"H","perennial","polycarp",NA,"1.414","PY",0.99
"Trifolium thalii","Strict","Herb",NA,"H","perennial","polycarp",NA,"1.2688",NA,0.99
"Triglochin palustris","Generalist","Herb",NA,"H","perennial","polycarp",NA,"1.10888888888889","PD",1
"Trisetum clarkei","Generalist","Grass","Graminoid","H","perennial","polycarp",NA,"0.251316666666667","PD",0.2
"Trisetum spicatum","Generalist","Grass","Graminoid","H","perennial","polycarp",NA,"0.417",NA,0.04
"Tristagma bivalve","Generalist","Herb",NA,"G","perennial","polycarp",NA,"1.0893980000000001",NA,0.3
"Trollius europaeus","Generalist","Herb",NA,"H","perennial","polycarp",NA,"0.9868","MPD",0.07
"Trollius farreri","Strict","Herb",NA,"H","perennial","polycarp",NA,"0.501666666666667","MPD",0.07
"Urtica hyperborea","Strict","Herb",NA,"CH, H","perennial","polycarp",NA,"0.253333333333333",NA,0.76
"Veronica allionii","Strict","Herb",NA,"CH","perennial","polycarp",NA,"0.41105647058823502",NA,0.34
"Veronica alpina","Strict","Herb",NA,"H","perennial","polycarp",NA,"0.049","PD",0.34
"Veronica aphylla","Strict","Herb",NA,"H","perennial","polycarp",NA,"0.41105647058823502","PD",0.34
"Veronica bellidioides","Strict","Herb",NA,"H","perennial","polycarp",NA,"0.11","PD",0.34
"Veronica ciliata","Generalist","Herb",NA,"H","perennial","polycarp",NA,"0.102983333333333","PD",0.34
"Veronica eriogyne","Generalist","Herb",NA,"H","perennial","polycarp",NA,"0.0603333333333333","PD",0.34
"Veronica fruticans","Strict","Woody",NA,"CH","perennial","polycarp",NA,"0.603","PD",0.34
"Veronica perfoliata","Generalist","Herb",NA,"CH","perennial","polycarp",NA,"0.3",NA,0.34
"Veronica szechuanica","Generalist","Herb",NA,"H","perennial","polycarp",NA,"0.255983333333333","PD",0.34
"Veronica vandellioides","Generalist","Herb",NA,"H","perennial","polycarp",NA,"0.148333333333333",NA,0.34
"Vicia multicaulis","Generalist","Herb",NA,"H","perennial","polycarp",NA,"14.0778166666667",NA,0.97
"Vicia orobus","Generalist","Herb",NA,"H","perennial","polycarp",NA,"58.019601999999999",NA,0.97
"Viola betonicifolia","Generalist","Herb",NA,"H","perennial","polycarp",NA,"1.37",NA,0.61
"Viola comollia","Strict","Herb",NA,"H","perennial","polycarp",NA,"0.59",NA,0.61
"Wahlenbergia ceracea","Generalist","Herb",NA,"CH","perennial","polycarp",NA,"0.025",NA,0.22
"Wahlenbergia gloriosa","Generalist","Herb",NA,"CH","perennial","polycarp",NA,"0.046",NA,0.22
"Xerochrysum subundulatum","Generalist","Herb",NA,"CH","perennial","polycarp",NA,"0.5958",NA,1
