File,Taxon,Accession,Dish,Temperature_day,Temperature_night,Photoperiod,Normal,Sown,Germinated
Venn plate,Epacris glacials,Single,1,8.5,8.5,?,20,20,0
Venn plate,Epacris glacials,Single,2,13.7,13.7,?,20,20,0
Venn plate,Epacris glacials,Single,3,18.4,18.4,?,20,20,0
Venn plate,Epacris glacials,Single,4,22.5,22.5,?,20,20,0
Venn plate,Epacris glacials,Single,5,26.7,26.7,?,20,20,0
Venn plate,Epacris glacials,Single,6,30.88,30.88,?,20,20,0
Venn plate,Epacris glacials,Single,7,8.5,8.5,?,20,20,0
Venn plate,Epacris glacials,Single,8,13.7,13.7,?,20,20,0
Venn plate,Epacris glacials,Single,9,18.4,18.4,?,20,20,0
Venn plate,Epacris glacials,Single,10,22.5,22.5,?,20,20,0
Venn plate,Epacris glacials,Single,11,26.7,26.7,?,20,20,0
Venn plate,Epacris glacials,Single,12,30.88,30.88,?,19,20,0
Venn plate,Epacris glacials,Single,13,8.5,8.5,?,20,20,0
Venn plate,Epacris glacials,Single,14,13.7,13.7,?,19,20,0
Venn plate,Epacris glacials,Single,15,18.4,18.4,?,20,20,1
Venn plate,Epacris glacials,Single,16,22.5,22.5,?,20,20,1
Venn plate,Epacris glacials,Single,17,26.7,26.7,?,20,20,0
Venn plate,Epacris glacials,Single,18,30.88,30.88,?,20,20,0
Venn plate,Epacris paludosa,Single,1,10.99,10.99,?,20,20,3
Venn plate,Epacris paludosa,Single,2,16.4,16.4,?,20,20,4
Venn plate,Epacris paludosa,Single,3,19.88,19.88,?,20,20,3
Venn plate,Epacris paludosa,Single,4,25.17,25.17,?,20,20,8
Venn plate,Epacris paludosa,Single,5,28.26,28.26,?,18,20,13
Venn plate,Epacris paludosa,Single,6,33.5,33.5,?,20,20,1
Venn plate,Epacris paludosa,Single,7,10.99,10.99,?,20,20,0
Venn plate,Epacris paludosa,Single,8,16.4,16.4,?,18,20,0
Venn plate,Epacris paludosa,Single,9,19.88,19.88,?,19,20,2
Venn plate,Epacris paludosa,Single,10,25.17,25.17,?,22,20,7
Venn plate,Epacris paludosa,Single,11,28.26,28.26,?,19,20,5
Venn plate,Epacris paludosa,Single,12,33.5,33.5,?,20,20,6
Venn plate,Epacris paludosa,Single,13,10.99,10.99,?,20,20,4
Venn plate,Epacris paludosa,Single,14,16.4,16.4,?,20,20,1
Venn plate,Epacris paludosa,Single,15,19.88,19.88,?,20,20,1
Venn plate,Epacris paludosa,Single,16,25.17,25.17,?,20,20,19
Venn plate,Epacris paludosa,Single,17,28.26,28.26,?,20,20,12
Venn plate,Epacris paludosa,Single,18,33.5,33.5,?,20,20,3
Venn plate,Kunzea mueleri,Single,1,8.5,8.5,?,10,10,0
Venn plate,Kunzea mueleri,Single,2,13.7,13.7,?,10,10,0
Venn plate,Kunzea mueleri,Single,3,18.4,18.4,?,10,10,0
Venn plate,Kunzea mueleri,Single,4,22.5,22.5,?,10,10,0
Venn plate,Kunzea mueleri,Single,5,26.7,26.7,?,10,10,0
Venn plate,Kunzea mueleri,Single,6,30.88,30.88,?,10,10,0
Venn plate,Kunzea mueleri,Single,7,8.5,8.5,?,10,10,0
Venn plate,Kunzea mueleri,Single,8,13.7,13.7,?,10,10,2
Venn plate,Kunzea mueleri,Single,9,18.4,18.4,?,10,10,0
Venn plate,Kunzea mueleri,Single,10,22.5,22.5,?,10,10,4
Venn plate,Kunzea mueleri,Single,11,26.7,26.7,?,10,10,0
Venn plate,Kunzea mueleri,Single,12,30.88,30.88,?,10,10,0
Venn plate,Kunzea mueleri,Single,13,8.5,8.5,?,10,10,0
Venn plate,Kunzea mueleri,Single,14,13.7,13.7,?,10,10,1
Venn plate,Kunzea mueleri,Single,15,18.4,18.4,?,10,10,0
Venn plate,Kunzea mueleri,Single,16,22.5,22.5,?,10,10,0
Venn plate,Kunzea mueleri,Single,17,26.7,26.7,?,10,10,0
Venn plate,Kunzea mueleri,Single,18,30.88,30.88,?,10,10,0
Venn plate,Olearia algida,Single,1,10.99,10.99,?,20,20,2
Venn plate,Olearia algida,Single,2,16.4,16.4,?,20,20,3
Venn plate,Olearia algida,Single,3,19.88,19.88,?,20,20,7
Venn plate,Olearia algida,Single,4,25.17,25.17,?,20,20,18
Venn plate,Olearia algida,Single,5,28.26,28.26,?,20,20,2
Venn plate,Olearia algida,Single,6,33.5,33.5,?,20,20,0
Venn plate,Olearia algida,Single,7,10.99,10.99,?,20,20,0
Venn plate,Olearia algida,Single,8,16.4,16.4,?,20,20,6
Venn plate,Olearia algida,Single,9,19.88,19.88,?,20,20,15
Venn plate,Olearia algida,Single,10,25.17,25.17,?,20,20,18
Venn plate,Olearia algida,Single,11,28.26,28.26,?,20,20,7
Venn plate,Olearia algida,Single,12,33.5,33.5,?,20,20,0
Venn plate,Olearia algida,Single,13,10.99,10.99,?,20,20,0
Venn plate,Olearia algida,Single,14,16.4,16.4,?,20,20,3
Venn plate,Olearia algida,Single,15,19.88,19.88,?,20,20,11
Venn plate,Olearia algida,Single,16,25.17,25.17,?,20,20,12
Venn plate,Olearia algida,Single,17,28.26,28.26,?,20,20,7
Venn plate,Olearia algida,Single,18,33.5,33.5,?,20,20,0
Venn plate,Richea continentis,Single,1,8,8,?,13,20,0
Venn plate,Richea continentis,Single,2,13,13,?,10,20,1
Venn plate,Richea continentis,Single,3,17.5,17.5,?,18,20,7
Venn plate,Richea continentis,Single,4,22,22,?,12,20,1
Venn plate,Richea continentis,Single,5,26,26,?,16,20,5
Venn plate,Richea continentis,Single,6,30,30,?,10,20,8
Venn plate,Richea continentis,Single,7,35,35,?,6,20,0
Venn plate,Richea continentis,Single,8,8,8,?,13,20,0
Venn plate,Richea continentis,Single,9,13,13,?,14,20,1
Venn plate,Richea continentis,Single,10,17.5,17.5,?,8,20,3
Venn plate,Richea continentis,Single,11,22,22,?,17,20,8
Venn plate,Richea continentis,Single,12,26,26,?,16,20,8
Venn plate,Richea continentis,Single,13,30,30,?,16,20,12
Venn plate,Richea continentis,Single,14,35,35,?,17,20,0
Venn plate,Richea continentis,Single,15,8,8,?,16,20,0
Venn plate,Richea continentis,Single,16,13,13,?,16,20,1
Venn plate,Richea continentis,Single,17,17.5,17.5,?,14,20,3
Venn plate,Richea continentis,Single,18,22,22,?,13,20,7
Venn plate,Richea continentis,Single,19,26,26,?,17,20,13
Venn plate,Richea continentis,Single,20,30,30,?,13,20,7
Venn plate,Richea continentis,Single,21,35,35,?,4,20,0
Venn plate,Ozothamnus alpina,Single,1,10,10,?,18,20,0
Venn plate,Ozothamnus alpina,Single,2,16,16,?,19,20,0
Venn plate,Ozothamnus alpina,Single,3,19,19,?,16,20,1
Venn plate,Ozothamnus alpina,Single,4,25,25,?,19,20,1
Venn plate,Ozothamnus alpina,Single,5,27,27,?,11,20,5
Venn plate,Ozothamnus alpina,Single,6,34,34,?,10,20,5
Venn plate,Ozothamnus alpina,Single,7,36,36,?,15,20,0
Venn plate,Ozothamnus alpina,Single,8,10,10,?,20,20,0
Venn plate,Ozothamnus alpina,Single,9,16,16,?,18,20,0
Venn plate,Ozothamnus alpina,Single,10,19,19,?,17,20,3
Venn plate,Ozothamnus alpina,Single,11,25,25,?,16,20,1
Venn plate,Ozothamnus alpina,Single,12,27,27,?,9,20,7
Venn plate,Ozothamnus alpina,Single,13,34,34,?,10,20,5
Venn plate,Ozothamnus alpina,Single,14,36,36,?,20,20,0
Venn plate,Ozothamnus alpina,Single,15,10,10,?,18,20,0
Venn plate,Ozothamnus alpina,Single,16,16,16,?,19,20,1
Venn plate,Ozothamnus alpina,Single,17,19,19,?,13,20,3
Venn plate,Ozothamnus alpina,Single,18,25,25,?,10,20,7
Venn plate,Ozothamnus alpina,Single,19,27,27,?,16,20,2
Venn plate,Ozothamnus alpina,Single,20,34,34,?,12,20,12
Venn plate,Ozothamnus alpina,Single,21,36,36,?,18,20,0
Venn plate,Epacris petrophilla,Single,1,10,10,?,8,20,0
Venn plate,Epacris petrophilla,Single,2,16,16,?,14,20,0
Venn plate,Epacris petrophilla,Single,3,19,19,?,4,20,1
Venn plate,Epacris petrophilla,Single,4,25,25,?,12,20,0
Venn plate,Epacris petrophilla,Single,5,27,27,?,12,20,0
Venn plate,Epacris petrophilla,Single,6,34,34,?,15,20,1
Venn plate,Epacris petrophilla,Single,7,36,36,?,5,20,1
Venn plate,Epacris petrophilla,Single,8,10,10,?,10,20,0
Venn plate,Epacris petrophilla,Single,9,16,16,?,6,20,0
Venn plate,Epacris petrophilla,Single,10,19,19,?,7,20,0
Venn plate,Epacris petrophilla,Single,11,25,25,?,10,20,1
Venn plate,Epacris petrophilla,Single,12,27,27,?,20,20,0
Venn plate,Epacris petrophilla,Single,13,34,34,?,12,20,0
Venn plate,Epacris petrophilla,Single,14,36,36,?,10,20,2
Venn plate,Epacris petrophilla,Single,15,10,10,?,9,20,0
Venn plate,Epacris petrophilla,Single,16,16,16,?,11,20,0
Venn plate,Epacris petrophilla,Single,17,19,19,?,14,20,0
Venn plate,Epacris petrophilla,Single,18,25,25,?,11,20,2
Venn plate,Epacris petrophilla,Single,19,27,27,?,8,20,0
Venn plate,Epacris petrophilla,Single,20,34,34,?,14,20,8
Venn plate,Epacris petrophilla,Single,21,36,36,?,10,20,0
Venn cool fridge,Brachyscome ridigula,KB2,1,12,10,14,20,20,9
Venn cool fridge,Brachyscome ridigula,KB2,2,12,10,14,20,20,11
Venn cool fridge,Brachyscome ridigula,KB2,3,12,10,14,11,20,8
Venn cool fridge,Brachyscome ridigula,KB2,4,12,10,14,9,20,7
Venn cool fridge,Brachyscome ridigula,KB2,5,12,10,14,20,20,16
Venn cool fridge,Brachyscome ridigula,KB2,6,12,10,14,20,20,15
Venn cool fridge,Brachyscome ridigula,KB2,7,12,10,14,20,20,11
Venn cool fridge,Brachyscome ridigula,KB2,8,12,10,14,20,20,12
Venn cool fridge,Brachyscome ridigula,Bogong,1,12,10,14,20,20,18
Venn cool fridge,Brachyscome ridigula,Bogong,2,12,10,14,19,20,16
Venn cool fridge,Brachyscome ridigula,Bogong,3,12,10,14,20,20,16
Venn cool fridge,Brachyscome ridigula,Bogong,4,12,10,14,20,20,16
Venn cool fridge,Brachyscome ridigula,Bogong,5,12,10,14,13,20,10
Venn cool fridge,Brachyscome ridigula,Bogong,6,12,10,14,20,20,16
Venn cool fridge,Brachyscome ridigula,Bogong,15,12,10,14,19,20,19
Venn cool fridge,Brachyscome ridigula,Bogong,16,12,10,14,20,20,19
Venn cool fridge,Brachyscome ridigula,Bluff,8,12,10,14,20,20,18
Venn cool fridge,Brachyscome ridigula,Bluff,10,12,10,14,20,20,19
Venn cool fridge,Brachyscome ridigula,Bluff,11,12,10,14,20,20,17
Venn cool fridge,Brachyscome ridigula,Bluff,12,12,10,14,20,20,16
Venn cool fridge,Brachyscome ridigula,Bluff,13,12,10,14,20,20,18
Venn cool fridge,Brachyscome ridigula,Bluff,14,12,10,14,19,20,18
Venn cool fridge,Brachyscome ridigula,Bluff,15,12,10,14,19,20,18
Venn cool fridge,Brachyscome ridigula,Bluff,16,12,10,14,20,20,17
Venn cool fridge,Brachyscome ridigula,Magdala,1,12,10,14,20,20,18
Venn cool fridge,Brachyscome ridigula,Magdala,2,12,10,14,20,20,13
Venn cool fridge,Brachyscome ridigula,Magdala,3,12,10,14,20,20,12
Venn cool fridge,Brachyscome ridigula,Magdala,4,12,10,14,20,20,18
Venn cool fridge,Brachyscome ridigula,Magdala,5,12,10,14,20,20,16
Venn cool fridge,Brachyscome ridigula,Magdala,6,12,10,14,20,20,14
Venn cool fridge,Brachyscome ridigula,Magdala,7,12,10,14,20,20,14
Venn cool fridge,Brachyscome ridigula,Magdala,8,12,10,14,20,20,9
Venn cool fridge,Brachyscome ridigula,Hotham,1,12,10,14,16,20,16
Venn cool fridge,Brachyscome ridigula,Hotham,2,12,10,14,20,20,19
Venn cool fridge,Brachyscome ridigula,Hotham,3,12,10,14,20,20,16
Venn cool fridge,Brachyscome ridigula,Hotham,4,12,10,14,20,20,18
Venn cool fridge,Brachyscome ridigula,Hotham,5,12,10,14,20,20,16
Venn cool fridge,Brachyscome ridigula,Hotham,6,12,10,14,17,20,17
Venn cool fridge,Brachyscome ridigula,Hotham,7,12,10,14,20,20,18
Venn cool fridge,Brachyscome ridigula,Hotham,8,12,10,14,20,20,14
Venn cool fridge,Brachyscome ridigula,Buller,1,12,10,14,20,20,17
Venn cool fridge,Brachyscome ridigula,Buller,2,12,10,14,20,20,19
Venn cool fridge,Brachyscome ridigula,Buller,3,12,10,14,20,20,14
Venn cool fridge,Brachyscome ridigula,Buller,4,12,10,14,20,20,15
Venn cool fridge,Brachyscome ridigula,Buller,5,12,10,14,20,20,12
Venn cool fridge,Brachyscome ridigula,Buller,6,12,10,14,20,20,17
Venn cool fridge,Brachyscome ridigula,Buller,7,12,10,14,18,20,18
Venn cool fridge,Brachyscome ridigula,Buller,8,12,10,14,20,20,16
Venn cool fridge,Brachyscome ridigula,HWP,1,12,10,14,20,20,17
Venn cool fridge,Brachyscome ridigula,HWP,2,12,10,14,20,20,18
Venn cool fridge,Brachyscome ridigula,HWP,3,12,10,14,19,20,18
Venn cool fridge,Brachyscome ridigula,HWP,4,12,10,14,20,20,18
Venn cool fridge,Brachyscome ridigula,HWP,5,12,10,14,20,20,18
Venn cool fridge,Brachyscome ridigula,HWP,6,12,10,14,20,20,15
Venn cool fridge,Brachyscome ridigula,HWP,7,12,10,14,20,20,16
Venn cool fridge,Brachyscome ridigula,HWP,8,12,10,14,20,20,17
Venn cool fridge,Brachyscome ridigula,McKay,1,12,10,14,19,20,8
Venn cool fridge,Brachyscome ridigula,McKay,2,12,10,14,20,20,7
Venn cool fridge,Brachyscome ridigula,McKay,3,12,10,14,20,20,14
Venn cool fridge,Brachyscome ridigula,McKay,4,12,10,14,19,20,10
Venn cool fridge,Brachyscome ridigula,McKay,5,12,10,14,17,20,11
Venn cool fridge,Brachyscome ridigula,McKay,6,12,10,14,20,20,12
Venn cool fridge,Brachyscome ridigula,McKay,7,12,10,14,20,20,6
Venn cool fridge,Brachyscome ridigula,McKay,8,12,10,14,20,20,14
Venn cool fridge,Brachyscome ridigula,Stirling,1,12,10,14,20,20,12
Venn cool fridge,Brachyscome ridigula,Stirling,2,12,10,14,20,20,13
Venn cool fridge,Brachyscome ridigula,Stirling,3,12,10,14,20,20,8
Venn cool fridge,Brachyscome ridigula,Stirling,4,12,10,14,20,20,11
Venn cool fridge,Brachyscome ridigula,Stirling,5,12,10,14,20,20,13
Venn cool fridge,Brachyscome ridigula,Stirling,6,12,10,14,19,20,11
Venn cool fridge,Brachyscome ridigula,Stirling,7,12,10,14,19,20,10
Venn cool fridge,Brachyscome ridigula,Stirling,8,12,10,14,20,20,13
Venn cool fridge,Xerochrysum subundulatum,Speculation,1,12,10,14,20,20,12
Venn cool fridge,Xerochrysum subundulatum,Speculation,2,12,10,14,19,20,15
Venn cool fridge,Xerochrysum subundulatum,Speculation,3,12,10,14,20,20,14
Venn cool fridge,Xerochrysum subundulatum,Speculation,4,12,10,14,20,20,16
Venn cool fridge,Xerochrysum subundulatum,Speculation,5,12,10,14,20,20,15
Venn cool fridge,Xerochrysum subundulatum,Speculation,6,12,10,14,20,20,17
Venn cool fridge,Xerochrysum subundulatum,Speculation,7,12,10,14,20,20,15
Venn cool fridge,Xerochrysum subundulatum,Speculation,8,12,10,14,19,20,16
Venn cool fridge,Xerochrysum subundulatum,Hotham,1,12,10,14,20,20,13
Venn cool fridge,Xerochrysum subundulatum,Hotham,2,12,10,14,20,20,17
Venn cool fridge,Xerochrysum subundulatum,Hotham,3,12,10,14,20,20,15
Venn cool fridge,Xerochrysum subundulatum,Hotham,4,12,10,14,20,20,17
Venn cool fridge,Xerochrysum subundulatum,Hotham,5,12,10,14,20,20,14
Venn cool fridge,Xerochrysum subundulatum,Hotham,6,12,10,14,20,20,15
Venn cool fridge,Xerochrysum subundulatum,Hotham,7,12,10,14,20,20,12
Venn cool fridge,Xerochrysum subundulatum,Hotham,8,12,10,14,20,20,15
Venn cool fridge,Brachyscome spathulata,Howitt,1,12,10,14,20,20,18
Venn cool fridge,Brachyscome spathulata,Howitt,2,12,10,14,20,20,17
Venn cool fridge,Brachyscome spathulata,Howitt,3,12,10,14,20,20,12
Venn cool fridge,Brachyscome spathulata,Howitt,4,12,10,14,20,20,18
Venn cool fridge,Brachyscome spathulata,Howitt,5,12,10,14,20,20,19
Venn cool fridge,Brachyscome spathulata,Howitt,6,12,10,14,20,20,17
Venn cool fridge,Brachyscome spathulata,Howitt,7,12,10,14,20,20,15
Venn cool fridge,Brachyscome spathulata,Howitt,8,12,10,14,20,20,14
Venn cool fridge,Brachyscome spathulata,Bogong,1,12,10,14,20,20,12
Venn cool fridge,Brachyscome spathulata,Bogong,2,12,10,14,20,20,15
Venn cool fridge,Brachyscome spathulata,Bogong,3,12,10,14,20,20,16
Venn cool fridge,Brachyscome spathulata,Bogong,4,12,10,14,20,20,17
Venn cool fridge,Brachyscome spathulata,Bogong,5,12,10,14,20,20,13
Venn cool fridge,Brachyscome spathulata,Bogong,6,12,10,14,20,20,16
Venn cool fridge,Brachyscome spathulata,Bogong,7,12,10,14,20,20,16
Venn cool fridge,Brachyscome spathulata,Bogong,8,12,10,14,20,20,13
Venn cool fridge,Brachyscome spathulata,Spion Kopje,1,12,10,14,20,20,15
Venn cool fridge,Brachyscome spathulata,Spion Kopje,2,12,10,14,20,20,16
Venn cool fridge,Brachyscome spathulata,Spion Kopje,3,12,10,14,20,20,14
Venn cool fridge,Brachyscome spathulata,Spion Kopje,4,12,10,14,20,20,15
Venn cool fridge,Brachyscome spathulata,Spion Kopje,5,12,10,14,20,20,17
Venn cool fridge,Brachyscome spathulata,Spion Kopje,6,12,10,14,20,20,16
Venn cool fridge,Brachyscome spathulata,Spion Kopje,7,12,10,14,20,20,15
Venn cool fridge,Brachyscome spathulata,Spion Kopje,8,12,10,14,20,20,16
Venn cool fridge,Luzula acutifolia,Stirling,1,12,10,14,20,20,16
Venn cool fridge,Luzula acutifolia,Stirling,2,12,10,14,20,20,20
Venn cool fridge,Luzula acutifolia,Stirling,3,12,10,14,20,20,18
Venn cool fridge,Luzula acutifolia,Stirling,4,12,10,14,20,20,20
Venn cool fridge,Luzula acutifolia,Stirling,5,12,10,14,20,20,19
Venn cool fridge,Luzula acutifolia,Stirling,6,12,10,14,19,20,18
Venn cool fridge,Luzula acutifolia,Stirling,7,12,10,14,20,20,17
Venn cool fridge,Luzula acutifolia,Stirling,8,12,10,14,19,20,18
Venn cool fridge,Luzula acutifolia,Buller,1,12,10,14,10,20,10
Venn cool fridge,Luzula acutifolia,Buller,2,12,10,14,7,20,7
Venn cool fridge,Luzula acutifolia,Buller,3,12,10,14,20,20,20
Venn cool fridge,Luzula acutifolia,Buller,4,12,10,14,17,20,17
Venn cool fridge,Luzula acutifolia,Buller,5,12,10,14,20,20,18
Venn cool fridge,Luzula acutifolia,Buller,6,12,10,14,20,20,20
Venn cool fridge,Luzula acutifolia,Buller,7,12,10,14,19,20,19
Venn cool fridge,Luzula acutifolia,Buller,8,12,10,14,20,20,20
Venn cool fridge,Luzula acutifolia,Hotham,8,12,10,14,20,20,16
Venn cool fridge,Luzula acutifolia,Hotham,9,12,10,14,20,20,17
Venn cool fridge,Luzula acutifolia,Hotham,10,12,10,14,20,20,17
Venn cool fridge,Luzula acutifolia,Hotham,11,12,10,14,19,20,16
Venn cool fridge,Luzula acutifolia,Hotham,12,12,10,14,20,20,19
Venn cool fridge,Luzula acutifolia,Hotham,13,12,10,14,20,20,55
Venn cool fridge,Luzula acutifolia,Hotham,14,12,10,14,16,20,16
Venn cool fridge,Luzula acutifolia,Hotham,15,12,10,14,20,20,17
Venn cool fridge,Trisetum spicatum,Bogong,1,12,10,14,20,20,6
Venn cool fridge,Trisetum spicatum,Bogong,2,12,10,14,20,20,5
Venn cool fridge,Trisetum spicatum,Bogong,3,12,10,14,20,20,5
Venn cool fridge,Trisetum spicatum,Bogong,4,12,10,14,20,20,5
Venn cool fridge,Trisetum spicatum,Bogong,5,12,10,14,20,20,3
Venn cool fridge,Trisetum spicatum,Bogong,6,12,10,14,20,20,4
Venn cool fridge,Trisetum spicatum,Bogong,7,12,10,14,20,20,7
Venn cool fridge,Trisetum spicatum,Bogong,8,12,10,14,20,20,9
Venn cool fridge,Trisetum spicatum,Bogong,9,12,10,14,20,20,7
Venn cool fridge,Trisetum spicatum,Bogong,10,12,10,14,20,20,10
Venn cool fridge,Trisetum spicatum,Spion Kopje,1,12,10,14,20,20,14
Venn cool fridge,Trisetum spicatum,Spion Kopje,2,12,10,14,20,20,17
Venn cool fridge,Trisetum spicatum,Spion Kopje,3,12,10,14,20,20,13
Venn cool fridge,Trisetum spicatum,Spion Kopje,4,12,10,14,20,20,13
Venn cool fridge,Trisetum spicatum,Spion Kopje,5,12,10,14,19,20,14
Venn cool fridge,Trisetum spicatum,Spion Kopje,6,12,10,14,20,20,16
Venn cool fridge,Trisetum spicatum,Spion Kopje,7,12,10,14,20,20,15
Venn cool fridge,Trisetum spicatum,Spion Kopje,8,12,10,14,20,20,14
Venn cool fridge,Trisetum spicatum,stirling,1,12,10,14,20,20,15
Venn cool fridge,Trisetum spicatum,stirling,2,12,10,14,20,20,6
Venn cool fridge,Trisetum spicatum,stirling,3,12,10,14,20,20,7
Venn cool fridge,Trisetum spicatum,stirling,4,12,10,14,20,20,6
Venn cool fridge,Trisetum spicatum,stirling,5,12,10,14,20,20,6
Venn cool fridge,Trisetum spicatum,stirling,6,12,10,14,20,20,12
Venn cool fridge,Trisetum spicatum,stirling,7,12,10,14,20,20,7
Venn cool fridge,Trisetum spicatum,stirling,8,12,10,14,20,20,6
Venn cool fridge,Microseris lanceolata,KB2,1,12,10,14,20,20,15
Venn cool fridge,Microseris lanceolata,KB2,2,12,10,14,20,20,18
Venn cool fridge,Microseris lanceolata,KB2,3,12,10,14,19,20,18
Venn cool fridge,Microseris lanceolata,KB2,4,12,10,14,20,20,17
Venn cool fridge,Microseris lanceolata,KB2,5,12,10,14,20,20,14
Venn cool fridge,Microseris lanceolata,KB2,6,12,10,14,20,20,9
Venn cool fridge,Microseris lanceolata,KB2,7,12,10,14,20,20,16
Venn cool fridge,Microseris lanceolata,KB2,8,12,10,14,20,20,14
Venn cool fridge,Microseris lanceolata,HWP,1,12,10,14,20,20,20
Venn cool fridge,Microseris lanceolata,HWP,2,12,10,14,20,20,18
Venn cool fridge,Microseris lanceolata,HWP,3,12,10,14,20,20,18
Venn cool fridge,Microseris lanceolata,HWP,4,12,10,14,20,20,18
Venn cool fridge,Microseris lanceolata,HWP,5,12,10,14,20,20,14
Venn cool fridge,Microseris lanceolata,HWP,6,12,10,14,20,20,17
Venn cool fridge,Microseris lanceolata,HWP,7,12,10,14,20,20,16
Venn cool fridge,Microseris lanceolata,HWP,8,12,10,14,20,20,17
Venn cool fridge,Microseris lanceolata,McKay,1,12,10,14,20,20,6
Venn cool fridge,Microseris lanceolata,McKay,2,12,10,14,20,20,6
Venn cool fridge,Microseris lanceolata,McKay,3,12,10,14,20,20,8
Venn cool fridge,Microseris lanceolata,McKay,4,12,10,14,20,20,6
Venn cool fridge,Microseris lanceolata,McKay,5,12,10,14,20,20,7
Venn cool fridge,Microseris lanceolata,McKay,6,12,10,14,20,20,6
Venn cool fridge,Microseris lanceolata,McKay,7,12,10,14,20,20,8
Venn cool fridge,Microseris lanceolata,McKay,8,12,10,14,20,20,4
Venn cool fridge,Microseris lanceolata,Magdala,1,12,10,14,20,20,20
Venn cool fridge,Microseris lanceolata,Magdala,2,12,10,14,20,20,17
Venn cool fridge,Microseris lanceolata,Magdala,3,12,10,14,20,20,14
Venn cool fridge,Microseris lanceolata,Magdala,4,12,10,14,20,20,20
Venn cool fridge,Microseris lanceolata,Magdala,5,12,10,14,20,20,17
Venn cool fridge,Microseris lanceolata,Magdala,6,12,10,14,20,20,19
Venn cool fridge,Microseris lanceolata,Magdala,7,12,10,14,20,20,16
Venn cool fridge,Microseris lanceolata,Magdala,8,12,10,14,20,20,18
Venn cool fridge,Rytidosperma nudiflora,Magdala,1,12,10,14,20,20,18
Venn cool fridge,Rytidosperma nudiflora,Magdala,2,12,10,14,20,20,18
Venn cool fridge,Rytidosperma nudiflora,Magdala,3,12,10,14,20,20,18
Venn cool fridge,Rytidosperma nudiflora,Magdala,4,12,10,14,20,20,19
Venn cool fridge,Rytidosperma nudiflora,Magdala,5,12,10,14,20,20,19
Venn cool fridge,Rytidosperma nudiflora,Magdala,6,12,10,14,20,20,20
Venn cool fridge,Rytidosperma nudiflora,Magdala,7,12,10,14,20,20,19
Venn cool fridge,Rytidosperma nudiflora,Magdala,8,12,10,14,20,20,19
Venn cool fridge,Rytidosperma nudiflora,Howitt,1,12,10,14,20,20,19
Venn cool fridge,Rytidosperma nudiflora,Howitt,2,12,10,14,20,20,20
Venn cool fridge,Rytidosperma nudiflora,Howitt,3,12,10,14,20,20,18
Venn cool fridge,Rytidosperma nudiflora,Howitt,4,12,10,14,20,20,18
Venn cool fridge,Rytidosperma nudiflora,Howitt,5,12,10,14,20,20,17
Venn cool fridge,Rytidosperma nudiflora,Howitt,6,12,10,14,20,20,17
Venn cool fridge,Rytidosperma nudiflora,Howitt,7,12,10,14,19,20,14
Venn cool fridge,Rytidosperma nudiflora,Howitt,8,12,10,14,20,20,17
Venn cool fridge,Oleria phlogapappa var. subrepanda,McKay,1,12,10,14,20,20,4
Venn cool fridge,Oleria phlogapappa var. subrepanda,McKay,2,12,10,14,20,20,6
Venn cool fridge,Oleria phlogapappa var. subrepanda,McKay,3,12,10,14,20,20,1
Venn cool fridge,Oleria phlogapappa var. subrepanda,McKay,4,12,10,14,20,20,6
Venn cool fridge,Oleria phlogapappa var. subrepanda,McKay,5,12,10,14,20,20,4
Venn cool fridge,Oleria phlogapappa var. subrepanda,McKay,6,12,10,14,20,20,3
Venn cool fridge,Oleria phlogapappa var. subrepanda,McKay,7,12,10,14,20,20,4
Venn cool fridge,Oleria phlogapappa var. subrepanda,McKay,8,12,10,14,20,20,5
Venn cool fridge,Oleria phlogapappa var. subrepanda,KB2,1,12,10,14,20,20,4
Venn cool fridge,Oleria phlogapappa var. subrepanda,KB2,2,12,10,14,20,20,1
Venn cool fridge,Oleria phlogapappa var. subrepanda,KB2,3,12,10,14,19,20,3
Venn cool fridge,Oleria phlogapappa var. subrepanda,KB2,4,12,10,14,20,20,1
Venn cool fridge,Oleria phlogapappa var. subrepanda,KB2,5,12,10,14,20,20,4
Venn cool fridge,Oleria phlogapappa var. subrepanda,KB2,6,12,10,14,20,20,5
Venn cool fridge,Oleria phlogapappa var. subrepanda,KB2,7,12,10,14,19,20,3
Venn cool fridge,Oleria phlogapappa var. subrepanda,KB2,8,12,10,14,20,20,4
Venn cool fridge,Oleria phlogapappa var. subrepanda,Speculation,1,12,10,14,20,20,5
Venn cool fridge,Oleria phlogapappa var. subrepanda,Speculation,2,12,10,14,20,20,8
Venn cool fridge,Oleria phlogapappa var. subrepanda,Speculation,3,12,10,14,20,20,9
Venn cool fridge,Oleria phlogapappa var. subrepanda,Speculation,4,12,10,14,20,20,7
Venn cool fridge,Oleria phlogapappa var. subrepanda,Speculation,5,12,10,14,20,20,11
Venn cool fridge,Oleria phlogapappa var. subrepanda,Speculation,6,12,10,14,20,20,7
Venn cool fridge,Oleria phlogapappa var. subrepanda,Speculation,7,12,10,14,20,20,9
Venn cool fridge,Oleria phlogapappa var. subrepanda,Speculation,8,12,10,14,20,20,4
Venn cool fridge,Leucochrysum albicans subsp. Albicans,Hotham,1,12,10,14,20,20,20
Venn cool fridge,Leucochrysum albicans subsp. Albicans,Hotham,2,12,10,14,20,20,20
Venn cool fridge,Leucochrysum albicans subsp. Albicans,Hotham,3,12,10,14,20,20,18
Venn cool fridge,Leucochrysum albicans subsp. Albicans,Hotham,4,12,10,14,20,20,17
Venn cool fridge,Leucochrysum albicans subsp. Albicans,Hotham,5,12,10,14,20,20,16
Venn cool fridge,Leucochrysum albicans subsp. Albicans,Hotham,6,12,10,14,20,20,19
Venn cool fridge,Leucochrysum albicans subsp. Albicans,Hotham,7,12,10,14,20,20,17
Venn cool fridge,Leucochrysum albicans subsp. Albicans,Hotham,8,12,10,14,20,20,18
Venn cool fridge,Leucochrysum albicans subsp. Albicans,Speculation,1,12,10,14,20,20,18
Venn cool fridge,Leucochrysum albicans subsp. Albicans,Speculation,2,12,10,14,20,20,16
Venn cool fridge,Leucochrysum albicans subsp. Albicans,Speculation,3,12,10,14,20,20,12
Venn cool fridge,Leucochrysum albicans subsp. Albicans,Speculation,4,12,10,14,20,20,16
Venn cool fridge,Leucochrysum albicans subsp. Albicans,Speculation,5,12,10,14,20,20,18
Venn cool fridge,Leucochrysum albicans subsp. Albicans,Speculation,6,12,10,14,20,20,16
Venn cool fridge,Leucochrysum albicans subsp. Albicans,Speculation,7,12,10,14,20,20,20
Venn cool fridge,Leucochrysum albicans subsp. Albicans,Speculation,8,12,10,14,20,20,13
Venn cool fridge,Leucochrysum albicans subsp. Albicans,Howitt,1,12,10,14,20,20,18
Venn cool fridge,Leucochrysum albicans subsp. Albicans,Howitt,2,12,10,14,20,20,19
Venn cool fridge,Leucochrysum albicans subsp. Albicans,Howitt,3,12,10,14,20,20,17
Venn cool fridge,Leucochrysum albicans subsp. Albicans,Howitt,4,12,10,14,20,20,18
Venn cool fridge,Leucochrysum albicans subsp. Albicans,Howitt,5,12,10,14,20,20,11
Venn cool fridge,Leucochrysum albicans subsp. Albicans,Howitt,6,12,10,14,20,20,16
Venn cool fridge,Leucochrysum albicans subsp. Albicans,Howitt,7,12,10,14,20,20,15
Venn cool fridge,Leucochrysum albicans subsp. Albicans,Howitt,8,12,10,14,20,20,14
Venn warm fridge,Brachyscome ridigula,KB2,9,20,10,14,20,20,11
Venn warm fridge,Brachyscome ridigula,KB2,10,20,10,14,20,20,14
Venn warm fridge,Brachyscome ridigula,KB2,11,20,10,14,20,20,15
Venn warm fridge,Brachyscome ridigula,KB2,12,20,10,14,20,20,10
Venn warm fridge,Brachyscome ridigula,KB2,13,20,10,14,20,20,10
Venn warm fridge,Brachyscome ridigula,KB2,14,20,10,14,20,20,10
Venn warm fridge,Brachyscome ridigula,KB2,15,20,10,14,20,20,10
Venn warm fridge,Brachyscome ridigula,KB2,16,20,10,14,20,20,9
Venn warm fridge,Brachyscome ridigula,Bogong,7,20,10,14,20,20,19
Venn warm fridge,Brachyscome ridigula,Bogong,8,20,10,14,19,20,18
Venn warm fridge,Brachyscome ridigula,Bogong,9,20,10,14,20,20,20
Venn warm fridge,Brachyscome ridigula,Bogong,10,20,10,14,17,20,14
Venn warm fridge,Brachyscome ridigula,Bogong,11,20,10,14,19,20,18
Venn warm fridge,Brachyscome ridigula,Bogong,12,20,10,14,19,20,19
Venn warm fridge,Brachyscome ridigula,Bogong,13,20,10,14,20,20,19
Venn warm fridge,Brachyscome ridigula,Bogong,14,20,10,14,20,20,19
Venn warm fridge,Brachyscome ridigula,Bluff,1,20,10,14,20,20,19
Venn warm fridge,Brachyscome ridigula,Bluff,2,20,10,14,20,20,15
Venn warm fridge,Brachyscome ridigula,Bluff,3,20,10,14,20,20,14
Venn warm fridge,Brachyscome ridigula,Bluff,4,20,10,14,20,20,15
Venn warm fridge,Brachyscome ridigula,Bluff,5,20,10,14,20,20,15
Venn warm fridge,Brachyscome ridigula,Bluff,6,20,10,14,20,20,18
Venn warm fridge,Brachyscome ridigula,Bluff,7,20,10,14,20,20,10
Venn warm fridge,Brachyscome ridigula,Bluff,9,20,10,14,20,20,18
Venn warm fridge,Brachyscome ridigula,Magdala,9,20,10,14,20,20,17
Venn warm fridge,Brachyscome ridigula,Magdala,10,20,10,14,20,20,13
Venn warm fridge,Brachyscome ridigula,Magdala,11,20,10,14,20,20,16
Venn warm fridge,Brachyscome ridigula,Magdala,12,20,10,14,20,20,14
Venn warm fridge,Brachyscome ridigula,Magdala,13,20,10,14,20,20,12
Venn warm fridge,Brachyscome ridigula,Magdala,14,20,10,14,20,20,17
Venn warm fridge,Brachyscome ridigula,Magdala,15,20,10,14,20,20,19
Venn warm fridge,Brachyscome ridigula,Magdala,16,20,10,14,20,20,16
Venn warm fridge,Brachyscome ridigula,Hotham,9,20,10,14,20,20,11
Venn warm fridge,Brachyscome ridigula,Hotham,10,20,10,14,20,20,17
Venn warm fridge,Brachyscome ridigula,Hotham,11,20,10,14,20,20,18
Venn warm fridge,Brachyscome ridigula,Hotham,12,20,10,14,20,20,15
Venn warm fridge,Brachyscome ridigula,Hotham,13,20,10,14,20,20,15
Venn warm fridge,Brachyscome ridigula,Hotham,14,20,10,14,20,20,15
Venn warm fridge,Brachyscome ridigula,Hotham,15,20,10,14,20,20,17
Venn warm fridge,Brachyscome ridigula,Hotham,16,20,10,14,20,20,18
Venn warm fridge,Brachyscome ridigula,Buller,9,20,10,14,20,20,17
Venn warm fridge,Brachyscome ridigula,Buller,10,20,10,14,20,20,18
Venn warm fridge,Brachyscome ridigula,Buller,11,20,10,14,20,20,14
Venn warm fridge,Brachyscome ridigula,Buller,12,20,10,14,20,20,18
Venn warm fridge,Brachyscome ridigula,Buller,13,20,10,14,20,20,17
Venn warm fridge,Brachyscome ridigula,Buller,14,20,10,14,20,20,17
Venn warm fridge,Brachyscome ridigula,Buller,15,20,10,14,20,20,15
Venn warm fridge,Brachyscome ridigula,Buller,16,20,10,14,20,20,18
Venn warm fridge,Brachyscome ridigula,HWP,9,20,10,14,20,20,14
Venn warm fridge,Brachyscome ridigula,HWP,10,20,10,14,20,20,13
Venn warm fridge,Brachyscome ridigula,HWP,11,20,10,14,20,20,18
Venn warm fridge,Brachyscome ridigula,HWP,12,20,10,14,20,20,16
Venn warm fridge,Brachyscome ridigula,HWP,13,20,10,14,20,20,13
Venn warm fridge,Brachyscome ridigula,HWP,14,20,10,14,20,20,14
Venn warm fridge,Brachyscome ridigula,HWP,15,20,10,14,20,20,17
Venn warm fridge,Brachyscome ridigula,HWP,16,20,10,14,20,20,16
Venn warm fridge,Brachyscome ridigula,McKay,9,20,10,14,20,20,12
Venn warm fridge,Brachyscome ridigula,McKay,10,20,10,14,20,20,9
Venn warm fridge,Brachyscome ridigula,McKay,11,20,10,14,20,20,10
Venn warm fridge,Brachyscome ridigula,McKay,12,20,10,14,20,20,9
Venn warm fridge,Brachyscome ridigula,McKay,13,20,10,14,20,20,9
Venn warm fridge,Brachyscome ridigula,McKay,14,20,10,14,20,20,6
Venn warm fridge,Brachyscome ridigula,McKay,15,20,10,14,20,20,15
Venn warm fridge,Brachyscome ridigula,McKay,16,20,10,14,20,20,9
Venn warm fridge,Brachyscome ridigula,Stirling,9,20,10,14,20,20,14
Venn warm fridge,Brachyscome ridigula,Stirling,10,20,10,14,20,20,18
Venn warm fridge,Brachyscome ridigula,Stirling,11,20,10,14,20,20,17
Venn warm fridge,Brachyscome ridigula,Stirling,12,20,10,14,20,20,16
Venn warm fridge,Brachyscome ridigula,Stirling,13,20,10,14,20,20,15
Venn warm fridge,Brachyscome ridigula,Stirling,14,20,10,14,20,20,15
Venn warm fridge,Brachyscome ridigula,Stirling,15,20,10,14,20,20,11
Venn warm fridge,Brachyscome ridigula,Stirling,16,20,10,14,20,20,14
Venn warm fridge,Xerochrysum subundulatum,Speculation,9,20,10,14,?,20,0
Venn warm fridge,Xerochrysum subundulatum,Speculation,10,20,10,14,?,20,0
Venn warm fridge,Xerochrysum subundulatum,Speculation,11,20,10,14,?,20,0
Venn warm fridge,Xerochrysum subundulatum,Speculation,12,20,10,14,?,20,0
Venn warm fridge,Xerochrysum subundulatum,Speculation,13,20,10,14,?,20,0
Venn warm fridge,Xerochrysum subundulatum,Speculation,14,20,10,14,?,20,0
Venn warm fridge,Xerochrysum subundulatum,Speculation,15,20,10,14,?,20,0
Venn warm fridge,Xerochrysum subundulatum,Speculation,16,20,10,14,?,20,0
Venn warm fridge,Xerochrysum subundulatum,Hotham,9,20,10,14,?,20,0
Venn warm fridge,Xerochrysum subundulatum,Hotham,10,20,10,14,?,20,0
Venn warm fridge,Xerochrysum subundulatum,Hotham,11,20,10,14,?,20,0
Venn warm fridge,Xerochrysum subundulatum,Hotham,12,20,10,14,?,20,0
Venn warm fridge,Xerochrysum subundulatum,Hotham,13,20,10,14,?,20,0
Venn warm fridge,Xerochrysum subundulatum,Hotham,14,20,10,14,?,20,0
Venn warm fridge,Xerochrysum subundulatum,Hotham,15,20,10,14,?,20,0
Venn warm fridge,Xerochrysum subundulatum,Hotham,16,20,10,14,?,20,0
Venn warm fridge,Brachyscome spathulata,Howitt,9,20,10,14,?,20,0
Venn warm fridge,Brachyscome spathulata,Howitt,10,20,10,14,?,20,0
Venn warm fridge,Brachyscome spathulata,Howitt,11,20,10,14,?,20,0
Venn warm fridge,Brachyscome spathulata,Howitt,12,20,10,14,?,20,0
Venn warm fridge,Brachyscome spathulata,Howitt,13,20,10,14,?,20,0
Venn warm fridge,Brachyscome spathulata,Howitt,14,20,10,14,?,20,0
Venn warm fridge,Brachyscome spathulata,Howitt,15,20,10,14,?,20,0
Venn warm fridge,Brachyscome spathulata,Howitt,16,20,10,14,?,20,0
Venn warm fridge,Brachyscome spathulata,Bogong,9,20,10,14,?,20,0
Venn warm fridge,Brachyscome spathulata,Bogong,10,20,10,14,?,20,0
Venn warm fridge,Brachyscome spathulata,Bogong,11,20,10,14,?,20,0
Venn warm fridge,Brachyscome spathulata,Bogong,12,20,10,14,?,20,0
Venn warm fridge,Brachyscome spathulata,Bogong,13,20,10,14,?,20,0
Venn warm fridge,Brachyscome spathulata,Bogong,14,20,10,14,?,20,0
Venn warm fridge,Brachyscome spathulata,Bogong,15,20,10,14,?,20,0
Venn warm fridge,Brachyscome spathulata,Bogong,16,20,10,14,?,20,0
Venn warm fridge,Brachyscome spathulata,Spion Kopje,9,20,10,14,?,20,0
Venn warm fridge,Brachyscome spathulata,Spion Kopje,10,20,10,14,?,20,0
Venn warm fridge,Brachyscome spathulata,Spion Kopje,11,20,10,14,?,20,0
Venn warm fridge,Brachyscome spathulata,Spion Kopje,12,20,10,14,?,20,0
Venn warm fridge,Brachyscome spathulata,Spion Kopje,13,20,10,14,?,20,0
Venn warm fridge,Brachyscome spathulata,Spion Kopje,14,20,10,14,?,20,0
Venn warm fridge,Brachyscome spathulata,Spion Kopje,15,20,10,14,?,20,0
Venn warm fridge,Brachyscome spathulata,Spion Kopje,16,20,10,14,?,20,0
Venn warm fridge,Luzula acutifolia,Stirling,9,20,10,14,?,20,0
Venn warm fridge,Luzula acutifolia,Stirling,10,20,10,14,?,20,0
Venn warm fridge,Luzula acutifolia,Stirling,11,20,10,14,?,20,0
Venn warm fridge,Luzula acutifolia,Stirling,12,20,10,14,?,20,0
Venn warm fridge,Luzula acutifolia,Stirling,13,20,10,14,?,20,0
Venn warm fridge,Luzula acutifolia,Stirling,14,20,10,14,?,20,0
Venn warm fridge,Luzula acutifolia,Stirling,15,20,10,14,?,20,0
Venn warm fridge,Luzula acutifolia,Stirling,16,20,10,14,?,20,0
Venn warm fridge,Luzula acutifolia,Buller,9,20,10,14,?,20,0
Venn warm fridge,Luzula acutifolia,Buller,10,20,10,14,?,20,0
Venn warm fridge,Luzula acutifolia,Buller,11,20,10,14,?,20,0
Venn warm fridge,Luzula acutifolia,Buller,12,20,10,14,?,20,0
Venn warm fridge,Luzula acutifolia,Buller,13,20,10,14,?,20,0
Venn warm fridge,Luzula acutifolia,Buller,14,20,10,14,?,20,0
Venn warm fridge,Luzula acutifolia,Buller,15,20,10,14,?,20,0
Venn warm fridge,Luzula acutifolia,Buller,16,20,10,14,?,20,0
Venn warm fridge,Luzula acutifolia,Hotham,1,20,10,14,?,20,0
Venn warm fridge,Luzula acutifolia,Hotham,2,20,10,14,?,20,0
Venn warm fridge,Luzula acutifolia,Hotham,3,20,10,14,?,20,0
Venn warm fridge,Luzula acutifolia,Hotham,4,20,10,14,?,20,0
Venn warm fridge,Luzula acutifolia,Hotham,5,20,10,14,?,20,0
Venn warm fridge,Luzula acutifolia,Hotham,6,20,10,14,?,20,0
Venn warm fridge,Luzula acutifolia,Hotham,7,20,10,14,?,20,0
Venn warm fridge,Luzula acutifolia,Hotham,16,20,10,14,?,20,0
Venn warm fridge,Trisetum spicatum,Spion Kopje,9,20,10,14,?,20,0
Venn warm fridge,Trisetum spicatum,Spion Kopje,10,20,10,14,?,20,0
Venn warm fridge,Trisetum spicatum,Spion Kopje,11,20,10,14,?,20,0
Venn warm fridge,Trisetum spicatum,Spion Kopje,12,20,10,14,?,20,0
Venn warm fridge,Trisetum spicatum,Spion Kopje,13,20,10,14,?,20,0
Venn warm fridge,Trisetum spicatum,Spion Kopje,14,20,10,14,?,20,0
Venn warm fridge,Trisetum spicatum,Spion Kopje,15,20,10,14,?,20,0
Venn warm fridge,Trisetum spicatum,Spion Kopje,16,20,10,14,?,20,0
Venn warm fridge,Trisetum spicatum,stirling,9,20,10,14,?,20,0
Venn warm fridge,Trisetum spicatum,stirling,10,20,10,14,?,20,0
Venn warm fridge,Trisetum spicatum,stirling,11,20,10,14,?,20,0
Venn warm fridge,Trisetum spicatum,stirling,12,20,10,14,?,20,0
Venn warm fridge,Trisetum spicatum,stirling,13,20,10,14,?,20,0
Venn warm fridge,Trisetum spicatum,stirling,14,20,10,14,?,20,0
Venn warm fridge,Trisetum spicatum,stirling,15,20,10,14,?,20,0
Venn warm fridge,Trisetum spicatum,stirling,16,20,10,14,?,20,0
Venn warm fridge,Microseris lanceolata,KB2,9,20,10,14,?,20,0
Venn warm fridge,Microseris lanceolata,KB2,10,20,10,14,?,20,0
Venn warm fridge,Microseris lanceolata,KB2,11,20,10,14,?,20,0
Venn warm fridge,Microseris lanceolata,KB2,12,20,10,14,?,20,0
Venn warm fridge,Microseris lanceolata,KB2,13,20,10,14,?,20,0
Venn warm fridge,Microseris lanceolata,KB2,14,20,10,14,?,20,0
Venn warm fridge,Microseris lanceolata,KB2,15,20,10,14,?,20,0
Venn warm fridge,Microseris lanceolata,KB2,16,20,10,14,?,20,0
Venn warm fridge,Microseris lanceolata,HWP,9,20,10,14,?,20,0
Venn warm fridge,Microseris lanceolata,HWP,10,20,10,14,?,20,0
Venn warm fridge,Microseris lanceolata,HWP,11,20,10,14,?,20,0
Venn warm fridge,Microseris lanceolata,HWP,12,20,10,14,?,20,0
Venn warm fridge,Microseris lanceolata,HWP,13,20,10,14,?,20,0
Venn warm fridge,Microseris lanceolata,HWP,14,20,10,14,?,20,0
Venn warm fridge,Microseris lanceolata,HWP,15,20,10,14,?,20,0
Venn warm fridge,Microseris lanceolata,HWP,16,20,10,14,?,20,0
Venn warm fridge,Microseris lanceolata,McKay,9,20,10,14,?,20,0
Venn warm fridge,Microseris lanceolata,McKay,10,20,10,14,?,20,0
Venn warm fridge,Microseris lanceolata,McKay,11,20,10,14,?,20,0
Venn warm fridge,Microseris lanceolata,McKay,12,20,10,14,?,20,0
Venn warm fridge,Microseris lanceolata,McKay,13,20,10,14,?,20,0
Venn warm fridge,Microseris lanceolata,McKay,14,20,10,14,?,20,0
Venn warm fridge,Microseris lanceolata,McKay,15,20,10,14,?,20,0
Venn warm fridge,Microseris lanceolata,McKay,16,20,10,14,?,20,0
Venn warm fridge,Microseris lanceolata,Magdala,9,20,10,14,?,20,0
Venn warm fridge,Microseris lanceolata,Magdala,10,20,10,14,?,20,0
Venn warm fridge,Microseris lanceolata,Magdala,11,20,10,14,?,20,0
Venn warm fridge,Microseris lanceolata,Magdala,12,20,10,14,?,20,0
Venn warm fridge,Microseris lanceolata,Magdala,13,20,10,14,?,20,0
Venn warm fridge,Microseris lanceolata,Magdala,14,20,10,14,?,20,0
Venn warm fridge,Microseris lanceolata,Magdala,15,20,10,14,?,20,0
Venn warm fridge,Microseris lanceolata,Magdala,16,20,10,14,?,20,0
Venn warm fridge,Rytidosperma nudiflora,Magdala,9,20,10,14,?,20,0
Venn warm fridge,Rytidosperma nudiflora,Magdala,10,20,10,14,?,20,0
Venn warm fridge,Rytidosperma nudiflora,Magdala,11,20,10,14,?,20,0
Venn warm fridge,Rytidosperma nudiflora,Magdala,12,20,10,14,?,20,0
Venn warm fridge,Rytidosperma nudiflora,Magdala,13,20,10,14,?,20,0
Venn warm fridge,Rytidosperma nudiflora,Magdala,14,20,10,14,?,20,0
Venn warm fridge,Rytidosperma nudiflora,Magdala,15,20,10,14,?,20,0
Venn warm fridge,Rytidosperma nudiflora,Magdala,16,20,10,14,?,20,0
Venn warm fridge,Rytidosperma nudiflora,Howitt,9,20,10,14,?,20,0
Venn warm fridge,Rytidosperma nudiflora,Howitt,10,20,10,14,?,20,0
Venn warm fridge,Rytidosperma nudiflora,Howitt,11,20,10,14,?,20,0
Venn warm fridge,Rytidosperma nudiflora,Howitt,12,20,10,14,?,20,0
Venn warm fridge,Rytidosperma nudiflora,Howitt,13,20,10,14,?,20,0
Venn warm fridge,Rytidosperma nudiflora,Howitt,14,20,10,14,?,20,0
Venn warm fridge,Rytidosperma nudiflora,Howitt,15,20,10,14,?,20,0
Venn warm fridge,Rytidosperma nudiflora,Howitt,16,20,10,14,?,20,0
Venn warm fridge,Oleria phlogapappa var. subrepanda,McKay,9,20,10,14,?,20,0
Venn warm fridge,Oleria phlogapappa var. subrepanda,McKay,10,20,10,14,?,20,0
Venn warm fridge,Oleria phlogapappa var. subrepanda,McKay,11,20,10,14,?,20,0
Venn warm fridge,Oleria phlogapappa var. subrepanda,McKay,12,20,10,14,?,20,0
Venn warm fridge,Oleria phlogapappa var. subrepanda,McKay,13,20,10,14,?,20,0
Venn warm fridge,Oleria phlogapappa var. subrepanda,McKay,14,20,10,14,?,20,0
Venn warm fridge,Oleria phlogapappa var. subrepanda,McKay,15,20,10,14,?,20,0
Venn warm fridge,Oleria phlogapappa var. subrepanda,McKay,16,20,10,14,?,20,0
Venn warm fridge,Oleria phlogapappa var. subrepanda,KB2,9,20,10,14,?,20,0
Venn warm fridge,Oleria phlogapappa var. subrepanda,KB2,10,20,10,14,?,20,0
Venn warm fridge,Oleria phlogapappa var. subrepanda,KB2,11,20,10,14,?,20,0
Venn warm fridge,Oleria phlogapappa var. subrepanda,KB2,12,20,10,14,?,20,0
Venn warm fridge,Oleria phlogapappa var. subrepanda,KB2,13,20,10,14,?,20,0
Venn warm fridge,Oleria phlogapappa var. subrepanda,KB2,14,20,10,14,?,20,0
Venn warm fridge,Oleria phlogapappa var. subrepanda,KB2,15,20,10,14,?,20,0
Venn warm fridge,Oleria phlogapappa var. subrepanda,KB2,16,20,10,14,?,20,0
Venn warm fridge,Oleria phlogapappa var. subrepanda,Speculation,9,20,10,14,?,20,0
Venn warm fridge,Oleria phlogapappa var. subrepanda,Speculation,10,20,10,14,?,20,0
Venn warm fridge,Oleria phlogapappa var. subrepanda,Speculation,11,20,10,14,?,20,0
Venn warm fridge,Oleria phlogapappa var. subrepanda,Speculation,12,20,10,14,?,20,0
Venn warm fridge,Oleria phlogapappa var. subrepanda,Speculation,13,20,10,14,?,20,0
Venn warm fridge,Oleria phlogapappa var. subrepanda,Speculation,14,20,10,14,?,20,0
Venn warm fridge,Oleria phlogapappa var. subrepanda,Speculation,15,20,10,14,?,20,0
Venn warm fridge,Oleria phlogapappa var. subrepanda,Speculation,16,20,10,14,?,20,0
Venn warm fridge,Leucochrysum albicans subsp. Albicans,Hotham,9,20,10,14,?,20,0
Venn warm fridge,Leucochrysum albicans subsp. Albicans,Hotham,10,20,10,14,?,20,0
Venn warm fridge,Leucochrysum albicans subsp. Albicans,Hotham,11,20,10,14,?,20,0
Venn warm fridge,Leucochrysum albicans subsp. Albicans,Hotham,12,20,10,14,?,20,0
Venn warm fridge,Leucochrysum albicans subsp. Albicans,Hotham,13,20,10,14,?,20,0
Venn warm fridge,Leucochrysum albicans subsp. Albicans,Hotham,14,20,10,14,?,20,0
Venn warm fridge,Leucochrysum albicans subsp. Albicans,Hotham,15,20,10,14,?,20,0
Venn warm fridge,Leucochrysum albicans subsp. Albicans,Hotham,16,20,10,14,?,20,0
Venn warm fridge,Leucochrysum albicans subsp. Albicans,Speculation,9,20,10,14,?,20,0
Venn warm fridge,Leucochrysum albicans subsp. Albicans,Speculation,10,20,10,14,?,20,0
Venn warm fridge,Leucochrysum albicans subsp. Albicans,Speculation,11,20,10,14,?,20,0
Venn warm fridge,Leucochrysum albicans subsp. Albicans,Speculation,12,20,10,14,?,20,0
Venn warm fridge,Leucochrysum albicans subsp. Albicans,Speculation,13,20,10,14,?,20,0
Venn warm fridge,Leucochrysum albicans subsp. Albicans,Speculation,14,20,10,14,?,20,0
Venn warm fridge,Leucochrysum albicans subsp. Albicans,Speculation,15,20,10,14,?,20,0
Venn warm fridge,Leucochrysum albicans subsp. Albicans,Speculation,16,20,10,14,?,20,0
