"TPLName","Family","Alpine","Plant category","Lifespan","Seed.mass","Embryo","Dormancy"
"Acaena pinnatifida","Rosaceae","Generalist","Herb","perennial",8.9,0.9,"PD"
"Achillea atrata","Compositae","Strict","Herb","perennial",0.630897368421053,1,"PD"
"Achillea clavennae","Compositae","Strict","Herb","perennial",0.449,1,NA
"Achillea erba-rotta","Compositae","Strict","Herb","perennial",0.274,1,NA
"Achillea nana","Compositae","Strict","Herb","perennial",0.630897368421053,1,NA
"Aciphylla glacialis","Apiaceae","Strict","Herb","perennial",5.899,0.05,NA
"Aciphylla simplicifolia","Apiaceae","Generalist","Herb","perennial",5.006,0.04,NA
"Aconitum brunneum","Ranunculaceae","Strict","Herb","perennial",1.79683333333333,0.05,"MPD"
"Aconitum bucovinense","Ranunculaceae","Strict","Herb","perennial",2.12483,0.05,NA
"Aconitum lasiocarpum","Ranunculaceae","Generalist","Herb","perennial",2.12483,0.05,NA
"Aconitum lycoctonum","Ranunculaceae","Generalist","Herb","perennial",2.12483,0.05,"MPD"
"Aconitum tanguticum","Ranunculaceae","Strict","Herb","perennial",2.12483,0.05,"MPD"
"Acronema chinense","Apiaceae","Strict","Herb","perennial",0.536,0.06,"MPD"
"Adenophora himalayana","Campanulaceae","Generalist","Herb","perennial",0.144666666666667,0.22,NA
"Adenophora liliifolioides","Campanulaceae","Generalist","Herb","perennial",0.138666666666667,0.22,"PD"
"Adenostyles alliariae","Compositae","Generalist","Herb","perennial",1.25,1,NA
"Adesmia emarginata","Leguminosae","Generalist","Woody","perennial",5.33843,1,NA
"Adesmia longipes","Leguminosae","Strict","Herb","perennial",5.33843,1,NA
"Adesmia radicifolia","Leguminosae","Generalist","Herb","perennial",5.33843,1,NA
"Agropyron velutinum","Poaceae","Generalist","Grass","perennial",5.236,0.2,NA
"Agrostis alpina","Poaceae","Strict","Grass","perennial",0.0805827586206897,0.2,NA
"Ajania fruticulosa","Compositae","Generalist","Herb","perennial",0.253,1,NA
"Ajania salicifolia","Compositae","Generalist","Herb","perennial",0.266516666666667,1,"ND"
"Ajania tenuifolia","Compositae","Generalist","Herb","perennial",0.1099,1,"PD"
"Alchemilla alpina","Rosaceae","Strict","Herb","perennial",0.432094117647059,0.9,"PD"
"Aletris glandulifera","Nartheciaceae","Strict","Herb","perennial",0.0556666666666667,0.08,NA
"Allium chrysanthum","Amaryllidaceae","Generalist","Herb","perennial",0.635666666666667,0.35,"PD"
"Allium chrysocephalum","Amaryllidaceae","Strict","Herb","perennial",0.528,0.35,"PD"
"Allium cyaneum","Amaryllidaceae","Generalist","Herb","perennial",0.532211111111111,0.35,"PD"
"Allium cyathophorum","Amaryllidaceae","Generalist","Herb","perennial",1.97556666666667,0.35,NA
"Allium prattii","Amaryllidaceae","Generalist","Herb","perennial",2.76354093959732,0.35,NA
"Allium przewalskianum","Amaryllidaceae","Generalist","Herb","perennial",0.699333333333333,0.35,"PD"
"Allium rude","Amaryllidaceae","Generalist","Herb","perennial",0.47285,0.35,"PD"
"Allium sikkimense","Amaryllidaceae","Generalist","Herb","perennial",0.494,0.35,"PD"
"Allium victorialis","Amaryllidaceae","Strict","Herb","perennial",3.31894444444444,0.35,"MPD"
"Alstroemeria pallida","Alstroemeriaceae","Generalist","Herb","perennial",18.3,0.14,NA
"Anaphalis flavescens","Compositae","Generalist","Herb","perennial",0.09605,1,"PD"
"Anaphalis latialata","Compositae","Strict","Herb","perennial",0.0947,1,"ND"
"Anaphalis nepalensis","Compositae","Generalist","Herb","perennial",0.263,1,NA
"Anarthrophyllum cumingii","Leguminosae","Generalist","Woody","perennial",3.4,0.97,NA
"Anarthrophyllum gayanum","Leguminosae","Strict","Woody","perennial",3.4,0.97,NA
"Androsace chamaejasme","Primulaceae","Strict","Herb","perennial",0.5964,0.21,NA
"Androsace gmelinii","Primulaceae","Generalist","Herb","annual",0.163166666666667,0.21,NA
"Androsace obtusifolia","Primulaceae","Strict","Herb","perennial",0.4268,0.21,NA
"Androsace villosa","Primulaceae","Generalist","Herb","perennial",1.0782,0.21,NA
"Anemone alpina","Ranunculaceae","Strict","Herb","perennial",4.4944,0.04,"MPD"
"Anemone narcissiflora","Ranunculaceae","Generalist","Herb","perennial",2.73972272727273,0.04,NA
"Anemone rivularis","Ranunculaceae","Generalist","Herb","perennial",6.89005,0.04,"MPD"
"Anemone vernalis","Ranunculaceae","Strict","Herb","perennial",1.8966,0.04,NA
"Anisodus tanguticus","Solanaceae","Generalist","Herb","perennial",7.2485,0.47,"PD"
"Antennaria dioica","Compositae","Generalist","Herb","perennial",0.06,1,NA
"Anthoxanthum odoratum","Poaceae","Generalist","Grass","perennial",0.55,0.05,"PD"
"Anthriscus sylvestris","Apiaceae","Generalist","Herb","perennial",3.57465,0.02,"MPD"
"Anthyllis vulneraria","Leguminosae","Generalist","Herb","perennial",3.48434,0.98,"PY"
"Arabis alpina","Brassicaceae","Generalist","Herb","perennial",0.4,1,NA
"Arabis caerulea","Brassicaceae","Strict","Herb","perennial",0.3063,1,NA
"Arenaria biflora","Caryophyllaceae","Strict","Herb","perennial",0.0872,0.61,NA
"Arenaria edgeworthiana","Caryophyllaceae","Strict","Herb","perennial",0.866333333333333,0.61,NA
"Arenaria erinacea","Caryophyllaceae","Generalist","Herb","perennial",0.216236363636364,0.61,NA
"Arenaria grandiflora","Caryophyllaceae","Generalist","Herb","perennial",0.5456,0.61,NA
"Arenaria kansuensis","Caryophyllaceae","Strict","Herb","perennial",0.1257,0.61,"PD"
"Arenaria norvegica","Caryophyllaceae","Generalist","Herb","perennial",0.216236363636364,0.61,NA
"Arenaria purpurascens","Caryophyllaceae","Strict","Herb","perennial",0.216236363636364,0.61,NA
"Aristida triseta","Poaceae","Generalist","Grass","perennial",0.2767,0.34,"PD"
"Armeria alpina","Plumbaginaceae","Strict","Herb","perennial",1.9264,0.95,NA
"Armeria cantabrica","Plumbaginaceae","Strict","Herb","perennial",1.7292,0.95,NA
"Arnica montana","Compositae","Generalist","Herb","perennial",1.28825,1,NA
"Artemisia desertorum","Compositae","Strict","Herb","perennial",0.171877777777778,1,"PD"
"Artemisia genipi","Compositae","Strict","Herb","perennial",0.22,1,NA
"Artemisia glacialis","Compositae","Strict","Herb","perennial",0.705119444444444,1,NA
"Artemisia gmelinii","Compositae","Generalist","Herb","perennial",0.205955555555556,1,"ND"
"Artemisia hedinii","Compositae","Generalist","Herb","annual",0.0652222222222222,1,"ND"
"Artemisia umbelliformis","Compositae","Strict","Herb","perennial",0.2899,1,NA
"Asperugo procumbens","Boraginaceae","Generalist","Herb","annual",2.0295,1,"PD"
"Astelia alpina","Asteliaceae","Strict","Herb","perennial",1.1258,0.11,NA
"Astelia psychrocharis","Asteliaceae","Strict","Herb","perennial",1.70235,0.11,NA
"Aster alpinus","Compositae","Generalist","Herb","perennial",0.672566666666667,1,NA
"Aster amellus","Compositae","Generalist","Herb","perennial",0.810466666666667,1,"PD"
"Aster diplostephioides","Compositae","Generalist","Herb","perennial",0.62235,1,"ND"
"Aster souliei","Compositae","Generalist","Herb","perennial",0.731,1,"PD"
"Aster yunnanensis","Compositae","Generalist","Herb","perennial",0.2977,1,"ND"
"Astragalus australis","Leguminosae","Strict","Herb","perennial",8.8214354679803,0.98,NA
"Astragalus cyri","Leguminosae","Strict","Herb","perennial",8.8214354679803,0.98,NA
"Astragalus floridus","Leguminosae","Strict","Herb","perennial",2.62198333333333,0.982865731,"PY"
"Astragalus mahoschanicus","Leguminosae","Generalist","Herb","perennial",1.98766666666667,0.98,"PY"
"Astragalus penduliflorus","Leguminosae","Strict","Herb","perennial",8.8214354679803,0.98,NA
"Astragalus polycladus","Leguminosae","Generalist","Herb","perennial",1.19933333333333,0.98,"PY"
"Astragalus przewalskii","Leguminosae","Strict","Herb","perennial",2.32235,0.98,NA
"Astragalus tongolensis","Leguminosae","Strict","Herb","perennial",1.93351666666667,0.98,"PY"
"Aubrieta thessala","Brassicaceae","Strict","Herb","perennial",0.242933333333333,1,NA
"Avena fatua","Poaceae","Generalist","Grass","annual",15.1593333333333,0.09,"PD"
"Azorella madreporica","Apiaceae","Generalist","Woody","perennial",1.3,0.04,NA
"Baeckea gunniana","Myrtaceae","Generalist","Woody","perennial",0.746,1,NA
"Baeckea utilis","Myrtaceae","Generalist","Woody","perennial",0.062,1,NA
"Bartsia alpina","Orobanchaceae","Generalist","Herb","perennial",0.28,0.38,"PD"
"Batrachium bungei","Ranunculaceae","Generalist","Herb","annual, perennial",0.74985,0.04,"MPD"
"Berberis montana","Berberidaceae","Generalist","Woody","perennial",11.9288537037037,0.34,NA
"Betula nana","Betulaceae","Strict","Woody","perennial",0.498447222222222,0.99,"PD"
"Biebersteinia orphanidis","Biebersteiniaceae","Strict","Herb","perennial",19.02,1,NA
"Biscutella laevigata","Brassicaceae","Generalist","Herb","perennial",4.167,1,NA
"Blysmus sinocompressus","Cyperaceae","Generalist","Grass","perennial",0.636,0.11,"PD"
"Brachyscome barkerae","Compositae","Strict","Herb","perennial",0.376404,1,NA
"Brachyscome obovata","Compositae","Generalist","Herb","perennial",0.376404,1,NA
"Brachyscome rigidula","Compositae","Generalist","Herb","perennial",0.304,1,NA
"Brachyscome spathulata","Compositae","Generalist","Herb","perennial",0.4188,1,NA
"Brachyscome stolonifera","Compositae","Strict","Herb","perennial",0.376404,1,NA
"Braya rosea","Brassicaceae","Generalist","Herb","perennial",1.19266666666667,1,NA
"Bromus sinensis","Poaceae","Strict","Grass","perennial",3.81233333333333,0.1,"ND"
"Bupleurum commelynoideum","Apiaceae","Generalist","Herb","perennial",1.24485,0.04,"MD"
"Calandrinia caespitosa","Portulacaceae","Strict","Herb","perennial",0.5,0.77,NA
"Calceolaria filicaulis","Calceolariaceae","Strict","Herb","perennial",0.0192,0.471479706,NA
"Calceolaria purpurea","Calceolariaceae","Generalist","Herb","annual, perennial",0.0184,0.471479706,NA
"Callistemon pityoides","Myrtaceae","Generalist","Woody","perennial",0.25,1,"PD"
"Callitriche palustris","Plantaginaceae","Generalist","Herb","annual, perennial",0.113666666666667,0.67,NA
"Campanula alpina","Campanulaceae","Strict","Herb","perennial",0.2758,0.19,NA
"Campanula aristata","Campanulaceae","Strict","Herb","perennial",0.0271666666666667,0.19,"PD"
"Campanula barbata","Campanulaceae","Strict","Herb","perennial",0.1055,0.19,"PD"
"Campanula cochleariifolia","Campanulaceae","Generalist","Herb","perennial",0.128884210526316,0.19,"PD"
"Campanula collina","Campanulaceae","Strict","Herb","perennial",0.1254,0.19,NA
"Campanula jacquinii","Campanulaceae","Strict","Herb","perennial",0.128884210526316,0.19,NA
"Campanula latifolia","Campanulaceae","Generalist","Herb","perennial",0.128884210526316,0.19,"MPD"
"Campanula macrorhiza","Campanulaceae","Generalist","Herb","perennial",0.128884210526316,0.19,NA
"Campanula scheuchzeri","Campanulaceae","Strict","Herb","perennial",0.0572,0.19,"PD"
"Campanula thyrsoides","Campanulaceae","Generalist","Herb","perennial",0.0844,0.19,"PD"
"Caragana erinacea","Leguminosae","Generalist","Woody","perennial",28.2428142857143,1,"PY"
"Caragana jubata","Leguminosae","Generalist","Woody","perennial",10.645,1,"PY"
"Cardamine cordata","Brassicaceae","Generalist","Herb","perennial",1.04978181818182,1,NA
"Cardamine robusta","Brassicaceae","Strict","Herb","perennial",1.04978181818182,1,NA
"Cardamine tangutorum","Brassicaceae","Generalist","Herb","perennial",0.204666666666667,1,NA
"Carex aphylla","Cyperaceae","Generalist","Grass","perennial",1.32605406824147,0.06,NA
"Carex asturica","Cyperaceae","Generalist","Grass","perennial",4.4069,0.06,NA
"Carex atrata","Cyperaceae","Strict","Grass","perennial",0.6236,0.06,"PD"
"Carex banksii","Cyperaceae","Generalist","Grass","perennial",1.32605406824147,0.06,NA
"Carex bicolor","Cyperaceae","Strict","Grass","perennial",0.558,0.06,NA
"Carex blakei","Cyperaceae","Strict","Grass","perennial",1.921,0.06,NA
"Carex buxbaumii","Cyperaceae","Generalist","Grass","perennial",1.32605406824147,0.06,"PD"
"Carex capillacea","Cyperaceae","Generalist","Grass","perennial",0.528,0.06,NA
"Carex capillaris","Cyperaceae","Strict","Grass","perennial",1.32605406824147,0.06,"PD"
"Carex cephalotes","Cyperaceae","Generalist","Grass","perennial",0.5508,0.06,NA
"Carex curvula","Cyperaceae","Strict","Grass","perennial",2,0.06,NA
"Carex echinata","Cyperaceae","Generalist","Grass","perennial",0.83,0.06,"PD"
"Carex enervis","Cyperaceae","Generalist","Grass","perennial",0.558483333333333,0.06,"PD"
"Carex firma","Cyperaceae","Strict","Grass","perennial",1.11,0.06,"PD"
"Carex foetida","Cyperaceae","Strict","Grass","perennial",0.408,0.06,NA
"Carex gaudichaudiana","Cyperaceae","Generalist","Grass","perennial",0.951,0.06,NA
"Carex hebes","Cyperaceae","Strict","Grass","perennial",1.3278,0.06,NA
"Carex hypandra","Cyperaceae","Strict","Grass","perennial",0.5362,0.06,NA
"Carex kansuensis","Cyperaceae","Strict","Grass","perennial",0.9247,0.06,"PD"
"Carex lachenalii","Cyperaceae","Strict","Grass","perennial",1.32605406824147,0.06,NA
"Carex microglochin","Cyperaceae","Generalist","Grass","perennial",1.32605406824147,0.06,NA
"Carex przewalskii","Cyperaceae","Generalist","Grass","perennial",0.520333333333333,0.06,"PD"
"Carex pulicaris","Cyperaceae","Generalist","Grass","perennial",1.32605406824147,0.06,"PD"
"Carex rariflora","Cyperaceae","Strict","Grass","perennial",1.32605406824147,0.06,NA
"Carex rostrata","Cyperaceae","Generalist","Grass","perennial",1.32605406824147,0.06,"PD"
"Carex saxatilis","Cyperaceae","Generalist","Grass","perennial",1.32605406824147,0.06,NA
"Carex scabrirostris","Cyperaceae","Strict","Grass","perennial",1.9557,0.06,NA
"Carex sempervirens","Cyperaceae","Generalist","Grass","perennial",1.08,0.06,"PD"
"Carpha nivicola","Cyperaceae","Generalist","Grass","perennial",2.22,0.11,NA
"Carum carvi","Apiaceae","Generalist","Herb","biennial",2.22411111111111,0.08,"MPD"
"Catolobus pendulus","Brassicaceae","Generalist","Herb","biennial",0.249166666666667,1,"PD"
"Celmisia costiniana","Compositae","Strict","Herb","perennial",2.977,1,NA
"Celmisia pugioniformis","Compositae","Generalist","Herb","perennial",2.478,1,NA
"Centaurea nervosa","Compositae","Strict","Herb","perennial",3.4184,1,NA
"Cerastium alpinum","Caryophyllaceae","Strict","Herb","perennial",0.275517073170732,0.74,NA
"Cerastium arcticum","Caryophyllaceae","Strict","Herb","perennial",0.275517073170732,0.74,NA
"Cerastium arvense","Caryophyllaceae","Generalist","Herb","perennial",0.189,0.74,"PD"
"Cerastium cerastoides","Caryophyllaceae","Strict","Herb","perennial",0.275517073170732,0.74,NA
"Cerastium latifolium","Caryophyllaceae","Strict","Herb","perennial",0.35,0.74,NA
"Cerastium pedunculatum","Caryophyllaceae","Strict","Herb","perennial",0.275517073170732,0.74,NA
"Cerastium uniflorum","Caryophyllaceae","Strict","Herb","perennial",0.2556,0.74,NA
"Chaerophyllum australianum","Apiaceae","Generalist","Herb","perennial",1.93,0.02,NA
"Chaerophyllum eriopodum","Apiaceae","Generalist","Herb","annual, perennial",2.45,0.04,NA
"Chaetanthera euphrasioides","Compositae","Generalist","Herb","annual",1.4546,1,NA
"Chaetanthera microphylla","Compositae","Generalist","Herb","annual",0.688,1,NA
"Chamaesium paradoxum","Apiaceae","Strict","Herb","biennial",1.05633333333333,0.06,"MPD"
"Chrysosplenium uniflorum","Saxifragaceae","Generalist","Herb","perennial",0.141333333333333,0.1,NA
"Circaeaster agrestis","Circaeasteraceae","Generalist","Herb","perennial",1.08,0.08410596,NA
"Cirsium arvense","Compositae","Generalist","Herb","perennial",1.25739166666667,1,"PD"
"Cirsium lanatum","Compositae","Generalist","Herb","perennial",3.122,1,"PD"
"Cirsium souliei","Compositae","Generalist","Herb","perennial",4.056,1,NA
"Cirsium spinosissimum","Compositae","Strict","Herb","perennial",2.8964,1,NA
"Clematis tangutica","Ranunculaceae","Generalist","Woody","perennial",1.56087777777778,0.04,"MPD"
"Cochlearia tatrae","Brassicaceae","Strict","Herb","biennial",0.800771428571429,1,NA
"Codonopsis foetens","Campanulaceae","Strict","Herb","perennial",0.5,0.22,NA
"Colobanthus affinis","Caryophyllaceae","Strict","Herb","perennial",0.1256,0.66,NA
"Coluria longifolia","Rosaceae","Generalist","Herb","perennial",1.24481666666667,0.9,"PD"
"Comarum palustre","Rosaceae","Generalist","Herb","perennial",0.32,0.9,"PD"
"Comastoma falcatum","Gentianaceae","Generalist","Herb","annual",0.1,0.21,"PD"
"Comastoma pedunculatum","Gentianaceae","Strict","Herb","annual",0.198666666666667,0.21,"PD"
"Comastoma pulmonarium","Gentianaceae","Strict","Herb","annual",0.276166666666667,0.21,NA
"Comastoma tenellum","Gentianaceae","Strict","Herb","annual",0.0476,0.21,NA
"Convolvulus arvensis","Convolvulaceae","Generalist","Herb","perennial",11.3368333333333,0.87,"PY"
"Cortaderia pilosa","Poaceae","Generalist","Grass","perennial",0.2604,0.2,NA
"Corydalis melanochlora","Papaveraceae","Strict","Herb","perennial",1.49566666666667,0.06,NA
"Craspedia alba","Compositae","Strict","Herb","perennial",0.593064705882353,1,NA
"Craspedia costiniana","Compositae","Strict","Herb","perennial",0.593064705882353,1,NA
"Craspedia lamicola","Compositae","Strict","Herb","perennial",0.9644,1,NA
"Craspedia leucantha","Compositae","Strict","Herb","perennial",0.156,1,NA
"Cremanthodium brunneopilosum","Compositae","Strict","Herb","perennial",1.925,1,"PD"
"Cremanthodium discoideum","Compositae","Strict","Herb","perennial",1.0976,1,NA
"Cremanthodium lineare","Compositae","Generalist","Herb","perennial",1.127,1,"ND"
"Cyananthus hookeri","Campanulaceae","Generalist","Herb","perennial",0.243516666666667,0.22,"PD"
"Delphinium albocoeruleum","Ranunculaceae","Generalist","Herb","perennial",0.726833333333333,0.07,NA
"Delphinium pylzowii","Ranunculaceae","Strict","Herb","perennial",0.4893,0.07,"MD"
"Delphinium souliei","Ranunculaceae","Strict","Herb","perennial",0.237,0.07,NA
"Deschampsia cespitosa","Poaceae","Generalist","Grass","perennial",0.275916666666667,0.11,"PD"
"Deyeuxia flavens","Poaceae","Generalist","Grass","perennial",0.362166666666667,0.2,"PD"
"Dianthus barbatus","Caryophyllaceae","Strict","Herb","biennial, perennial",0.929325,0.41,NA
"Dianthus glacialis","Caryophyllaceae","Strict","Herb","perennial",0.2891,0.41,NA
"Dianthus orientalis","Caryophyllaceae","Generalist","Herb","perennial",0.929325,0.41,NA
"Dichosciadium ranunculaceum","Apiaceae","Strict","Herb","perennial",1.92485,0.06,NA
"Dicranostigma lactucoides","Papaveraceae","Strict","Herb","biennial",0.7147,0.06,NA
"Diplaspis nivis","Apiaceae","Strict","Herb","perennial",1.0392,0.06,NA
"Doronicum austriacum","Compositae","Strict","Herb","perennial",0.831975,1,NA
"Draba eriopoda","Brassicaceae","Generalist","Herb","annual",0.161316666666667,1,"PD"
"Draba gilliesii","Brassicaceae","Generalist","Herb","perennial",0.134833333333333,1,NA
"Draba hoppeana","Brassicaceae","Strict","Herb","perennial",0.134833333333333,1,NA
"Draba ladyginii","Brassicaceae","Generalist","Herb","perennial",0.134833333333333,1,NA
"Draba lanceolata","Brassicaceae","Generalist","Herb","perennial",0.0793333333333333,1,"PD"
"Draba nemorosa","Brassicaceae","Generalist","Herb","annual",0.03015,1,NA
"Draba norvegica","Brassicaceae","Strict","Herb","perennial",0.134833333333333,1,NA
"Draba oreades","Brassicaceae","Generalist","Herb","perennial",0.117666666666667,1,NA
"Draba stylaris","Brassicaceae","Strict","Herb","annual, perennial",0.134833333333333,1,NA
"Dracocephalum heterophyllum","Lamiaceae","Generalist","Herb","perennial",1.96888888888889,1,"PD"
"Dracocephalum tanguticum","Lamiaceae","Strict","Herb","perennial",1.66015,1,"PD"
"Drosera arcturi","Droseraceae","Strict","Herb","perennial",0.0564,0.19,NA
"Dryas octopetala","Rosaceae","Strict","Woody","perennial",0.5526,0.65,"PD"
"Duthiea brachypodium","Poaceae","Strict","Grass","perennial",2.73766666666667,0.2,"PD"
"Eleocharis quinqueflora","Cyperaceae","Generalist","Grass","perennial",0.5674,0.17,"PD"
"Elymus caninus","Poaceae","Generalist","Grass","perennial",6.21781379310345,0.14,"PD"
"Elymus sibiricus","Poaceae","Generalist","Grass","perennial",2.6572,0.14,"PD"
"Epacris celata","Ericaceae","Generalist","Woody","perennial",0.0521424242424242,0.27,NA
"Epacris glacialis","Ericaceae","Strict","Woody","perennial",0.0356,0.27,NA
"Epacris microphylla","Ericaceae","Generalist","Woody","perennial",0.0552,0.27,NA
"Epacris paludosa","Ericaceae","Generalist","Woody","perennial",0.0316,0.27,NA
"Epacris petrophila","Ericaceae","Generalist","Woody","perennial",0.0292,0.27,NA
"Epilobium alsinifolium","Onagraceae","Generalist","Herb","perennial",0.122194827586207,1,NA
"Epilobium angustifolium","Onagraceae","Generalist","Herb","perennial",0.105606666666667,1,"PD"
"Epilobium gunnianum","Onagraceae","Generalist","Herb","perennial",0.0638,1,NA
"Epilobium palustre","Onagraceae","Generalist","Herb","perennial",0.100508333333333,1,"PD"
"Eremogone lychnidea","Caryophyllaceae","Strict","Herb","perennial",0.8581,0.66,NA
"Erigeron bellidioides","Compositae","Generalist","Herb","perennial",0.6972,1,NA
"Erigeron cinereus","Compositae","Generalist","Herb","perennial",0.246122857142857,1,NA
"Erigeron paludicola","Compositae","Strict","Herb","perennial",0.3408,1,NA
"Erigeron pulchellus","Compositae","Strict","Herb","perennial",0.158,1,NA
"Erigeron setosus","Compositae","Generalist","Herb","perennial",0.246122857142857,1,NA
"Eriophorum angustifolium","Cyperaceae","Generalist","Grass","perennial",0.41,0.12,NA
"Eriophorum latifolium","Cyperaceae","Generalist","Grass","perennial",0.47728,0.12,"PD"
"Eriophorum scheuchzeri","Cyperaceae","Strict","Grass","perennial",0.4276,0.12,NA
"Erysimum hungaricum","Brassicaceae","Strict","Herb","biennial",0.812891666666667,1,NA
"Escallonia alpina","Escalloniaceae","Generalist","Woody","perennial",0.0359333333333333,0.122129,NA
"Euphorbia tibetica","Euphorbiaceae","Generalist","Herb","perennial",0.951333333333333,0.48,NA
"Euphrasia collina","Orobanchaceae","Strict","Herb","perennial",0.132233333333333,0.42,NA
"Festuca alpina","Poaceae","Strict","Grass","perennial",1.29257272727273,0.2,NA
"Festuca eskia","Poaceae","Strict","Grass","perennial",1.29257272727273,0.2,NA
"Festuca halleri","Poaceae","Strict","Grass","perennial",1.2496,0.2,NA
"Festuca nitidula","Poaceae","Generalist","Grass","perennial",0.5533,0.2,"PD"
"Festuca norica","Poaceae","Strict","Grass","perennial",1.29257272727273,0.2,NA
"Festuca ovina","Poaceae","Generalist","Grass","perennial",0.412508333333333,0.2,"PD"
"Festuca paniculata","Poaceae","Strict","Grass","perennial",5.192,0.2,"PD"
"Festuca quadriflora","Poaceae","Strict","Grass","perennial",1.29257272727273,0.2,NA
"Festuca rubra","Poaceae","Generalist","Grass","perennial",0.755908333333333,0.2,"PD"
"Festuca scabriculmis","Poaceae","Strict","Grass","perennial",1.29257272727273,0.2,NA
"Festuca sinensis","Poaceae","Generalist","Grass","perennial",0.846377777777778,0.2,"PD"
"Festuca varia","Poaceae","Generalist","Grass","perennial",1.6468,0.2,NA
"Festuca violacea","Poaceae","Strict","Grass","perennial",1.4784,0.2,NA
"Fritillaria legionensis","Liliaceae","Strict","Herb","perennial",3.31386842105263,0.06,NA
"Fritillaria unibracteata","Liliaceae","Strict","Herb","perennial",0.78,0.06,"MPD"
"Galium boreale","Rubiaceae","Generalist","Herb","perennial",0.455333333333333,0.16,"PD"
"Galium montis-arerae","Rubiaceae","Strict","Herb","perennial",0.6704,0.16,NA
"Gaultheria poeppigii","Ericaceae","Generalist","Woody","perennial",0.488391666666667,0.17,NA
"Gaultheria pumila","Ericaceae","Generalist","Woody","perennial",0.1204,0.17,NA
"Gentiana acaulis","Gentianaceae","Strict","Herb","perennial",0.306,0.07,"MPD"
"Gentiana aquatica","Gentianaceae","Generalist","Herb","annual",0.198277777777778,0.07,NA
"Gentiana aristata","Gentianaceae","Generalist","Herb","annual",0.0805,0.07,"PD"
"Gentiana brachyphylla","Gentianaceae","Strict","Herb","perennial",0.23157,0.07,"MPD"
"Gentiana burseri","Gentianaceae","Generalist","Herb","biennial",0.23157,0.07,NA
"Gentiana choanantha","Gentianaceae","Generalist","Herb","annual",0.074,0.07,NA
"Gentiana clusii","Gentianaceae","Strict","Herb","perennial",0.44,0.07,"MPD"
"Gentiana crassuloides","Gentianaceae","Generalist","Herb","annual",0.0733,0.07,"PD"
"Gentiana dahurica","Gentianaceae","Generalist","Herb","perennial",0.226333333333333,0.07,"MPD"
"Gentiana leucomelaena","Gentianaceae","Generalist","Herb","annual",0.05185,0.07,"PD"
"Gentiana nivalis","Gentianaceae","Strict","Herb","perennial",0.027,0.07,"MPD"
"Gentiana nubigena","Gentianaceae","Strict","Herb","perennial",0.281666666666667,0.07,"MPD"
"Gentiana prostrata","Gentianaceae","Generalist","Herb","annual",0.0549833333333333,0.07,NA
"Gentiana punctata","Gentianaceae","Strict","Herb","perennial",0.6989,0.07,"MPD"
"Gentiana sino-ornata","Gentianaceae","Generalist","Herb","perennial",0.23157,0.07,NA
"Gentiana siphonantha","Gentianaceae","Generalist","Herb","perennial",0.362,0.07,NA
"Gentiana straminea","Gentianaceae","Generalist","Herb","perennial",0.2649,0.07,"MPD"
"Gentiana szechenyii","Gentianaceae","Strict","Herb","perennial",0.184666666666667,0.07,"PD"
"Gentiana verna","Gentianaceae","Generalist","Herb","perennial",0.0882666666666667,0.07,"MPD"
"Gentianella amarella","Gentianaceae","Generalist","Herb","annual, biennial",0.201846666666667,0.21,"MPD"
"Gentianella anisodonta","Gentianaceae","Strict","Herb","annual, perennial",0.201846666666667,0.21,NA
"Gentianella muelleriana","Gentianaceae","Strict","Herb","perennial",0.4126,0.21,NA
"Gentianopsis barbata","Gentianaceae","Generalist","Herb","annual, biennial",0.063,0.05,"PD"
"Gentianopsis paludosa","Gentianaceae","Generalist","Herb","annual",0.181111111111111,0.05,"PD"
"Geranium pylzowianum","Geraniaceae","Generalist","Herb","perennial",2.728,1,NA
"Geum montanum","Rosaceae","Strict","Herb","perennial",1.044,1,"PD"
"Geum pyrenaicum","Rosaceae","Generalist","Herb","perennial",1.91604090909091,1,NA
"Geum rivale","Rosaceae","Generalist","Herb","perennial",1.91604090909091,1,"PD"
"Gingidia algens","Apiaceae","Strict","Herb","perennial",4,0.06,NA
"Gnaphalium supinum","Compositae","Strict","Herb","perennial",0.0852,1,NA
"Hedysarum caucasicum","Leguminosae","Generalist","Herb","perennial",6.686,0.98,NA
"Hedysarum sikkimense","Leguminosae","Strict","Herb","perennial",8.17838275862069,0.98,NA
"Helictochloa versicolor","Poaceae","Strict","Grass","perennial",2.13142,0.2,NA
"Helictotrichon marginatum","Poaceae","Generalist","Grass","perennial",1.9624,0.2,NA
"Helictotrichon tibeticum","Poaceae","Generalist","Grass","perennial",2.18833333333333,0.2,"PD"
"Helictotrichon versicolor","Poaceae","Strict","Grass","perennial",1.7768,0.2,NA
"Heracleum millefolium","Apiaceae","Generalist","Herb","perennial",2.32248333333333,0.06,"MPD"
"Heracleum yungningense","Apiaceae","Generalist","Herb","perennial",8.81178518518518,0.06,"MPD"
"Heteropappus gouldii","Compositae","Generalist","Herb","perennial",0.293333333333333,1,"PD"
"Hippuris vulgaris","Plantaginaceae","Generalist","Herb","perennial",0.984011111111111,0.75,"PD"
"Homogyne alpina","Compositae","Generalist","Herb","perennial",1.168,1,"PD"
"Hypochaeris tenuifolia","Compositae","Strict","Herb","perennial",4.4772,1,NA
"Isolepis crassiuscula","Cyperaceae","Generalist","Grass","perennial",0.2728,0.11,NA
"Isolepis setacea","Cyperaceae","Generalist","Grass","annual, perennial",0.104805555555556,0.11,"PD"
"Jacobaea incana","Compositae","Strict","Herb","perennial",1.2195,1,NA
"Jacobaea uniflora","Compositae","Strict","Herb","perennial",0.62245,1,NA
"Jasione cavanillesii","Campanulaceae","Strict","Herb","perennial",0.096,0.22,NA
"Juncus allioides","Juncaceae","Generalist","Grass","perennial",0.0351833333333333,0.15,"PD"
"Juncus amplifolius","Juncaceae","Generalist","Grass","perennial",0.0763333333333333,0.15,"PD"
"Juncus balticus","Juncaceae","Generalist","Grass","perennial",0.04810859375,0.15,"ND"
"Juncus falcatus","Juncaceae","Generalist","Grass","perennial",0.0287,0.15,NA
"Juncus filiformis","Juncaceae","Generalist","Grass","perennial",0.04810859375,0.15,"PD"
"Juncus himalensis","Juncaceae","Generalist","Grass","perennial",0.045,0.15,"PD"
"Juncus monanthos","Juncaceae","Strict","Grass","perennial",0.1588,0.15,NA
"Juncus sphacelatus","Juncaceae","Strict","Grass","perennial",0.04810859375,0.15,NA
"Juncus thomsonii","Juncaceae","Generalist","Grass","perennial",0.0454833333333333,0.15,"PD"
"Juncus trifidus","Juncaceae","Strict","Grass","perennial",0.1525,0.15,NA
"Juncus triglumis","Juncaceae","Strict","Grass","perennial",0.04810859375,0.15,NA
"Jurinea humilis","Compositae","Generalist","Herb","perennial",5.5759,1,NA
"Kelleria dieffenbachii","Thymelaeaceae","Strict","Woody","perennial",0.155,0.99,NA
"Kobresia capillifolia","Cyperaceae","Generalist","Grass","perennial",1.811,0.08,"PD"
"Kobresia humilis","Cyperaceae","Generalist","Grass","perennial",0.446333333333333,0.08,NA
"Kobresia kansuensis","Cyperaceae","Strict","Grass","perennial",0.989544444444445,0.08,"PD"
"Kobresia macrantha","Cyperaceae","Generalist","Grass","perennial",0.705,0.08,NA
"Kobresia myosuroides","Cyperaceae","Strict","Grass","perennial",1.4343,0.08,"PD"
"Kobresia pygmaea","Cyperaceae","Strict","Grass","perennial",0.8815,0.08,NA
"Kobresia setschwanensis","Cyperaceae","Generalist","Grass","perennial",1.35966666666667,0.08,NA
"Kobresia simpliciuscula","Cyperaceae","Strict","Grass","perennial",0.483,0.08,NA
"Kobresia tibetica","Cyperaceae","Generalist","Grass","perennial",0.9745,0.08,NA
"Koeleria litvinowii","Poaceae","Strict","Grass","perennial",0.2673,0.06,"PD"
"Kunzea muelleri","Myrtaceae","Strict","Woody","perennial",0.17065,1,NA
"Lagotis brachystachya","Plantaginaceae","Strict","Herb","perennial",11.695,0.48,NA
"Lancea tibetica","Phrymaceae","Generalist","Herb","perennial",0.107677777777778,0.86,"PD"
"Laretia acaulis","Apiaceae","Strict","Woody","perennial",8.9281,0.04,NA
"Leibnitzia nepalensis","Compositae","Strict","Herb","perennial",1.30716666666667,1,NA
"Leontodon hispidus","Compositae","Generalist","Herb","perennial",1.2,1,"ND"
"Leontopodium nanum","Compositae","Generalist","Herb","perennial",0.161,1,NA
"Leontopodium nivale","Compositae","Strict","Herb","perennial",0.1366,1,NA
"Leontopodium ochroleucum","Compositae","Generalist","Herb","perennial",0.127666666666667,1,NA
"Leontopodium souliei","Compositae","Generalist","Herb","perennial",0.118516666666667,1,"PD"
"Lepidium apetalum","Brassicaceae","Generalist","Herb","annual, biennial",0.204377777777778,1,"PD"
"Lepidium capitatum","Brassicaceae","Generalist","Herb","annual, biennial",0.981592307692308,1,NA
"Lepidium latifolium","Brassicaceae","Generalist","Herb","perennial",0.1805,1,NA
"Leucanthemopsis alpina","Compositae","Strict","Herb","perennial",0.3801,1,NA
"Leucochrysum alpinum","Compositae","Generalist","Herb","perennial",0.91545,1,NA
"Ligularia macrodonta","Compositae","Generalist","Herb","perennial",1.66481666666667,1,"PD"
"Ligularia virgaurea","Compositae","Generalist","Herb","perennial",1.44467777777778,1,"PD"
"Lilium martagon","Liliaceae","Generalist","Herb","perennial",5.01936818181818,0.12,"MPD"
"Linaria alpina","Plantaginaceae","Strict","Herb","perennial",0.470878787878788,0.48,NA
"Linaria tonzigii","Plantaginaceae","Strict","Herb","perennial",0.4333,0.48,NA
"Lloydia oxycarpa","Liliaceae","Generalist","Herb","perennial",0.533,0.06,"MPD"
"Loasa caespitosa","Loasaceae","Strict","Herb","perennial",6.19973333333333,0.66,NA
"Lomatogonium carinthiacum","Gentianaceae","Generalist","Herb","annual",0.102766666666667,0.14,"PD"
"Lomatogonium gamosepalum","Gentianaceae","Generalist","Herb","annual",0.118333333333333,0.14,NA
"Lomatogonium macranthum","Gentianaceae","Generalist","Herb","annual",0.164016666666667,0.14,"PD"
"Lonicera pyrenaica","Caprifoliaceae","Generalist","Woody","perennial",11.5425184210526,0.05,NA
"Luzula acutifolia","Juncaceae","Strict","Grass","perennial",0.546,0.1,NA
"Luzula alpinopilosa","Juncaceae","Strict","Grass","perennial",0.2526,0.1,NA
"Luzula brachyphylla","Juncaceae","Generalist","Grass","perennial",0.536928571428571,0.1,NA
"Luzula lutea","Juncaceae","Strict","Grass","perennial",0.536928571428571,0.1,NA
"Luzula modesta","Juncaceae","Generalist","Grass","perennial",0.5592,0.1,NA
"Luzula nivea","Juncaceae","Generalist","Grass","perennial",0.536928571428571,0.1,NA
"Luzula spicata","Juncaceae","Strict","Grass","perennial",0.263,0.1,"PD"
"Madia sativa","Compositae","Generalist","Herb","annual",3.1,0.99,"PD"
"Matricaria breviradiata","Compositae","Strict","Herb","annual",0.4236,1,NA
"Meconopsis horridula","Papaveraceae","Strict","Herb","perennial",0.181766666666667,0.06,"MPD"
"Meconopsis integrifolia","Papaveraceae","Generalist","Herb","perennial",0.46465,0.06,"MPD"
"Meconopsis punicea","Papaveraceae","Generalist","Herb","perennial",0.5317,0.06,"MPD"
"Meconopsis quintuplinervia","Papaveraceae","Generalist","Herb","perennial",0.8135,0.06,"MPD"
"Megacarpaea delavayi","Brassicaceae","Strict","Herb","perennial",6.811,1,"PD"
"Microgynoecium tibeticum","Amaranthaceae","Strict","Herb","annual",0.374,0.67,NA
"Microseris lanceolata","Compositae","Generalist","Herb","perennial",2.08,1,"PD"
"Microsteris gracilis","Polemoniaceae","Generalist","Herb","annual",1.148,0.75,"PD"
"Microula sikkimensis","Boraginaceae","Generalist","Herb","perennial",0.507333333333333,0.89,NA
"Microula tangutica","Boraginaceae","Strict","Herb","perennial",0.507333333333333,0.89,NA
"Minuartia laricifolia","Caryophyllaceae","Generalist","Herb","perennial",0.457582857142857,0.66,NA
"Minuartia sedoides","Caryophyllaceae","Strict","Herb","perennial",0.457582857142857,0.66,NA
"Minuartia verna","Caryophyllaceae","Generalist","Herb","perennial",0.18,0.66,NA
"Mniarum biflorum","Caryophyllaceae","Generalist","Herb","perennial",0.44,0.66,NA
"Montiopsis gayana","Montiaceae","Generalist","Herb","perennial",0.4872,0.77,NA
"Mutisia sinuata","Compositae","Generalist","Woody","perennial",42.1384571428571,1,NA
"Myosotis alpestris","Boraginaceae","Strict","Herb","perennial",0.85,1,NA
"Nardostachys jatamansi","Caprifoliaceae","Generalist","Herb","perennial",4.17148333333333,0.34,"PD"
"Nardus stricta","Poaceae","Generalist","Grass","perennial",0.4,0.2,"PD"
"Nassauvia lagascae","Compositae","Generalist","Herb","perennial",0.93242,1,NA
"Nassauvia pinnigera","Compositae","Strict","Woody","perennial",1.1,1,NA
"Nassauvia revoluta","Compositae","Generalist","Herb, Woody","perennial",0.93242,1,NA
"Nastanthus scapigerus","Calyceraceae","Generalist","Herb","perennial",7.1784,0.447914719,NA
"Neopaxia australasica","Portulacaceae","Generalist","Herb","perennial",0.7522,0.79,NA
"Nepeta coerulescens","Lamiaceae","Strict","Herb","perennial",0.9984,1,NA
"Nepeta prattii","Lamiaceae","Generalist","Herb","perennial",1.20916666666667,1,"PD"
"Nicotiana corymbosa","Solanaceae","Generalist","Herb","annual",0.138,0.48,NA
"Nothoscordum andinum","Amaryllidaceae","Generalist","Herb","perennial",2.476,0.16,NA
"Notopterygium franchetii","Apiaceae","Generalist","Herb","perennial",1.4347,0.06,"MPD"
"Notopterygium incisum","Apiaceae","Generalist","Herb","perennial",4.50418333333333,0.06,"MPD"
"Olearia algida","Compositae","Generalist","Woody","perennial",0.419,1,NA
"Olearia phlogopappa","Compositae","Generalist","Woody","perennial",0.6016,1,NA
"Olsynium junceum","Iridaceae","Generalist","Herb","perennial",0.705,0.09,NA
"Olsynium philippii","Iridaceae","Strict","Herb","perennial",5.425,0.09,NA
"Oreobolus distichus","Cyperaceae","Strict","Grass","perennial",0.6524,0.11,NA
"Oxylobium ellipticum","Leguminosae","Generalist","Woody","perennial",3.87,0.97,NA
"Oxyria digyna","Polygonaceae","Strict","Herb","perennial",0.75,0.39,NA
"Oxytropis campestris","Leguminosae","Strict","Herb","perennial",3.88143333333333,0.97,"PY"
"Oxytropis falcata","Leguminosae","Generalist","Herb","perennial",12.4093,0.98,"PY"
"Oxytropis lapponica","Leguminosae","Strict","Herb","perennial",3.88143333333333,0.98,NA
"Oxytropis ochrocephala","Leguminosae","Generalist","Herb","perennial",1.7316,0.98,"PY"
"Ozothamnus alpinus","Compositae","Strict","Woody","perennial",0.2876,1,NA
"Ozothamnus cupressoides","Compositae","Generalist","Woody","perennial",0.1714,1,NA
"Ozothamnus hookeri","Compositae","Generalist","Woody","perennial",0.112,1,NA
"Papaver alpinum","Papaveraceae","Strict","Herb","perennial",0.1774,0.17,"MPD"
"Paraquilegia microphylla","Ranunculaceae","Generalist","Herb","perennial",0.2647,0.04,"MPD"
"Parnassia brevistyla","Celastraceae","Generalist","Herb","perennial",0.0516666666666667,0.64,"PD"
"Parnassia trinervis","Celastraceae","Strict","Herb","perennial",0.0392333333333333,0.76,"PD"
"Pedicularis alaschanica","Orobanchaceae","Strict","Herb","perennial",1.24245555555556,0.32,"PD"
"Pedicularis cheilanthifolia","Orobanchaceae","Generalist","Herb","perennial",0.593433333333333,0.32,"PD"
"Pedicularis kansuensis","Orobanchaceae","Generalist","Herb","annual, biennial",0.662222222222222,0.32,"PD"
"Pedicularis lachnoglossa","Orobanchaceae","Generalist","Herb","perennial",1.53748333333333,0.32,"PD"
"Pedicularis lasiophrys","Orobanchaceae","Generalist","Herb","perennial",0.448673333333333,0.32,"PD"
"Pedicularis longiflora","Orobanchaceae","Generalist","Herb","annual",1.07133333333333,0.32,"PD"
"Pedicularis pseudoingens","Orobanchaceae","Strict","Herb","perennial",0.533666666666667,0.32,NA
"Pedicularis rhinanthoides","Orobanchaceae","Generalist","Herb","perennial",0.840166666666667,0.32,"PD"
"Pedicularis szetschuanica","Orobanchaceae","Strict","Herb","annual",0.381,0.32,NA
"Pedicularis ternata","Orobanchaceae","Strict","Herb","perennial",0.4637,0.32,"PD"
"Pedicularis tuberosa","Orobanchaceae","Strict","Herb","perennial",0.5448,0.32,NA
"Pelargonium helmsii","Geraniaceae","Strict","Herb","perennial",1.05,1,NA
"Pennisetum centrasiaticum","Poaceae","Generalist","Grass","perennial",0.4727,0.41,"PD"
"Pentachondra pumila","Ericaceae","Strict","Woody","perennial",0.9,0.27,NA
"Perezia pedicularidifolia","Compositae","Generalist","Herb","perennial",2.345,1,NA
"Persicaria vivipara","Polygonaceae","Strict","Herb","perennial",1.878,0.68,NA
"Phleum alpinum","Poaceae","Strict","Grass","perennial",0.38,0.19,NA
"Phlomoides rotata","Lamiaceae","Generalist","Herb","perennial",3.799,0.93,NA
"Phyteuma hemisphaericum","Campanulaceae","Strict","Herb","perennial",0.118355555555556,0.22,NA
"Phyteuma sieberi","Campanulaceae","Strict","Herb","perennial",0.118355555555556,0.22,"PD"
"Pilosella officinarum","Compositae","Generalist","Herb","perennial",0.19785,1,NA
"Pimelea axiflora","Thymelaeaceae","Generalist","Woody","perennial",2.5132,0.99,NA
"Pimelea ligustrina","Thymelaeaceae","Generalist","Woody","perennial",3.2015,0.99,NA
"Pinguicula leptoceras","Lentibulariaceae","Generalist","Herb","perennial",0.0235,1,NA
"Piptatherum munroi","Poaceae","Generalist","Grass","perennial",1.56533333333333,0.2,"PD"
"Plantago alpina","Plantaginaceae","Strict","Herb","perennial",0.6,0.72,NA
"Plantago atrata","Plantaginaceae","Strict","Herb","perennial",3.0744,0.72,NA
"Plantago depressa","Plantaginaceae","Generalist","Herb","annual",0.358988888888889,0.72,"PD"
"Plantago glacialis","Plantaginaceae","Strict","Herb","perennial",0.918788607594937,0.72,NA
"Plantago muelleri","Plantaginaceae","Strict","Herb","perennial",0.918788607594937,0.72,NA
"Plantago nivalis","Plantaginaceae","Strict","Herb","perennial",0.918788607594937,0.72,NA
"Pleurospermum hookeri","Apiaceae","Generalist","Herb","biennial, perennial",1.55833333333333,0.06,"MPD"
"Pleurospermum wilsonii","Apiaceae","Strict","Herb","biennial, perennial",5.35,0.06,"MPD"
"Pleurospermum wrightianum","Apiaceae","Strict","Herb","biennial, perennial",5.35,0.06,NA
"Poa alpina","Poaceae","Strict","Grass","perennial",0.3592,0.12,"PD"
"Poa annua","Poaceae","Generalist","Grass","annual, perennial",0.2507,0.12,"PD"
"Poa attenuata","Poaceae","Strict","Grass","perennial",0.517711111111111,0.12,"PD"
"Poa costiniana","Poaceae","Generalist","Grass","perennial",0.412,0.12,NA
"Poa hiemata","Poaceae","Generalist","Grass","perennial",0.356,0.12,NA
"Poa phillipsiana","Poaceae","Generalist","Grass","perennial",0.4161,0.12,NA
"Poa pratensis","Poaceae","Generalist","Grass","perennial",0.128516666666667,0.12,"PD"
"Poa sikkimensis","Poaceae","Strict","Grass","annual, perennial",0.292,0.12,"PD"
"Poa szechuensis","Poaceae","Generalist","Grass","annual, perennial",0.21115,0.12,"PD"
"Podolepis robusta","Compositae","Generalist","Herb","perennial",0.628,1,NA
"Podospermum canum","Compositae","Generalist","Herb","perennial",3.2798,1,NA
"Polygala alpina","Polygalaceae","Strict","Herb","perennial",36.7580028571429,0.83,NA
"Polygonum fertile","Polygonaceae","Generalist","Herb","annual",1.12133333333333,0.47,"ND"
"Polygonum macrophyllum","Polygonaceae","Generalist","Herb","perennial",1.06622222222222,0.47,NA
"Polygonum sibiricum","Polygonaceae","Generalist","Herb","perennial",1.28865555555556,0.47,"PD"
"Polygonum sparsipilosum","Polygonaceae","Generalist","Herb","annual",0.87915,0.47,"PD"
"Pomatosace filicula","Primulaceae","Generalist","Herb","perennial",0.686111111111111,0.3,"PD"
"Potentilla aurea","Rosaceae","Strict","Herb","perennial",0.329940625,0.88,"PD"
"Potentilla crantzii","Rosaceae","Strict","Herb","perennial",0.329940625,0.88,NA
"Potentilla grandiflora","Rosaceae","Generalist","Herb","perennial",0.329940625,0.88,NA
"Potentilla multifida","Rosaceae","Generalist","Herb","perennial",0.327683333333333,0.88,"PD"
"Potentilla pamiroalaica","Rosaceae","Strict","Herb","perennial",0.466766666666667,0.88,NA
"Potentilla potaninii","Rosaceae","Generalist","Herb","perennial",0.254233333333333,0.88,"PD"
"Potentilla saundersiana","Rosaceae","Generalist","Herb","perennial",0.2345,0.88,"PD"
"Primula agleniana","Primulaceae","Strict","Herb","perennial",0.115,0.46,NA
"Primula algida","Primulaceae","Strict","Herb","perennial",0.372251724137931,0.46,NA
"Primula auricula","Primulaceae","Strict","Herb","perennial",0.24925,0.46,"PD"
"Primula auriculata","Primulaceae","Strict","Herb","perennial",0.372251724137931,0.46,NA
"Primula daonensis","Primulaceae","Strict","Herb","perennial",0.372251724137931,0.46,"PD"
"Primula farinosa","Primulaceae","Generalist","Herb","perennial",0.07,0.46,"PD"
"Primula gemmifera","Primulaceae","Generalist","Herb","perennial",0.157333333333333,0.46,"PD"
"Primula glaucescens","Primulaceae","Generalist","Herb","perennial",0.28,0.46,"PD"
"Primula integrifolia","Primulaceae","Strict","Herb","perennial",0.372251724137931,0.46,"PD"
"Primula minima","Primulaceae","Strict","Herb","perennial",0.1484,0.46,"PD"
"Primula orbicularis","Primulaceae","Strict","Herb","perennial",0.190333333333333,0.46,"PD"
"Primula secundiflora","Primulaceae","Strict","Herb","perennial",0.372251724137931,0.46,NA
"Primula stenocalyx","Primulaceae","Generalist","Herb","perennial",0.03,0.46,"PD"
"Primula tangutica","Primulaceae","Strict","Herb","perennial",0.1115,0.46,"PD"
"Prostanthera cuneata","Lamiaceae","Generalist","Woody","perennial",1.4016,0.93,NA
"Psychrophila introloba","Ranunculaceae","Strict","Herb","perennial",0.8792,0.04,NA
"Pterocephalus hookeri","Caprifoliaceae","Generalist","Herb","perennial",2.89833333333333,0.34,NA
"Ptilagrostis dichotoma","Poaceae","Strict","Grass","perennial",0.85615,0.2,"ND"
"Pyrethrum tatsienense","Compositae","Strict","Herb","perennial",0.448483333333333,1,"ND"
"Ranunculus acrophilus","Ranunculaceae","Strict","Herb","perennial",1.57561958762887,0.04,NA
"Ranunculus anemoneus","Ranunculaceae","Strict","Herb","perennial",2.9575,0.04,NA
"Ranunculus brotherusii","Ranunculaceae","Generalist","Herb","perennial",0.368011111111111,0.04,"MPD"
"Ranunculus clivicola","Ranunculaceae","Strict","Herb","perennial",1.57561958762887,0.04,NA
"Ranunculus dissectifolius","Ranunculaceae","Strict","Herb","perennial",1.57561958762887,0.04,NA
"Ranunculus graniticola","Ranunculaceae","Generalist","Herb","perennial",1.7748,0.04,NA
"Ranunculus gunnianus","Ranunculaceae","Strict","Herb","perennial",2.1368,0.04,NA
"Ranunculus kamchaticus","Ranunculaceae","Generalist","Herb","perennial",2.4067,0.04,NA
"Ranunculus lappaceus","Ranunculaceae","Generalist","Herb","perennial",2.7941,0.04,NA
"Ranunculus montanus","Ranunculaceae","Generalist","Herb","perennial",1.57561958762887,0.04,NA
"Ranunculus muelleri","Ranunculaceae","Strict","Herb","perennial",1.4172,0.04,NA
"Ranunculus niphophilus","Ranunculaceae","Strict","Herb","perennial",1.57561958762887,0.04,NA
"Ranunculus pimpinellifolius","Ranunculaceae","Generalist","Herb","perennial",1.57561958762887,0.04,NA
"Reynoutria multiflora","Polygonaceae","Generalist","Herb","perennial",7.017,0.56,NA
"Rheum palmatum","Polygonaceae","Generalist","Herb","perennial",10.054,0.63,NA
"Rhinanthus glacialis","Orobanchaceae","Generalist","Herb","annual",2.25423,0.21,NA
"Rhodiola kirilowii","Crassulaceae","Generalist","Herb","perennial",0.122975,1,"PD"
"Rhodiola macrocarpa","Crassulaceae","Generalist","Herb","perennial",0.0443,1,"PD"
"Rhodiola tangutica","Crassulaceae","Generalist","Herb","perennial",0.179666666666667,1,NA
"Rhododendron ferrugineum","Ericaceae","Strict","Woody","perennial",0.028,0.25,"PD"
"Rhodophiala andicola","Amaryllidaceae","Generalist","Herb","perennial",11.62055,0.3,NA
"Ribes petraeum","Grossulariaceae","Generalist","Woody","perennial",4.52595869565217,0.02,"PD"
"Richea continentis","Ericaceae","Strict","Woody, Subshrub?","perennial",0.0648,0.27,NA
"Roegneria breviglumis","Poaceae","Strict","Grass","perennial",3.84933333333333,0.2,"PD"
"Rorippa elata","Brassicaceae","Generalist","Herb","annual, perennial",0.237666666666667,1,NA
"Rumex alpestris","Polygonaceae","Strict","Herb","perennial",1.2168,0.5,NA
"Rumex nepalensis","Polygonaceae","Generalist","Herb","perennial",3.37636666666667,0.5,"ND"
"Rumex suffruticosus","Polygonaceae","Strict","Herb","perennial",1.1488,0.5,NA
"Rytidosperma alpicola","Poaceae","Strict","Grass","perennial",0.751082352941176,0.2,NA
"Rytidosperma nudiflorum","Poaceae","Generalist","Grass","perennial",1.275,0.2,NA
"Rytidosperma pictum","Poaceae","Generalist","Grass","perennial",0.751082352941176,0.2,NA
"Rytidosperma pumilum","Poaceae","Generalist","Grass","perennial",0.751082352941176,0.2,NA
"Sagina saginoides","Caryophyllaceae","Strict","Herb","perennial",0.0429583333333333,0.74,NA
"Sanguisorba filiformis","Rosaceae","Generalist","Herb","perennial",0.708333333333333,1,NA
"Sanicula graveolens","Apiaceae","Generalist","Herb","perennial",2.655,0.04,NA
"Saponaria lutea","Caryophyllaceae","Strict","Herb","perennial",0.678,0.56,NA
"Saussurea globosa","Compositae","Strict","Herb","perennial",1.8473,1,"PD"
"Saussurea graminea","Compositae","Strict","Herb","perennial",2.37433333333333,1,"PD"
"Saussurea hieracioides","Compositae","Strict","Herb","perennial",2.05911111111111,1,"PD"
"Saussurea kansuensis","Compositae","Strict","Herb","perennial",2.15533333333333,1,"PD"
"Saussurea pachyneura","Compositae","Strict","Herb","perennial",1.10166666666667,1,NA
"Saussurea przewalskii","Compositae","Strict","Herb","perennial",2.11966666666667,1,"PD"
"Saussurea stella","Compositae","Generalist","Herb","perennial",1.50933333333333,1,"PD"
"Saussurea sylvatica","Compositae","Generalist","Herb","perennial",1.96751666666667,1,"PD"
"Saxifraga aizoides","Saxifragaceae","Generalist","Herb","perennial",0.05,0.33,"MPD"
"Saxifraga bryoides","Saxifragaceae","Strict","Herb","perennial",0.0302,0.33,"MPD"
"Saxifraga caesia","Saxifragaceae","Strict","Herb","perennial",0.0581075471698113,0.33,"MPD"
"Saxifraga cespitosa","Saxifragaceae","Strict","Herb","perennial",0.0581075471698113,0.33,NA
"Saxifraga egregia","Saxifragaceae","Generalist","Herb","perennial",0.0211666666666667,0.33,"PD"
"Saxifraga exarata","Saxifragaceae","Strict","Herb","perennial",0.089,0.33,NA
"Saxifraga heleonastes","Saxifragaceae","Strict","Herb","perennial",0.0746666666666667,0.33,NA
"Saxifraga hirculus","Saxifragaceae","Generalist","Herb","perennial",0.0581075471698113,0.33,"ND"
"Saxifraga hostii","Saxifragaceae","Generalist","Herb","perennial",0.26,0.33,NA
"Saxifraga melanocentra","Saxifragaceae","Strict","Herb","perennial",0.0446666666666667,0.33,NA
"Saxifraga montana","Saxifragaceae","Generalist","Herb","perennial",0.0358166666666667,0.33,"PD"
"Saxifraga nivalis","Saxifragaceae","Strict","Herb","perennial",0.0581075471698113,0.33,"PD"
"Saxifraga oppositifolia","Saxifragaceae","Strict","Herb","perennial",0.11,0.33,"MPD"
"Saxifraga paniculata","Saxifragaceae","Generalist","Herb","perennial",0.0625,0.33,"MPD"
"Saxifraga rivularis","Saxifragaceae","Strict","Herb","perennial",0.0581075471698113,0.33,NA
"Saxifraga stellaris","Saxifragaceae","Strict","Herb","perennial",0.0352,0.33,"MPD"
"Saxifraga tangutica","Saxifragaceae","Generalist","Herb","perennial",0.0581075471698113,0.33,NA
"Schizanthus grahamii","Solanaceae","Generalist","Herb","annual, biennial",1.2261,0.47,NA
"Schizanthus hookeri","Solanaceae","Generalist","Herb","annual, biennial",1.5,0.47,NA
"Scleranthus singuliflorus","Caryophyllaceae","Strict","Herb","perennial",0.543333333333333,0.72,NA
"Scorzoneroides cantabrica","Compositae","Strict","Herb","perennial",0.88475,1,NA
"Scorzoneroides helvetica","Compositae","Strict","Herb","perennial",1.71,1,NA
"Sedum ulricae","Crassulaceae","Strict","Herb","annual",0.218,1,"PD"
"Sedum villosum","Crassulaceae","Generalist","Herb","annual, biennial",0.0536916666666667,1,"PD"
"Senecio bipontinii","Compositae","Generalist","Herb","perennial",0.992407317073171,1,NA
"Senecio chionophilus","Compositae","Strict","Woody","perennial",0.992407317073171,1,NA
"Senecio doronicum","Compositae","Strict","Herb","perennial",0.28,1,NA
"Senecio dubitabilis","Compositae","Generalist","Herb","annual",0.268655555555556,1,"PD"
"Senecio eruciformis","Compositae","Generalist","Woody","perennial",0.6128,1,NA
"Senecio gunnii","Compositae","Generalist","Herb","perennial",0.253,1,NA
"Senecio squalidus","Compositae","Generalist","Herb","annual, perennial",0.287166666666667,1,NA
"Senecio thianschanicus","Compositae","Generalist","Herb","perennial",0.992407317073171,1,NA
"Sesleria albicans","Poaceae","Generalist","Grass","perennial",0.32,0.09,NA
"Sesleria caerulea","Poaceae","Generalist","Grass","perennial",1.3264,0.09,NA
"Sesleria sphaerocephala","Poaceae","Strict","Grass","perennial",1.9814,0.09,NA
"Sibbaldia procumbens","Rosaceae","Strict","Herb","perennial",0.758833333333333,1,NA
"Silene acaulis","Caryophyllaceae","Strict","Herb","perennial",0.3596,0.61,"PD"
"Silene andicola","Caryophyllaceae","Strict","Herb","perennial",0.621213836477987,0.61,NA
"Silene ciliata","Caryophyllaceae","Generalist","Herb","perennial",0.621213836477987,0.61,NA
"Silene himalayensis","Caryophyllaceae","Generalist","Herb","perennial",0.621213836477987,0.61,"ND"
"Silene rupestris","Caryophyllaceae","Generalist","Herb","perennial",0.0696,0.61,"PD"
"Silene suecica","Caryophyllaceae","Strict","Herb","perennial",0.0695,0.61,NA
"Silene vallesia","Caryophyllaceae","Generalist","Herb","perennial",0.6768,0.61,NA
"Silene vulgaris","Caryophyllaceae","Generalist","Herb","perennial",0.912,0.61,NA
"Sinochasea trigyna","Poaceae","Strict","Grass","perennial",2.12298333333333,0.2,"PD"
"Sinopodophyllum hexandrum","Berberidaceae","Strict","Herb","perennial",27.3323,0.08,"MPD"
"Sisymbrium heteromallum","Brassicaceae","Generalist","Herb","annual",0.241,1,"PD"
"Sisyrinchium arenarium","Iridaceae","Generalist","Herb","perennial",3.09,0.11,NA
"Sisyrinchium pearcei","Iridaceae","Generalist","Herb","perennial",1.21891388888889,0.11,NA
"Smelowskia tibetica","Brassicaceae","Strict","Herb","perennial",0.213333333333333,1,NA
"Soldanella alpina","Primulaceae","Strict","Herb","perennial",0.21,0.3,"ND"
"Solidago virgaurea","Compositae","Generalist","Herb","perennial",0.468583333333333,1,"PD"
"Spiraea mongolica","Rosaceae","Generalist","Woody","perennial",0.508189473684211,0.73,NA
"Stachys grandidentata","Lamiaceae","Generalist","Herb","perennial",2.1696,0.77,NA
"Stackhousia monogyna","Celastraceae","Generalist","Herb","perennial",2.6304,0.64,"PD"
"Stackhousia pulvinaris","Celastraceae","Strict","Herb","perennial",1.778,0.64,NA
"Stellaria decumbens","Caryophyllaceae","Strict","Herb","perennial",0.28575,0.69,NA
"Stellaria uda","Caryophyllaceae","Generalist","Herb","perennial",0.298666666666667,0.69,"ND"
"Stephanachne nigrescens","Poaceae","Strict","Grass","perennial",2.44935,0.2,"PD"
"Stipa aliena","Poaceae","Generalist","Grass","perennial",4.054,0.12,"PD"
"Stipa breviflora","Poaceae","Generalist","Grass","perennial",1.83833333333333,0.12,NA
"Stipa capillacea","Poaceae","Generalist","Grass","perennial",5.483,0.12,"PD"
"Stipa concinna","Poaceae","Strict","Grass","perennial",0.6235,0.12,"PD"
"Stipa pappiformis","Poaceae","Strict","Grass","perennial",0.692333333333333,0.12,NA
"Stipa regeliana","Poaceae","Generalist","Grass","perennial",4.0185,0.12,"PD"
"Stipa splendens","Poaceae","Generalist","Grass","perennial",1.76816666666667,0.12,"PD"
"Stylidium graminifolium","Stylidiaceae","Generalist","Herb","perennial",0.182,0.010899,"PD"
"Swertia bifolia","Gentianaceae","Generalist","Herb","perennial",0.158483333333333,0.21,"PD"
"Swertia erythrosticta","Gentianaceae","Generalist","Herb","perennial",0.0707,0.21,"PD"
"Swertia wolfgangiana","Gentianaceae","Generalist","Herb","perennial",0.12,0.21,"PD"
"Taraxacum alpinum","Compositae","Strict","Herb","perennial",0.58,1,NA
"Taraxacum confusum","Compositae","Strict","Herb","perennial",0.630006666666667,1,NA
"Taraxacum stevenii","Compositae","Strict","Herb","perennial",0.630006666666667,1,NA
"Tasmannia xerophila","Winteraceae","Generalist","Woody","perennial",28.85,0.001,NA
"Teesdaliopsis conferta","Brassicaceae","Strict","Herb","perennial",1.6276,1,NA
"Teucrium chamaedrys","Lamiaceae","Generalist","Herb","perennial",2.47399090909091,0.93,"PD"
"Thalictrum alpinum","Ranunculaceae","Generalist","Herb","perennial",0.759544444444444,0.04,"MPD"
"Thalictrum rutifolium","Ranunculaceae","Generalist","Herb","perennial",1.33581666666667,0.04,"MPD"
"Thlaspi caerulescens","Brassicaceae","Generalist","Herb","biennial",1.09429090909091,1,NA
"Tibetia himalaica","Leguminosae","Strict","Herb","perennial",2.13966666666667,0.97,"PY"
"Tofieldia pusilla","Tofieldiaceae","Strict","Herb","perennial",0.0367,0.27,NA
"Tongoloa elata","Apiaceae","Generalist","Herb","perennial",0.54265,0.06,"MPD"
"Tongoloa gracilis","Apiaceae","Generalist","Herb","perennial",0.847666666666667,0.06,NA
"Trichophorum distigmaticum","Cyperaceae","Generalist","Grass","perennial",2.44865,0.11,"PD"
"Trichophorum pumilum","Cyperaceae","Generalist","Grass","perennial",0.65,0.11,NA
"Trifolium alpinum","Leguminosae","Strict","Herb","perennial",1.66077153846154,0.99,"PY"
"Trifolium badium","Leguminosae","Strict","Herb","perennial",0.75,0.99,NA
"Trifolium pallescens","Leguminosae","Strict","Herb","perennial",0.62,0.99,NA
"Trifolium polyphyllum","Leguminosae","Strict","Herb","perennial",1.66077153846154,0.99,NA
"Trifolium pratense","Leguminosae","Generalist","Herb","perennial",1.414,0.99,"PY"
"Trifolium thalii","Leguminosae","Strict","Herb","perennial",1.2688,0.99,NA
"Triglochin palustris","Juncaginaceae","Generalist","Herb","perennial",1.10888888888889,1,"PD"
"Trisetum clarkei","Poaceae","Generalist","Grass","perennial",0.251316666666667,0.2,"PD"
"Trisetum spicatum","Poaceae","Generalist","Grass","perennial",0.417,0.04,NA
"Tristagma bivalve","Amaryllidaceae","Generalist","Herb","perennial",1.089398,0.3,NA
"Trollius europaeus","Ranunculaceae","Generalist","Herb","perennial",0.9868,0.07,"MPD"
"Trollius farreri","Ranunculaceae","Strict","Herb","perennial",0.501666666666667,0.07,"MPD"
"Urtica hyperborea","Urticaceae","Strict","Herb","perennial",0.253333333333333,0.76,NA
"Veronica allionii","Plantaginaceae","Strict","Herb","perennial",0.411056470588235,0.34,NA
"Veronica alpina","Plantaginaceae","Strict","Herb","perennial",0.049,0.34,"PD"
"Veronica aphylla","Plantaginaceae","Strict","Herb","perennial",0.411056470588235,0.34,"PD"
"Veronica bellidioides","Plantaginaceae","Strict","Herb","perennial",0.11,0.34,"PD"
"Veronica ciliata","Plantaginaceae","Generalist","Herb","perennial",0.102983333333333,0.34,"PD"
"Veronica eriogyne","Plantaginaceae","Generalist","Herb","perennial",0.0603333333333333,0.34,"PD"
"Veronica fruticans","Plantaginaceae","Strict","Woody","perennial",0.603,0.34,"PD"
"Veronica perfoliata","Plantaginaceae","Generalist","Herb","perennial",0.3,0.34,NA
"Veronica szechuanica","Plantaginaceae","Generalist","Herb","perennial",0.255983333333333,0.34,"PD"
"Veronica vandellioides","Plantaginaceae","Generalist","Herb","perennial",0.148333333333333,0.34,NA
"Vicia multicaulis","Leguminosae","Generalist","Herb","perennial",14.0778166666667,0.97,NA
"Vicia orobus","Leguminosae","Generalist","Herb","perennial",58.019602,0.97,NA
"Viola betonicifolia","Violaceae","Generalist","Herb","perennial",1.37,0.61,NA
"Viola comollia","Violaceae","Strict","Herb","perennial",0.59,0.61,NA
"Wahlenbergia ceracea","Campanulaceae","Generalist","Herb","perennial",0.025,0.22,NA
"Wahlenbergia gloriosa","Campanulaceae","Generalist","Herb","perennial",0.046,0.22,NA
"Xerochrysum subundulatum","Compositae","Generalist","Herb","perennial",0.5958,1,NA
